community,region,date,ndvi,rainfall_mm,temp_max,temp_min,humidity,et0,lst_celsius,ndvi_anomaly,rainfall_deficit,water_balance,spei_proxy,drought_label
Bolgatanga,Upper East,2019-01-06,0.1911503250542293,0.0,33.78333333333333,20.78333333333333,28.166666666666668,42.74,35.74009502388225,0.0,0.0,-42.74,0.446082410792501,0
Bolgatanga,Upper East,2019-01-13,0.1915089385345238,0.0,35.18571428571429,20.900000000000002,26.0,48.62,38.3571154186356,0.00017930674014723924,0.0,-48.62,0.02414393471567483,0
Bolgatanga,Upper East,2019-01-20,0.19737224773585366,1.2,35.871428571428574,21.985714285714288,32.285714285714285,46.17,40.14141904015787,0.004028410627651413,0.8,-44.97,-0.36611878163921757,0
Bolgatanga,Upper East,2019-01-27,0.18659484972643794,0.0,35.3,20.057142857142857,24.142857142857142,47.58,40.37678030781655,-0.005061740536323217,-0.3,-47.58,-0.7790318357678765,0
Bolgatanga,Upper East,2019-02-03,0.1708698664200796,0.0,36.75714285714286,21.828571428571426,31.857142857142858,47.94,39.204247011549455,-0.015716609184144165,-0.3,-47.94,-0.8241589455087134,0
Bolgatanga,Upper East,2019-02-10,0.17349542376160484,0.0,36.5,23.0,22.571428571428573,54.32,38.316580151128505,-0.008587673149389158,-0.3,-54.32,-0.8736252004169387,0
Bolgatanga,Upper East,2019-02-17,0.1745850142362937,0.0,36.3,22.24285714285714,15.857142857142858,58.230000000000004,37.48442315954415,-0.0018012742998103348,0.0,-58.230000000000004,-0.988699330256073,0
Bolgatanga,Upper East,2019-02-24,0.17080295330534484,0.0,38.042857142857144,24.357142857142858,25.714285714285715,51.17,36.6522661679598,-0.0016353611254859013,0.0,-51.17,-1.0198543925579202,0
Bolgatanga,Upper East,2019-03-03,0.16702089237439602,0.0,36.142857142857146,22.957142857142856,14.285714285714286,55.05,40.34890141272206,-0.004455178545013844,0.0,-55.05,-1.0815570368381802,0
Bolgatanga,Upper East,2019-03-10,0.150096622574663,0.1,37.98571428571428,25.285714285714285,38.857142857142854,46.53,40.4603982915919,-0.015529748048011383,0.07500000000000001,-46.43,-1.0130853260967947,0
Bolgatanga,Upper East,2019-03-17,0.16054240658239166,0.0,39.34285714285714,26.47142857142857,33.857142857142854,52.72,38.85441153428189,-0.0015733121268072248,-0.025,-52.72,-0.965267946352177,0
Bolgatanga,Upper East,2019-03-24,0.15679416645938596,0.2,39.714285714285715,28.185714285714287,54.857142857142854,45.14,42.49504384745626,-0.001819355538323214,0.125,-44.94,-0.9112021975665202,0
Bolgatanga,Upper East,2019-03-31,0.13874942687537947,4.4,39.31428571428571,27.657142857142855,67.42857142857143,46.26,38.91931562586871,-0.01279622874757555,3.2250000000000005,-41.86,-0.7967355480508201,0
Bolgatanga,Upper East,2019-04-07,0.120704687291373,0.0,39.628571428571426,28.942857142857143,64.42857142857143,46.96,47.840081882281424,-0.023492984510759526,-1.1500000000000001,-46.96,-0.8013350419282517,0
Bolgatanga,Upper East,2019-04-14,0.12791264134794447,0.0,39.5,28.928571428571427,62.57142857142857,46.52,46.6030339407111,-0.008127589145576264,-1.1500000000000001,-46.52,-0.747529641852638,0
Bolgatanga,Upper East,2019-04-21,0.13512059540451593,2.7,38.771428571428565,28.614285714285717,69.0,46.660000000000004,45.365985999140776,0.0044987576747126945,0.925,-43.96,-0.7390249173245573,0
Bolgatanga,Upper East,2019-04-28,0.1306658791205924,3.8,37.57142857142857,27.842857142857145,77.0,40.51,28.14710591714106,0.00206492832948596,2.175,-36.71,-0.6943317221004593,0
Bolgatanga,Upper East,2019-05-05,0.21284387038724772,2.0,37.41428571428571,27.928571428571427,75.14285714285714,41.09,36.76626589846711,0.06120812382217258,-0.125,-39.09,-0.6260335771657695,0
Bolgatanga,Upper East,2019-05-12,0.29502186165390304,7.0,37.74285714285714,27.357142857142858,79.28571428571429,43.16,36.428994386430816,0.10160881001233826,3.125,-36.16,-0.5361264892974865,0
Bolgatanga,Upper East,2019-05-19,0.37719985292055835,14.899999999999999,35.41428571428572,27.02857142857143,77.85714285714286,39.67,36.11328969647951,0.12326698689998294,7.974999999999999,-24.770000000000003,-0.3695900977731281,0
Bolgatanga,Upper East,2019-05-26,0.2933702057999149,18.8,34.957142857142856,25.914285714285715,87.14285714285714,37.16,36.73151741585485,-0.001238741890491113,8.125,-18.359999999999996,-0.21034347012998214,0
Bolgatanga,Upper East,2019-06-02,0.2095405586792714,7.9,33.98571428571429,26.271428571428572,84.42857142857143,36.29,38.29687725997286,-0.08424256108414052,-4.25,-28.39,-0.11748576354787517,0
Bolgatanga,Upper East,2019-06-09,0.24685030424290624,7.1000000000000005,32.55714285714286,25.32857142857143,87.85714285714286,31.580000000000002,39.085014190630716,-0.03488992616775646,-5.075,-24.48,-0.016123332437687446,0
Bolgatanga,Upper East,2019-06-16,0.2841600498065411,9.200000000000001,33.614285714285714,25.357142857142858,88.0,33.57,39.87315112128857,0.025679770174382666,-1.549999999999999,-24.369999999999997,-0.012652016303776855,0
Bolgatanga,Upper East,2019-06-23,0.2307207157671268,6.8999999999999995,34.55714285714286,26.442857142857143,79.57142857142857,38.480000000000004,34.47332330865083,-0.012097191356834597,-0.8750000000000009,-31.580000000000005,-0.12737901452952033,0
Bolgatanga,Upper East,2019-06-30,0.2159648226670025,13.6,32.32857142857143,25.214285714285715,86.71428571428571,31.82,33.27235576346408,-0.028459150453891663,4.399999999999999,-18.22,-0.03912080182484483,0
Bolgatanga,Upper East,2019-07-07,0.2012089295668782,25.299999999999997,31.042857142857144,24.685714285714287,94.85714285714286,24.38,33.68998663666568,-0.03180469988500895,11.549999999999997,0.9199999999999982,0.18130777267847453,0
Bolgatanga,Upper East,2019-07-14,0.23312123122629677,21.1,29.885714285714283,23.47142857142857,95.71428571428571,26.64,34.10761750986728,0.012867306419470703,4.375,-5.539999999999999,0.3447199796823132,0
Bolgatanga,Upper East,2019-07-21,0.26503353288571535,50.8,29.25714285714286,23.285714285714285,96.85714285714286,20.89,28.31568109820489,0.03620140379924214,23.099999999999998,29.909999999999997,0.8783480523677111,0
Bolgatanga,Upper East,2019-07-28,0.2969458345451339,26.299999999999997,29.514285714285712,23.314285714285713,96.85714285714286,25.36,29.85383311999031,0.047868452489127855,-4.574999999999999,0.9399999999999977,1.0446240951820258,0
Bolgatanga,Upper East,2019-08-04,0.3288581362045525,13.5,29.900000000000002,23.457142857142856,95.71428571428571,25.67,31.391985141775724,0.047868452489127855,-14.424999999999997,-12.170000000000002,0.9310252746998035,0
Bolgatanga,Upper East,2019-08-11,0.36077043786397106,46.6,29.12857142857143,23.157142857142855,94.85714285714286,24.91,32.93013716356114,0.047868452489127855,12.300000000000004,21.69,1.1673351205157634,0
Bolgatanga,Upper East,2019-08-18,0.3926827395233896,16.9,30.02857142857143,23.785714285714285,92.14285714285714,27.3,32.512649733737625,0.047868452489127855,-8.925,-10.400000000000002,0.8175132371209288,0
Bolgatanga,Upper East,2019-08-25,0.4245950411828082,79.5,28.0,22.900000000000002,97.14285714285714,18.13,32.095162303914115,0.047868452489127855,40.375,61.370000000000005,1.341942322051464,0
Bolgatanga,Upper East,2019-09-01,0.45650734284222677,57.9,28.82857142857143,23.0,96.85714285714286,23.22,31.6776748740906,0.047868452489127855,7.674999999999997,34.68,1.7485202242357358,0
Bolgatanga,Upper East,2019-09-08,0.4884196445016453,46.4,29.47142857142857,23.32857142857143,97.85714285714286,24.21,30.63103313199724,0.047868452489127855,-3.7749999999999986,22.189999999999998,1.752859369403124,0
Bolgatanga,Upper East,2019-09-15,0.5203319461610639,31.1,29.114285714285717,23.414285714285715,97.57142857142857,23.77,31.004315782406536,0.047868452489127855,-22.625,7.330000000000002,1.9067254570387089,0
Bolgatanga,Upper East,2019-09-22,0.5522442478204825,27.3,29.514285714285712,23.771428571428572,97.28571428571429,23.560000000000002,29.842588137178268,0.047868452489127966,-13.374999999999996,3.7399999999999984,1.4065955850455476,0
Bolgatanga,Upper East,2019-09-29,0.584156549479901,11.1,30.942857142857143,23.857142857142858,97.57142857142857,26.189999999999998,30.126393773741228,0.047868452489127744,-17.875,-15.089999999999998,0.9746770750837286,0
Bolgatanga,Upper East,2019-10-06,0.4196064939603814,37.1,30.02857142857143,23.428571428571427,97.28571428571429,23.53,30.410199410304187,-0.09947831539507579,10.450000000000003,13.57,0.8998702123979564,0
Bolgatanga,Upper East,2019-10-13,0.3990458844477794,119.60000000000001,28.271428571428572,22.87142857142857,97.28571428571429,17.9,26.94632569511583,-0.08971740947935669,70.825,101.70000000000002,1.7188404712908008,0
Bolgatanga,Upper East,2019-10-20,0.5757090477919512,28.299999999999997,31.142857142857142,23.542857142857144,97.14285714285714,26.12,31.64627587252653,0.08107955387194793,-20.72500000000001,2.179999999999996,1.7053023383685497,0
Bolgatanga,Upper East,2019-10-27,0.501275064596548,5.8999999999999995,31.414285714285715,23.5,97.85714285714286,28.08,30.68915186130556,0.027365941897383006,-41.825,-22.18,1.6437732598949852,0
Bolgatanga,Upper East,2019-11-03,0.40181599691322,12.9,31.271428571428572,23.2,96.42857142857143,26.98,34.30222699588052,-0.06764550152415466,-28.775000000000006,-14.08,1.4038185321384193,0
Bolgatanga,Upper East,2019-11-10,0.4682465104284075,0.0,34.01428571428571,22.414285714285715,88.42857142857143,33.26,36.58134221233786,-0.018515144504124226,-11.774999999999999,-33.26,0.23259646855700275,0
Bolgatanga,Upper East,2019-11-17,0.40560932079879164,0.0,34.1,22.271428571428572,81.57142857142857,32.94,38.03930172609876,-0.03862740238545015,-4.7,-32.94,-0.07218508800034262,0
Bolgatanga,Upper East,2019-11-24,0.34297213116917574,0.0,35.24285714285714,22.385714285714283,70.85714285714286,34.67,39.36201824660719,-0.06168885865822299,-3.2250000000000005,-34.67,-0.18057693428169933,0
Bolgatanga,Upper East,2019-12-01,0.30399814629723143,0.0,35.98571428571429,21.928571428571427,62.0,39.72,40.68473476711563,-0.07620838087617016,0.0,-39.72,-0.403088298465365,0
Bolgatanga,Upper East,2019-12-08,0.27174508926534224,0.0,35.41428571428572,20.8,47.42857142857143,40.39,39.75520887563499,-0.05933608261729301,0.0,-40.39,-0.4649645085523203,0
Bolgatanga,Upper East,2019-12-15,0.25371076291176725,0.0,35.114285714285714,20.842857142857145,31.571428571428573,47.68,39.285675655184775,-0.03939576949911189,0.0,-47.68,-0.5928825080869238,0
Bolgatanga,Upper East,2019-12-22,0.24027220555973455,0.0,35.92857142857143,22.0,27.142857142857142,50.22,38.320303520432674,-0.02715934544878429,0.0,-50.22,-0.727829922792696,0
Bolgatanga,Upper East,2019-12-29,0.2321169596489845,0.0,35.07142857142857,20.542857142857144,24.142857142857142,50.74,35.3055644570245,-0.017344294697472618,0.0,-50.74,-0.8234646822819314,0
Bolgatanga,Upper East,2020-01-05,0.21090378000219967,0.0,31.785714285714285,18.900000000000002,18.428571428571427,52.82,31.24299653769367,-0.02334714702847185,0.0,-52.82,-0.9313358311432013,0
Bolgatanga,Upper East,2020-01-12,0.1775571228183468,0.0,35.6,21.47142857142857,30.142857142857142,46.15,34.033963203517715,-0.03765539418896957,0.0,-46.15,-0.9180580469309937,0
Bolgatanga,Upper East,2020-01-19,0.19167256801374785,0.0,35.25714285714286,22.02857142857143,21.428571428571427,55.89,34.682716773231675,-0.011390039607071828,0.0,-55.89,-0.9672639531291758,0
Bolgatanga,Upper East,2020-01-26,0.18551191094873806,0.0,36.457142857142856,22.642857142857142,20.714285714285715,56.28,37.330667947130166,-0.005899434497020017,0.0,-56.28,-1.0153416815838363,0
Bolgatanga,Upper East,2020-02-02,0.17935125388372827,0.0,36.18571428571429,21.385714285714283,14.714285714285714,58.629999999999995,39.26413783517398,-0.004171960032411964,0.0,-58.629999999999995,-1.065762548428887,0
Bolgatanga,Upper East,2020-02-09,0.19643279295570326,0.0,35.3,21.285714285714285,14.714285714285714,58.22,37.18748186711812,0.008190661505223906,0.0,-58.22,-1.1705095127696374,0
Bolgatanga,Upper East,2020-02-16,0.16584839791418277,0.0,36.25714285714286,22.585714285714285,11.714285714285714,60.54,35.11082589906226,-0.015937691011405325,0.0,-60.54,-1.2108635628263478,0
Bolgatanga,Upper East,2020-02-23,0.17991001091067027,0.0,38.628571428571426,24.228571428571428,15.0,60.18,38.581604538906845,-0.0004756030054008653,0.0,-60.18,-1.2447088951319754,0
Bolgatanga,Upper East,2020-03-01,0.1449234946338651,0.0,38.371428571428574,24.685714285714287,15.142857142857142,59.08,39.663906846268446,-0.026855179469740226,0.0,-59.08,-1.2486141257826247,0
Bolgatanga,Upper East,2020-03-08,0.172852581163134,0.0,39.371428571428574,24.87142857142857,40.142857142857146,48.99,43.87803153984174,0.006968960007670971,0.0,-48.99,-1.1685135059926393,0
Bolgatanga,Upper East,2020-03-15,0.17142129281352342,0.0,39.44285714285714,26.97142857142857,49.714285714285715,47.12,40.1443627904618,0.004144447933225215,0.0,-47.12,-1.0520508496999406,0
Bolgatanga,Upper East,2020-03-22,0.16501012981795,2.3,39.01428571428572,28.87142857142857,57.285714285714285,43.12,42.819780636356825,0.0014582552108318436,1.7249999999999999,-40.82,-0.8840391488186703,0
Bolgatanga,Upper East,2020-03-29,0.16592958395158447,3.7,37.1,26.900000000000002,73.42857142857143,39.66,42.11750107407312,-0.002873812984963503,2.2,-35.959999999999994,-0.683397076278641,0
Bolgatanga,Upper East,2020-04-05,0.16684903808521895,0.4,40.614285714285714,29.042857142857144,60.142857142857146,49.54,43.934624327124794,-0.0004534730818502586,-1.2000000000000002,-49.14,-0.6846988198288575,0
Bolgatanga,Upper East,2020-04-12,0.16776849221885343,12.6,38.385714285714286,28.071428571428573,68.57142857142857,43.29,45.75174758017647,0.0013791812004517179,7.85,-30.689999999999998,-0.542114509628482,0
Bolgatanga,Upper East,2020-04-19,0.1711988465525619,0.3,40.15714285714286,29.557142857142857,58.42857142857143,51.519999999999996,39.29508731582797,0.0032623563505072284,-3.95,-51.22,-0.6323687291101561,0
Bolgatanga,Upper East,2020-04-26,0.17462920088627037,15.899999999999999,37.542857142857144,27.900000000000002,71.0,44.19,35.465048396472014,0.004517806450544198,8.599999999999998,-28.29,-0.5658062422424213,0
Bolgatanga,Upper East,2020-05-03,0.17805955521997885,0.5,37.68571428571429,27.957142857142856,72.28571428571429,47.17,37.54961712451672,0.005145531500562711,-6.825,-46.67,-0.544370865115524,0
Bolgatanga,Upper East,2020-05-10,0.21063894470479283,11.5,36.84285714285714,27.75714285714286,73.42857142857143,40.120000000000005,37.51972781723066,0.027007307863891827,4.45,-28.620000000000005,-0.526406804122537,0
Bolgatanga,Upper East,2020-05-17,0.2432183341896068,5.6,35.67142857142857,27.357142857142858,80.14285714285714,39.43,32.33825140893117,0.04158182543944458,-2.7750000000000004,-33.83,-0.3754913352007764,0
Bolgatanga,Upper East,2020-05-24,0.3152416446145946,8.8,35.75714285714286,26.714285714285715,78.57142857142857,41.91,37.29782764998589,0.07845202493235132,2.200000000000001,-33.11,-0.4173206946143983,0
Bolgatanga,Upper East,2020-05-31,0.3207317934451136,13.7,33.57142857142857,25.814285714285713,84.14285714285714,34.55,36.114335240747636,0.04827411420658667,3.799999999999999,-20.849999999999998,-0.19324723817047273,0
Bolgatanga,Upper East,2020-06-07,0.3262219422756326,1.5999999999999999,34.642857142857146,26.014285714285712,82.42857142857143,38.1,34.93084283150938,0.024868513644395684,-5.825,-36.5,-0.26163216600851036,0
Bolgatanga,Upper East,2020-06-14,0.3274686209155516,14.5,30.985714285714288,24.057142857142857,90.14285714285714,27.84,29.38983497182141,0.005052620602828517,4.85,-13.34,-0.08381399704894296,0
Bolgatanga,Upper East,2020-06-21,0.32871529955547063,19.4,31.714285714285715,24.914285714285715,90.85714285714286,28.85,30.682449267285165,0.0029308855075285134,7.1,-9.450000000000003,0.12151435227186548,0
Bolgatanga,Upper East,2020-06-28,0.32996197819538964,2.0,32.32857142857143,25.24285714285714,85.85714285714286,32.66,34.35120863970599,0.0018700179598785116,-7.375,-30.659999999999997,0.036380324087709456,0
Bolgatanga,Upper East,2020-07-05,0.33120865683530865,6.8999999999999995,31.428571428571427,24.342857142857145,92.0,27.08,31.118490678151733,0.0018700179598785116,-3.8,-20.18,0.17801002235125957,0
Bolgatanga,Upper East,2020-07-12,0.33245533547522765,11.2,31.542857142857144,24.271428571428572,89.71428571428571,30.17,27.885772716597483,0.0018700179598785116,1.3249999999999993,-18.970000000000002,0.12915124776646875,0
Bolgatanga,Upper East,2020-07-19,0.33370201411514666,78.39999999999999,27.685714285714287,23.014285714285712,96.14285714285714,16.6,24.65305475504323,0.0018700179598785116,53.77499999999999,61.79999999999999,0.7474794341192836,0
Bolgatanga,Upper East,2020-07-26,0.33494869275506567,58.199999999999996,29.542857142857144,23.099999999999998,96.71428571428571,25.01,27.282844445802123,0.0018700179598785116,19.525,33.19,1.3015882719947538,0
Bolgatanga,Upper East,2020-08-02,0.3361953713949847,33.3,28.814285714285713,23.057142857142857,97.0,24.47,29.912634136561014,0.0018700179598785116,-11.974999999999994,8.829999999999998,1.5533454746066155,0
Bolgatanga,Upper East,2020-08-09,0.4771793031081099,5.6,29.928571428571427,22.97142857142857,89.71428571428571,27.76,32.54242382731991,0.1066729577647832,-38.27499999999999,-22.160000000000004,1.525661728438679,0
Bolgatanga,Upper East,2020-08-16,0.48527086558106625,43.3,29.37142857142857,23.057142857142857,96.14285714285714,23.35,27.914010052759124,0.07687230737125961,8.200000000000003,19.949999999999996,1.1624752779282885,0
Bolgatanga,Upper East,2020-08-23,0.49336242805402264,59.3,30.142857142857142,23.228571428571428,96.85714285714286,26.97,28.615684846367458,0.04536043601947676,23.924999999999997,32.33,1.1550119482403811,0
Bolgatanga,Upper East,2020-08-30,0.501453990526979,88.2,27.8,22.8,96.71428571428571,17.97,29.31735963997579,0.01213734370943459,39.10000000000001,70.23,1.6878589747956492,0
Bolgatanga,Upper East,2020-09-06,0.5095455529999353,97.80000000000001,27.02857142857143,22.885714285714283,97.0,16.49,25.083679819987907,0.012137343709434478,25.650000000000006,81.31000000000002,2.585801675734958,0
Bolgatanga,Upper East,2020-09-13,0.5176371154728917,78.9,28.24285714285714,22.485714285714288,97.42857142857143,20.049999999999997,20.850000000000023,0.012137343709434534,-2.1499999999999915,58.85000000000001,2.923387169757759,0
Bolgatanga,Upper East,2020-09-20,0.5257286779458481,36.7,29.24285714285714,23.285714285714285,97.0,22.66,25.99037794738311,0.012137343709434534,-38.7,14.040000000000003,2.764661239534699,0
Bolgatanga,Upper East,2020-09-27,0.5338202404188045,27.0,29.885714285714283,22.842857142857145,98.14285714285714,25.75,31.1307558947662,0.012137343709434645,-33.1,1.25,2.1660327722418264,0
Bolgatanga,Upper East,2020-10-04,0.5419118028917609,65.7,29.157142857142855,22.842857142857145,96.85714285714286,24.16,31.684884758270442,0.012137343709434534,13.625,41.540000000000006,1.8208971656277708,0
Bolgatanga,Upper East,2020-10-11,0.5500033653647172,24.6,29.599999999999998,22.771428571428572,97.14285714285714,24.150000000000002,32.23901362177469,0.012137343709434534,-13.899999999999999,0.4499999999999993,1.3140850100768318,0
Bolgatanga,Upper East,2020-10-18,0.5580949278376736,5.7,31.12857142857143,23.228571428571428,97.14285714285714,28.99,33.08846773989745,0.012137343709434534,-25.05,-23.29,0.9901244318796305,0
Bolgatanga,Upper East,2020-10-25,0.5085593659768024,0.7,32.971428571428575,22.442857142857143,92.0,33.56,34.848442214865145,-0.031082999540936074,-23.475,-32.86,0.6941079485604091,0
Bolgatanga,Upper East,2020-11-01,0.4465959074472221,0.0,33.81428571428571,19.814285714285713,79.57142857142857,37.38,36.6476395663272,-0.06921748420938167,-7.75,-37.38,0.009217275339859516,0
Bolgatanga,Upper East,2020-11-08,0.34206107671668856,0.0,34.74285714285714,21.785714285714285,64.28571428571429,41.13,38.810650003790784,-0.12176674277790811,-1.6,-41.13,-0.35162603678014115,0
Bolgatanga,Upper East,2020-11-15,0.3052519082883195,0.0,34.714285714285715,22.52857142857143,45.42857142857143,46.31,39.26284477747731,-0.0953651563189386,-0.175,-46.31,-0.5514002802866929,0
Bolgatanga,Upper East,2020-11-22,0.26844273985995043,0.0,35.05714285714286,22.385714285714283,41.42857142857143,46.04,39.71503955116384,-0.07214516821809475,0.0,-46.04,-0.6657801468990452,0
Bolgatanga,Upper East,2020-11-29,0.25859413022997835,0.0,35.05714285714286,22.314285714285713,50.57142857142857,37.9,41.40133917966085,-0.03499333354375589,0.0,-37.9,-0.6702928578731288,0
Bolgatanga,Upper East,2020-12-06,0.24874552060000626,0.0,36.4,20.957142857142856,46.42857142857143,41.34,42.67943794384496,-0.021513054144557398,0.0,-41.34,-0.6721152988434319,0
Bolgatanga,Upper East,2020-12-13,0.23070937056309251,0.0,36.58571428571429,21.885714285714283,46.0,38.15,41.66127650433418,-0.020913569750164368,0.0,-38.15,-0.6013004497116569,0
Bolgatanga,Upper East,2020-12-20,0.21314878768651424,0.0,36.02857142857143,22.3,37.285714285714285,42.83,39.205976901109466,-0.024650664583383608,0.0,-42.83,-0.5734431377370247,0
Bolgatanga,Upper East,2020-12-27,0.20956222661067803,0.0,35.471428571428575,22.271428571428572,23.714285714285715,50.96,38.87869746518743,-0.015979249754394742,0.0,-50.96,-0.6867816095092039,0
Bolgatanga,Upper East,2021-01-03,0.2157393992029126,0.0,35.857142857142854,21.214285714285715,30.285714285714285,46.95,41.387268063382805,-0.0015505468128867717,0.0,-46.95,-0.7354668182872991,0
Bolgatanga,Upper East,2021-01-10,0.2079483946724472,0.0,38.07142857142857,22.885714285714283,32.0,48.97,40.137458363870735,-0.003651307370690804,0.0,-48.97,-0.8293659197095792,0
Bolgatanga,Upper East,2021-01-17,0.20526453358690097,0.0,36.32857142857143,22.3,21.0,52.66,37.75317268568841,-0.004364104931333712,0.0,-52.66,-0.9146735137004308,0
Bolgatanga,Upper East,2021-01-24,0.1999323804029985,0.0,35.34285714285714,21.428571428571427,19.0,56.67,37.19711832495142,-0.007288796563316324,0.0,-56.67,-0.9642265515120039,0
Bolgatanga,Upper East,2021-01-31,0.1798553066323979,0.0,36.9,22.599999999999998,16.142857142857142,58.06,36.641063964214425,-0.018394847191288227,0.0,-58.06,-1.0606423571313692,0
Bolgatanga,Upper East,2021-02-07,0.18409445073788955,0.0,37.457142857142856,23.357142857142858,17.0,55.85,37.82030175137095,-0.008192217102157201,0.0,-55.85,-1.1203489946346301,0
Bolgatanga,Upper East,2021-02-14,0.19092595465338086,0.0,38.714285714285715,23.685714285714287,17.714285714285715,56.11,41.91361520382134,0.0022239315467141585,0.0,-56.11,-1.1502890962896088,0
Bolgatanga,Upper East,2021-02-21,0.16889909823834154,0.0,36.51428571428572,24.228571428571428,25.714285714285715,57.7,36.6688465718114,-0.012044604327160924,0.0,-57.7,-1.1592277353344285,0
Bolgatanga,Upper East,2021-02-28,0.0910585778814189,0.0,37.1,23.185714285714287,13.0,61.28,36.369020192575135,-0.06768594249633882,0.0,-61.28,-1.1871718302124084,1
Bolgatanga,Upper East,2021-03-07,0.14288478412540812,0.0,39.357142857142854,26.614285714285717,31.142857142857142,54.93,45.270808461169054,-0.005557319599229227,0.0,-54.93,-1.179187803104414,0
Bolgatanga,Upper East,2021-03-14,0.1415466746111037,0.2,37.871428571428574,27.614285714285717,49.42857142857143,43.53,39.85043493644008,0.005449390897035639,0.15000000000000002,-43.33,-1.0682792526259721,0
Bolgatanga,Upper East,2021-03-21,0.1402085650967993,0.2,37.81428571428571,27.685714285714287,55.0,42.06,38.984242715256926,0.01128391466811679,0.1,-41.86,-0.9308151337231149,0
Bolgatanga,Upper East,2021-03-28,0.0518898913138964,0.0,38.957142857142856,27.685714285714287,65.42857142857143,48.519999999999996,38.11805049407377,-0.06724258747290549,-0.1,-48.519999999999996,-0.8200801490513685,0
Bolgatanga,Upper East,2021-04-04,0.15285017738620732,0.0,39.285714285714285,26.114285714285717,18.428571428571427,61.63,41.195461851449465,0.031226350284205645,-0.1,-61.63,-0.87822469429437,0
Bolgatanga,Upper East,2021-04-11,0.1343830696747398,0.0,40.17142857142857,28.442857142857143,51.714285714285715,49.67,43.4545404230584,0.014550143806829105,-0.05,-49.67,-0.9332450550168523,0
Bolgatanga,Upper East,2021-04-18,0.1425377765098581,2.1,39.4,29.25714285714286,57.142857142857146,50.18,46.37616897065868,0.022122547788682695,1.5750000000000002,-48.08,-0.987224020899161,0
Bolgatanga,Upper East,2021-04-25,0.14418204410244573,0.1,38.51428571428572,28.900000000000002,64.14285714285714,45.730000000000004,44.16601051328058,0.0006937771841329932,-0.45000000000000007,-45.63,-0.9621437618316576,0
Bolgatanga,Upper East,2021-05-02,0.14582631169503338,3.5,38.9,28.142857142857142,66.28571428571429,47.66,34.02737798264644,0.004094011199514136,2.075,-44.16,-0.8105340296831146,0
Bolgatanga,Upper East,2021-05-09,0.17762919745989908,23.5,36.42857142857143,26.657142857142855,76.57142857142857,41.41,40.24289064671831,0.02508536501809,16.2,-17.909999999999997,-0.5349115286506178,0
Bolgatanga,Upper East,2021-05-16,0.20943208322476475,1.2,36.785714285714285,27.0,71.28571428571429,43.49,39.123281356617525,0.040164674104229026,-5.874999999999999,-42.29,-0.48466422761226247,0
Bolgatanga,Upper East,2021-05-23,0.2054289847876638,1.3,36.92857142857143,27.914285714285715,68.42857142857143,44.3,38.00367206651674,0.020849840495823557,-6.075,-43.0,-0.4618403240318007,0
Bolgatanga,Upper East,2021-05-30,0.20142588635056285,2.1,36.385714285714286,28.085714285714285,70.42857142857143,42.26,38.63062225485106,0.002946848394840218,-4.925000000000001,-40.16,-0.4271271626926953,0
Bolgatanga,Upper East,2021-06-06,0.26417189946086783,1.6,35.74285714285714,27.099999999999998,74.14285714285714,43.49,31.700223659935773,0.04405718600490302,0.050000000000000044,-41.89,-0.6352325649206322,0
Bolgatanga,Upper East,2021-06-13,0.3046479199144405,5.3,33.371428571428574,25.8,86.28571428571429,33.79,34.554971821375204,0.06072924728605675,2.7249999999999996,-28.49,-0.5154721583007186,0
Bolgatanga,Upper East,2021-06-20,0.31940607092476314,3.5,33.42857142857143,26.0,82.0,35.379999999999995,33.531983876266736,0.04699312676210454,0.375,-31.879999999999995,-0.41896956977800554,0
Bolgatanga,Upper East,2021-06-27,0.30089361307767193,13.8,30.52857142857143,23.571428571428573,92.57142857142857,27.54,32.50899593115827,0.003613737233236103,7.75,-13.739999999999998,-0.18968913913321447,0
Bolgatanga,Upper East,2021-07-04,0.2823811552305807,6.4,32.18571428571429,24.142857142857142,88.14285714285714,33.12,30.79671106168979,-0.019451034556283386,-0.8499999999999996,-26.72,-0.05803947475465708,0
Bolgatanga,Upper East,2021-07-11,0.2638686973834895,37.5,31.357142857142858,24.428571428571427,89.28571428571429,31.37,31.73088986628079,-0.02776868677063682,22.2,6.129999999999999,0.24240293663530024,0
Bolgatanga,Upper East,2021-07-18,0.24535623953639832,19.8,30.014285714285712,23.728571428571428,94.42857142857143,25.84,32.66506867087179,-0.02776868677063679,0.4250000000000007,-6.039999999999999,0.46664995888592103,0
Bolgatanga,Upper East,2021-07-25,0.2268437816893071,8.399999999999999,30.185714285714287,24.0,90.42857142857143,29.89,31.989288474217176,-0.02776868677063679,-9.625000000000004,-21.490000000000002,0.39939320879140433,0
Bolgatanga,Upper East,2021-08-01,0.2819444217217106,111.60000000000001,28.557142857142857,23.24285714285714,95.71428571428571,21.43,31.31350827756256,0.02744113663898423,67.275,90.17000000000002,1.413798566023412,0
Bolgatanga,Upper East,2021-08-08,0.33704506175411403,51.9,28.728571428571428,23.057142857142857,96.85714285714286,22.63,29.85892012779556,0.0642476855787315,3.9749999999999943,29.27,1.614614204370137,0
Bolgatanga,Upper East,2021-08-15,0.39214570178651753,35.4,27.771428571428572,23.0,97.0,20.85,28.814526648223705,0.08265096004860523,-16.425000000000004,14.549999999999997,1.793300202363182,0
Bolgatanga,Upper East,2021-08-22,0.447246341818921,39.2,28.12857142857143,22.771428571428572,97.85714285714286,20.33,30.71000000000004,0.08265096004860523,-20.325000000000003,18.870000000000005,2.1435560002747556,0
Bolgatanga,Upper East,2021-08-29,0.5023469818513244,74.0,28.585714285714285,23.02857142857143,97.28571428571429,21.31,24.74422694094227,0.08265096004860517,23.875,52.69,1.8182936785273378,0
Bolgatanga,Upper East,2021-09-05,0.5132832960719168,40.2,28.585714285714285,23.042857142857144,96.57142857142857,21.58,28.707167932297352,0.0495277156897469,-7.0,18.620000000000005,1.7258698864619697,0
Bolgatanga,Upper East,2021-09-12,0.5242196102925093,45.8,29.24285714285714,22.928571428571427,97.42857142857143,25.240000000000002,32.670108923652435,0.02744555278384142,-4.000000000000007,20.559999999999995,1.7780264113739754,0
Bolgatanga,Upper East,2021-09-19,0.5351559245131017,11.8,29.87142857142857,22.900000000000002,96.71428571428571,26.83,30.30818418458898,0.016404471330888626,-31.150000000000002,-15.029999999999998,1.4838323690250572,0
Bolgatanga,Upper East,2021-09-26,0.5201470006016343,3.3000000000000003,30.414285714285715,23.428571428571427,96.57142857142857,29.29,30.0055969679633,-0.00305445726815623,-21.974999999999998,-25.99,0.801024485484854,0
Bolgatanga,Upper East,2021-10-03,0.505138076690167,20.7,30.74285714285714,23.314285714285713,95.85714285714286,29.580000000000002,30.59659758902177,-0.016027076334186097,0.3000000000000007,-8.880000000000003,0.5623715012785042,0
Bolgatanga,Upper East,2021-10-10,0.3040260221939317,0.5,32.92857142857143,24.057142857142857,93.85714285714286,33.3,33.182397078521035,-0.162090733805777,-8.575,-32.8,0.09929792901483812,0
Bolgatanga,Upper East,2021-10-17,0.494099649430093,0.4,34.357142857142854,24.12857142857143,86.42857142857143,36.67,34.15356642826464,0.03824696220113649,-5.824999999999999,-36.27,-0.08502895769581154,0
Bolgatanga,Upper East,2021-10-24,0.4083026841348238,25.7,30.97142857142857,23.328571428571426,95.42857142857143,27.490000000000002,34.12777350956554,-0.019588923977430117,13.875,-1.7900000000000027,0.12498566840577607,0
Bolgatanga,Upper East,2021-10-31,0.3225057188395546,0.7,33.22857142857143,23.0,92.0,33.21,35.18631731911344,-0.05972779981004617,-6.124999999999999,-32.51,-0.08008233220498895,0
Bolgatanga,Upper East,2021-11-07,0.3776850129396503,0.9,33.857142857142854,22.157142857142855,84.42857142857143,34.28,36.24486112866134,-0.022963253396380168,-6.0249999999999995,-33.38,-0.08511574059915934,0
Bolgatanga,Upper East,2021-11-14,0.3483448630052065,2.7,33.957142857142856,23.25714285714286,80.42857142857143,32.82,37.92206045136345,-0.015864706724602273,-4.8,-30.12,-0.031744255040284726,0
Bolgatanga,Upper East,2021-11-21,0.3190047130707627,0.0,35.371428571428574,20.685714285714287,68.42857142857143,36.6,41.57110692713985,-0.022880363893030775,-1.0750000000000002,-36.6,-0.33383554159384954,0
Bolgatanga,Upper East,2021-11-28,0.2802008631671864,0.0,36.41428571428572,19.82857142857143,61.0,37.91,40.65091460486747,-0.051107999878515054,-0.9,-37.91,-0.3806983094016419,0
Bolgatanga,Upper East,2021-12-05,0.25303646303048133,0.0,36.5,20.82857142857143,42.142857142857146,43.5,38.35888220576709,-0.04711026253792788,-0.675,-43.5,-0.4685226075895786,0
Bolgatanga,Upper East,2021-12-12,0.21249503666578365,0.0,35.885714285714286,20.97142857142857,29.142857142857142,47.71,35.21315347873349,-0.05368923231776987,0.0,-47.71,-0.6211737345782946,0
Bolgatanga,Upper East,2021-12-19,0.2268235059846058,0.0,35.285714285714285,21.87142857142857,24.857142857142858,51.24,37.15380853698599,-0.016315461227408512,0.0,-51.24,-0.7482239050794206,0
Bolgatanga,Upper East,2021-12-26,0.1972142267875439,0.0,34.98571428571429,21.7,23.571428571428573,52.14,37.25055902347795,-0.02517808132955973,0.0,-52.14,-0.8717159765432877,0
Bolgatanga,Upper East,2022-01-02,0.21069164770906937,0.0,34.871428571428574,21.599999999999998,18.571428571428573,53.58,37.347309509969904,-0.0011144565776813053,0.0,-53.58,-0.9591931431178332,0
Bolgatanga,Upper East,2022-01-09,0.18493712328928774,0.0,33.51428571428571,21.400000000000002,25.0,48.89,37.95809244610689,-0.01997950265333895,0.0,-48.89,-0.9694335257128696,0
Bolgatanga,Upper East,2022-01-16,0.18943601422044312,0.0,35.357142857142854,21.771428571428572,17.428571428571427,55.5,36.97599711895688,-0.0061337387811429,0.0,-55.5,-1.0064030425390167,0
Bolgatanga,Upper East,2022-01-23,0.18450949398613176,0.0,32.92857142857143,19.914285714285715,15.571428571428571,56.15,35.99390179180688,-0.007884075815101255,0.0,-56.15,-1.0412029867814698,0
Bolgatanga,Upper East,2022-01-30,0.19809940312660052,0.0,34.714285714285715,21.17142857142857,15.714285714285714,58.260000000000005,35.619919634056885,0.008853894470984724,0.0,-58.260000000000005,-1.0818173855482232,0
Bolgatanga,Upper East,2022-02-06,0.18398848632294434,0.0,34.67142857142857,20.542857142857144,13.428571428571429,57.12,35.5315120422552,-0.005019863091085597,0.0,-57.12,-1.1532397150034326,0
Bolgatanga,Upper East,2022-02-13,0.19217443849200325,0.0,37.357142857142854,22.557142857142857,16.857142857142858,56.47,41.05620384644533,0.002481483010083302,0.0,-56.47,-1.1616576566281656,0
Bolgatanga,Upper East,2022-02-20,0.17605550682922116,0.0,38.84285714285714,24.428571428571427,17.714285714285715,59.73,39.61353231064726,-0.01152395186347116,0.0,-59.73,-1.192725936026665,0
Bolgatanga,Upper East,2022-02-27,0.1829496949536209,0.0,38.15714285714286,24.114285714285717,16.428571428571427,57.92,38.17212691753633,-0.0008423366958265066,0.0,-57.92,-1.189775317312841,0
Bolgatanga,Upper East,2022-03-06,0.17611437145915498,0.1,38.82857142857143,26.642857142857142,47.42857142857143,46.07,42.0421377846294,-0.005709131474345097,0.07500000000000001,-45.97,-1.0930123800800848,0
Bolgatanga,Upper East,2022-03-13,0.1692790479646891,0.0,39.65714285714286,26.74285714285714,32.142857142857146,53.88,38.175820712679865,-0.006820607336982448,-0.025,-53.88,-1.0705356081130142,0
Bolgatanga,Upper East,2022-03-20,0.17649124361939933,8.7,38.114285714285714,26.957142857142856,64.14285714285714,42.42,34.30950364073033,0.00028265412018324554,6.5,-33.72,-0.8448132765054811,0
Bolgatanga,Upper East,2022-03-27,0.18370343927410954,0.6,38.92857142857143,27.957142857142856,59.0,44.73,38.81756981475411,0.007306413694771308,-1.7499999999999996,-44.129999999999995,-0.7251396527889152,0
Bolgatanga,Upper East,2022-04-03,0.19091563492881977,0.7999999999999999,38.48571428571428,27.442857142857143,45.714285714285715,49.27,39.18913821425849,0.010818293482065339,-1.725,-48.470000000000006,-0.7468353786258561,0
Bolgatanga,Upper East,2022-04-10,0.19812783058352998,2.1,39.042857142857144,27.785714285714285,64.85714285714286,47.63,36.77544147661723,0.010818293482065339,-0.9499999999999997,-45.53,-0.6743716543304736,0
Bolgatanga,Upper East,2022-04-17,0.20534002623824021,22.7,37.285714285714285,25.857142857142858,75.71428571428571,44.57,40.71614132370155,0.010818293482065311,16.15,-21.87,-0.5715339138633739,0
Bolgatanga,Upper East,2022-04-24,0.21255222189295042,22.799999999999997,37.25714285714286,26.228571428571428,73.14285714285714,42.08,42.180512522429126,0.010818293482065311,10.7,-19.28,-0.35587839904418167,0
Bolgatanga,Upper East,2022-05-01,0.21976441754766066,19.0,36.542857142857144,26.2,72.28571428571429,38.370000000000005,41.554548155988265,0.010818293482065339,2.3500000000000014,-19.370000000000005,-0.10334015030218975,0
Bolgatanga,Upper East,2022-05-08,0.2269766132023709,2.7,36.08571428571429,26.642857142857142,76.71428571428571,40.2,40.928583789547396,0.010818293482065339,-14.100000000000001,-37.5,-0.03365347891393552,0
Bolgatanga,Upper East,2022-05-15,0.2341888088570811,22.599999999999998,36.128571428571426,26.042857142857144,84.0,41.58,40.302619423106535,0.010818293482065311,5.824999999999999,-18.98,-0.008573219846431857,0
Bolgatanga,Upper East,2022-05-22,0.26696054081319115,27.0,33.885714285714286,25.25714285714286,83.71428571428571,35.67,32.72410113712726,0.02998794570811522,9.175,-8.670000000000002,0.08350344060554522,0
Bolgatanga,Upper East,2022-05-29,0.29973227276930126,4.6,33.17142857142857,24.585714285714285,87.85714285714286,36.12,36.49749071242627,0.04276771385881517,-9.625,-31.519999999999996,-0.02193778696198737,0
Bolgatanga,Upper East,2022-06-05,0.3325040047254113,4.9,34.9,25.314285714285713,79.28571428571429,41.07,31.906315412186245,0.049157597934165076,-9.874999999999998,-36.17,-0.010395660816734835,0
Bolgatanga,Upper East,2022-06-12,0.35666872498563323,19.8,32.22857142857143,24.37142857142857,88.0,33.59,37.22682390375627,0.042702339162249026,5.725,-13.790000000000003,0.03464466602075441,0
Bolgatanga,Upper East,2022-06-19,0.3808334452458551,51.7,30.157142857142855,23.485714285714288,93.57142857142857,26.240000000000002,30.9807283479492,0.03839883331430488,31.450000000000003,25.46,0.33083471514667134,0
Bolgatanga,Upper East,2022-06-26,0.40499816550607703,32.4,30.7,22.7,94.71428571428571,30.439999999999998,32.11795269412013,0.036247080390332864,5.199999999999996,1.9600000000000009,0.6213838755549835,0
Bolgatanga,Upper East,2022-07-03,0.4116996539554782,28.0,29.857142857142858,23.342857142857145,93.71428571428571,25.310000000000002,33.25517704029106,0.02314965653221729,-4.975000000000001,2.6899999999999977,0.9586222379643925,0
Bolgatanga,Upper East,2022-07-10,0.4184011424048794,14.0,31.542857142857144,23.385714285714283,93.57142857142857,30.64,34.392401386461984,0.014418040626807016,-17.525,-16.64,0.93388911051028,0
Bolgatanga,Upper East,2022-07-17,0.42510263085428057,20.3,30.814285714285713,23.614285714285717,91.28571428571429,27.92,35.075472854929615,0.010052232674101769,-3.375,-7.620000000000001,0.6468112662358781,0
Bolgatanga,Upper East,2022-07-24,0.43180411930368173,67.9,28.771428571428572,22.442857142857143,95.42857142857143,25.69,29.380224649726927,0.010052232674101769,35.35,42.21000000000001,0.9961124522106264,0
Bolgatanga,Upper East,2022-07-31,0.4385056077530829,41.9,29.542857142857144,22.67142857142857,94.71428571428571,25.89,30.53672629755701,0.010052232674101769,5.874999999999993,16.009999999999998,1.1117072794698475,0
Bolgatanga,Upper East,2022-08-07,0.4452070962024841,15.1,29.357142857142858,22.485714285714288,95.0,28.42,31.693227945387093,0.010052232674101824,-21.200000000000003,-13.320000000000002,1.140519203381305,0
Bolgatanga,Upper East,2022-08-14,0.45190858465188527,35.0,29.485714285714288,23.285714285714285,96.14285714285714,23.84,33.03229090017163,0.010052232674101769,-4.9750000000000085,11.16,1.3034974958684047,0
Bolgatanga,Upper East,2022-08-21,0.45861007310128643,38.6,28.75714285714286,22.2,96.14285714285714,25.75,28.13993343111821,0.010052232674101713,5.949999999999996,12.850000000000001,1.048702891639371,0
Bolgatanga,Upper East,2022-08-28,0.46531156155068765,63.599999999999994,28.385714285714283,22.385714285714283,96.71428571428571,22.310000000000002,28.715456145411736,0.010052232674101769,25.52499999999999,41.28999999999999,1.2680900713025172,0
Bolgatanga,Upper East,2022-09-04,0.4720130500000888,58.5,28.87142857142857,22.442857142857143,96.42857142857143,23.84,29.290978859705262,0.010052232674101769,9.574999999999996,34.66,1.6844744415650865,0
Bolgatanga,Upper East,2022-09-11,0.47871453844948997,67.4,28.62857142857143,22.599999999999998,97.85714285714286,23.580000000000002,25.55000000000001,0.010052232674101769,10.375,43.82000000000001,1.967907403898882,0
Bolgatanga,Upper East,2022-09-18,0.4854160268988912,91.0,28.314285714285713,21.942857142857143,96.85714285714286,21.42,26.36659129451664,0.010052232674101769,20.875,69.58,2.4602268145907447,0
Bolgatanga,Upper East,2022-09-25,0.49211751534829234,50.4,28.900000000000002,22.32857142857143,98.57142857142857,24.95,29.18175791201935,0.010052232674101769,-16.425000000000004,25.45,2.3227626956878873,0
Bolgatanga,Upper East,2022-10-02,0.4988190037976935,12.8,28.685714285714287,22.314285714285713,98.0,23.44,29.648820794055894,0.010052232674101713,-42.60000000000001,-10.64,1.9296361435225187,0
Bolgatanga,Upper East,2022-10-09,0.5055204922470947,12.299999999999999,30.314285714285713,22.2,96.85714285714286,27.37,29.598005762086476,0.010052232674101769,-29.32500000000001,-15.070000000000002,1.4185716257075391,0
Bolgatanga,Upper East,2022-10-16,0.5122219806964958,10.600000000000001,31.385714285714283,22.385714285714283,96.42857142857143,29.38,31.527010454311895,0.010052232674101713,-10.925000000000004,-18.779999999999998,0.6517578917267008,0
Bolgatanga,Upper East,2022-10-23,0.518923469145897,0.0,32.81428571428571,21.928571428571427,87.14285714285714,34.82,33.45601514653731,0.010052232674101713,-8.925000000000008,-34.82,0.1287173332497301,0
Bolgatanga,Upper East,2022-10-30,0.4454963912457261,0.0,34.4,21.414285714285715,74.71428571428571,39.35,35.38501983876273,-0.050044192088077366,-5.725000000000007,-39.35,-0.12043638226169891,0
Bolgatanga,Upper East,2022-11-06,0.373935485937222,0.0,35.1,22.557142857142857,56.57142857142857,43.0,37.28329576183393,-0.08870884581911326,-2.6500000000000075,-43.0,-0.36282103131200255,0
Bolgatanga,Upper East,2022-11-13,0.30576615496068893,0.0,34.94285714285714,21.7,63.285714285714285,38.96,38.65460512016978,-0.10526422036169458,0.0,-38.96,-0.5379489302677891,0
Bolgatanga,Upper East,2022-11-20,0.3143604096012706,0.0,35.1,20.771428571428572,48.57142857142857,44.13,37.08830877707305,-0.04552920083495632,0.0,-44.13,-0.6187438132845573,0
Bolgatanga,Upper East,2022-11-27,0.2846761131362042,0.0,35.528571428571425,20.5,38.285714285714285,45.89,37.92698476079755,-0.03500842777264218,0.0,-45.89,-0.6754998320739942,0
Bolgatanga,Upper East,2022-12-04,0.2566876252933225,0.0,34.371428571428574,21.599999999999998,52.57142857142857,35.43,37.09662286133101,-0.033684950454549056,0.0,-35.43,-0.6098051742397373,0
Bolgatanga,Upper East,2022-12-11,0.1806425922644136,0.0,36.0,21.942857142857143,30.714285714285715,48.56,37.09152366751744,-0.07844909280938916,0.0,-48.56,-0.6931167614535902,0
Bolgatanga,Upper East,2022-12-18,0.219444812361354,0.0,35.72857142857143,20.8,25.0,48.33,35.39832811038943,-0.015917973402469587,0.0,-48.33,-0.7295655808596511,0
Bolgatanga,Upper East,2022-12-25,0.21220606564884467,0.0,32.81428571428571,20.62857142857143,22.857142857142858,50.769999999999996,33.70513255326142,-0.005039208243139026,0.0,-50.769999999999996,-0.7719156376933597,0
Bolgatanga,Upper East,2023-01-01,0.20496731893633535,0.0,33.528571428571425,20.557142857142857,22.714285714285715,52.65,33.105470317672854,0.000652121633598457,0.0,-52.65,-0.9213557972582084,0
Bolgatanga,Upper East,2023-01-08,0.15325754857804536,0.0,34.471428571428575,20.74285714285714,24.285714285714285,50.79,34.70073043291454,-0.044211387803099494,0.0,-50.79,-0.9407083847047596,0
Bolgatanga,Upper East,2023-01-15,0.1873534206406848,0.0,34.57142857142857,21.085714285714285,19.285714285714285,53.39,36.29599054815623,-0.002092667810292742,0.0,-53.39,-0.9846205337987279,0
Bolgatanga,Upper East,2023-01-22,0.20144710769036922,0.0,35.5,20.785714285714285,23.142857142857142,50.13,37.80075336753521,0.014690758729010545,0.0,-50.13,-0.9790664279844712,0
Bolgatanga,Upper East,2023-01-29,0.20157657690571135,0.0,36.92857142857143,21.885714285714283,25.857142857142858,46.62,38.08334554828264,0.015667913452008658,0.0,-46.62,-0.9267363372657698,0
Bolgatanga,Upper East,2023-02-05,0.1788105396397927,0.0,37.74285714285714,22.900000000000002,19.142857142857142,54.64,36.84488210467799,-0.01348637157934679,0.0,-54.64,-0.9601477550546587,0
Bolgatanga,Upper East,2023-02-12,0.1911222659050801,0.0,38.214285714285715,24.385714285714283,21.571428571428573,56.22,38.5442187065633,-0.0021168566301582314,0.0,-56.22,-0.9847073167020757,0
Bolgatanga,Upper East,2023-02-19,0.18281478765972553,0.0,35.91428571428572,22.67142857142857,16.714285714285715,61.489999999999995,37.00154641259565,-0.005766254867851872,0.0,-61.489999999999995,-1.0832926949051351,0
Bolgatanga,Upper East,2023-02-26,0.15162900612002264,0.0,38.74285714285714,23.82857142857143,20.285714285714285,54.86,42.45662033409985,-0.024465143711132592,0.0,-54.86,-1.154801807263692,0
Bolgatanga,Upper East,2023-03-05,0.1042694063967794,0.0,39.15714285714286,25.67142857142857,42.57142857142857,48.0,42.5094212641209,-0.05318946012362252,0.0,-48.0,-1.0971779594407771,1
Bolgatanga,Upper East,2023-03-12,0.133398797783226,0.4,39.75714285714286,26.685714285714287,43.0,50.42,42.56222219414195,-0.009629201706712387,0.29999999999999294,-50.02,-1.043372559365164,0
Bolgatanga,Upper East,2023-03-19,0.1625281891696726,0.4,38.542857142857144,25.75714285714286,46.142857142857146,49.28,43.01723900022745,0.024571839302247434,0.1999999999999929,-48.88,-0.9339393182436341,0
Bolgatanga,Upper East,2023-03-26,0.1895528522647035,3.3000000000000003,36.642857142857146,25.585714285714285,65.14285714285714,40.57,37.11068095455221,0.042115540861108136,2.2749999999999932,-37.27,-0.7812881912549182,0
Bolgatanga,Upper East,2023-04-02,0.2165775153597344,10.6,37.92857142857143,25.514285714285712,61.142857142857146,43.7,37.56598220829443,0.041063176715400274,6.924999999999993,-33.1,-0.6519816652667505,0
Bolgatanga,Upper East,2023-04-09,0.2279593232174368,21.799999999999997,38.1,25.942857142857143,71.85714285714286,42.83,38.80777376228866,0.02880485321454998,12.774999999999991,-21.03,-0.40039802846158407,0
Bolgatanga,Upper East,2023-04-16,0.2393411310751392,0.0,39.971428571428575,26.7,62.0,50.18,41.73253228537487,0.02098342559588573,-8.925000000000006,-50.18,-0.41167980589679337,0
Bolgatanga,Upper East,2023-04-23,0.24199280932443978,2.9000000000000004,38.67142857142857,28.228571428571428,65.0,48.05,37.48301296469458,0.010525114580252237,-5.925000000000004,-45.15,-0.480064733734831,0
Bolgatanga,Upper East,2023-04-30,0.24464448757374033,14.2,37.028571428571425,25.814285714285713,79.28571428571429,42.04,37.20130758927439,0.006160049776051307,4.474999999999994,-27.84,-0.43441692657390746,0
Bolgatanga,Upper East,2023-05-07,0.2472961658230409,12.4,36.91428571428571,26.185714285714287,76.42857142857143,42.13,36.919602213854205,0.003977517373950856,5.024999999999994,-29.730000000000004,-0.5099180524864616,0
Bolgatanga,Upper East,2023-05-14,0.1975573249804767,32.5,35.91428571428571,26.185714285714287,83.28571428571429,38.24,38.61206035485003,-0.03531537194494774,16.999999999999993,-5.740000000000002,-0.1242548300090006,0
Bolgatanga,Upper East,2023-05-21,0.1946569934898578,2.7,34.871428571428574,25.914285714285715,81.71428571428571,38.86,36.16321918673697,-0.026381749476921124,-12.750000000000007,-36.16,-0.04623699989936113,0
Bolgatanga,Upper East,2023-05-28,0.2420516114333234,6.0,36.1,26.357142857142858,82.42857142857143,40.03,36.2847311917551,0.02166108750164869,-7.4000000000000075,-34.03,-0.09995561707162672,0
Bolgatanga,Upper East,2023-06-04,0.26359527971635816,1.4,36.07142857142857,27.0,74.71428571428571,41.620000000000005,36.40624319677323,0.03912997731135415,-9.250000000000007,-40.220000000000006,-0.19099088268343073,0
Bolgatanga,Upper East,2023-06-11,0.2851389479993929,13.2,35.3,26.24285714285714,78.0,40.15,36.68874410163341,0.038778239839659834,7.374999999999993,-26.95,-0.3750574206840372,0
Bolgatanga,Upper East,2023-06-18,0.3066826162824276,22.599999999999998,33.128571428571426,25.2,86.0,31.26,34.76156108411637,0.03231550242455211,11.79999999999999,-8.660000000000004,-0.13640443647768755,0
Bolgatanga,Upper East,2023-06-25,0.3282262845654623,44.099999999999994,31.599999999999998,23.842857142857145,92.14285714285714,29.98,32.83437806659934,0.03231550242455211,23.774999999999988,14.119999999999994,0.2814552431417937,0
Bolgatanga,Upper East,2023-07-02,0.34976995284849705,31.2,30.8,23.585714285714285,93.57142857142857,25.07,30.907195049082304,0.03231550242455211,3.4249999999999936,6.129999999999999,0.6836940001586777,0
Bolgatanga,Upper East,2023-07-09,0.37131362113153177,31.4,32.92857142857143,24.37142857142857,91.71428571428571,31.36,30.827543933940262,0.032315502424552056,-0.9250000000000114,0.03999999999999915,0.9179210562942913,0
Bolgatanga,Upper East,2023-07-16,0.39285728941456655,15.0,31.585714285714285,24.271428571428572,89.57142857142857,28.37,31.209551447600973,0.03231550242455217,-15.425000000000008,-13.370000000000001,0.8770463088174948,0
Bolgatanga,Upper East,2023-07-23,0.4144009576976012,43.3,31.014285714285712,23.942857142857143,94.85714285714286,25.580000000000002,31.10533220050968,0.032315502424552056,13.074999999999992,17.719999999999995,0.9082881540226896,0
Bolgatanga,Upper East,2023-07-30,0.435944625980636,48.0,31.157142857142855,23.62857142857143,95.0,26.73,29.232996387709647,0.03231550242455217,13.574999999999989,21.27,1.0396774696912034,0
Bolgatanga,Upper East,2023-08-06,0.45748829426367066,29.9,30.400000000000002,23.47142857142857,94.85714285714286,25.99,27.360660574909616,0.032315502424552056,-4.150000000000006,3.91,1.073262453286788,0
Bolgatanga,Upper East,2023-08-13,0.47903196254670544,80.6,28.62857142857143,22.928571428571427,97.42857142857143,21.61,27.57710704993976,0.032315502424552056,30.14999999999999,58.989999999999995,1.7012235419112047,0
Bolgatanga,Upper East,2023-08-20,0.5005756308297402,47.2,28.985714285714288,22.8,97.28571428571429,25.13,27.793553524969905,0.03231550242455217,-4.224999999999994,22.070000000000004,1.738974104867482,0
Bolgatanga,Upper East,2023-08-27,0.5221192991127749,66.7,30.057142857142857,23.17142857142857,97.85714285714286,26.51,28.010000000000048,0.032315502424552056,10.600000000000001,40.19,1.9031673580014505,0
Bolgatanga,Upper East,2023-09-03,0.5436629673958097,53.7,30.014285714285712,22.685714285714287,97.28571428571429,26.4,30.02732499398604,0.03231550242455217,-8.350000000000009,27.300000000000004,2.1061525689318694,0
Bolgatanga,Upper East,2023-09-10,0.5535696133608965,27.9,30.014285714285712,22.714285714285715,97.0,27.81,29.688512219161623,0.023587735686091182,-20.97500000000001,0.08999999999999986,1.5950012682135422,0
Bolgatanga,Upper East,2023-09-17,0.5634762593259832,63.9,29.3,23.442857142857143,97.14285714285714,24.68,30.66839725580894,0.017769224527117156,10.849999999999994,39.22,1.743833947454957,0
Bolgatanga,Upper East,2023-09-24,0.57338290529107,31.200000000000003,30.157142857142855,22.914285714285715,97.0,28.650000000000002,29.157649075940867,0.014859968947630198,-12.975000000000009,2.5500000000000007,1.417183099253975,0
Bolgatanga,Upper East,2023-10-01,0.5832895512561569,31.7,31.542857142857144,23.37142857142857,97.14285714285714,31.759999999999998,29.58743744363568,0.014859968947630198,-6.975000000000005,-0.05999999999999872,1.179745075694494,0
Bolgatanga,Upper East,2023-10-08,0.5709274440420644,32.6,30.228571428571428,23.25714285714286,97.71428571428571,26.36,26.60385313174936,-0.001841595936754148,-7.250000000000007,6.240000000000002,1.2331165612533685,0
Bolgatanga,Upper East,2023-10-15,0.5585653368279718,8.5,31.771428571428572,23.599999999999998,95.71428571428571,30.759999999999998,29.470646649778786,-0.01297597252634397,-17.500000000000007,-22.259999999999998,0.6995752714713185,0
Bolgatanga,Upper East,2023-10-22,0.5462032296138793,3.8000000000000003,32.48571428571429,23.485714285714288,93.28571428571429,31.72,32.33744016780821,-0.018543160821138716,-15.350000000000005,-27.919999999999998,0.4351477649706831,0
Bolgatanga,Upper East,2023-10-29,0.4563274518846974,0.0,34.1,23.385714285714283,87.28571428571429,35.4,34.22748843791845,-0.07667841370745582,-11.225000000000005,-35.4,0.1284569845396868,0
Bolgatanga,Upper East,2023-11-05,0.38372808192695834,0.2,34.65714285714286,23.7,82.71428571428571,35.28,35.711307083828274,-0.10247794313641839,-2.925000000000007,-35.08,-0.230129972093272,0
Bolgatanga,Upper East,2023-11-12,0.31826301479963415,0.0,34.34285714285714,24.11428571428571,80.71428571428571,33.85,39.19571053097138,-0.10786742975665814,-1.000000000000007,-33.85,-0.33071135707332994,0
Bolgatanga,Upper East,2023-11-19,0.29295100556031406,0.0,35.957142857142856,22.771428571428572,60.0,40.53,40.72333720842073,-0.06986638298258696,-0.05000000000000711,-40.53,-0.44014459819485985,0
Bolgatanga,Upper East,2023-11-26,0.2676389963209939,0.3,35.47142857142857,23.32857142857143,63.857142857142854,38.2,38.71823801460738,-0.0480062783309812,0.17499999999999288,-37.900000000000006,-0.4618403240318007,0
Bolgatanga,Upper East,2023-12-03,0.24232698708167383,0.0,36.07142857142857,23.428571428571427,72.0,35.84,38.46347721701329,-0.03796801385898013,-0.0750000000000071,-35.84,-0.4684358246862309,0
Bolgatanga,Upper East,2023-12-10,0.2728563533360378,0.0,35.42857142857143,20.485714285714288,47.285714285714285,41.35,36.42484925067606,0.003913017761282889,-0.0750000000000071,-41.35,-0.5335230021970535,0
Bolgatanga,Upper East,2023-12-17,0.2604250000594831,0.0,33.957142857142856,20.52857142857143,34.57142857142857,47.96,34.38622128433883,-0.000386834140064074,-0.0750000000000071,-47.96,-0.598002699384442,0
Bolgatanga,Upper East,2023-12-24,0.2273501216705388,0.0,34.18571428571429,21.0,22.571428571428573,52.36,35.48033561626528,-0.02338949386639455,0.0,-52.36,-0.7234907776253078,0
Bolgatanga,Upper East,2023-12-31,0.22751124295626834,0.0,34.142857142857146,19.75714285714286,29.571428571428573,48.21,35.69126386817965,-0.019524436549313684,0.0,-48.21,-0.8308412290664913,0
Cape Coast,Central,2019-01-06,0.0710828376605664,7.8999999999999995,30.983333333333334,24.28333333333333,96.33333333333333,21.67,29.418852106499173,0.0,0.0,-13.770000000000003,-0.16616972092251345,0
Cape Coast,Central,2019-01-13,0.07270894452807981,8.0,30.228571428571428,24.142857142857142,96.14285714285714,23.58,28.722657764121948,0.0008130534337567052,0.05000000000000071,-15.579999999999998,-0.3551105899113821,0
Cape Coast,Central,2019-01-20,0.07433505139559322,9.600000000000001,30.24285714285714,24.75714285714286,96.14285714285714,22.87,30.250788392623008,0.0016261068675134105,1.1000000000000014,-13.27,-0.5160377613800784,0
Cape Coast,Central,2019-01-27,0.07596115826310663,21.3,30.785714285714285,24.52857142857143,97.14285714285714,23.31,30.40933042880073,0.0024391603012701157,9.600000000000001,-2.009999999999998,-0.5404133163651634,0
Cape Coast,Central,2019-02-03,0.07758726513062006,21.5,30.228571428571428,24.457142857142856,97.14285714285714,23.05,29.938872559982087,0.0024391603012701157,6.399999999999999,-1.5500000000000007,-0.3922196437692728,0
Cape Coast,Central,2019-02-10,0.07921337199813347,9.3,30.842857142857145,24.842857142857145,97.71428571428571,24.8,29.322888947786964,0.0024391603012701157,-6.125,-15.5,-0.3912494724265829,0
Cape Coast,Central,2019-02-17,0.08083947886564688,4.800000000000001,31.685714285714287,25.37142857142857,96.0,29.47,31.174633511576474,0.0024391603012701157,-9.425,-24.669999999999998,-0.5294988887599015,0
Cape Coast,Central,2019-02-24,0.08246558573316029,15.5,31.114285714285717,25.685714285714287,94.14285714285714,25.82,33.02637807536598,0.0024391603012701157,2.724999999999998,-10.32,-0.6302754369818205,0
Cape Coast,Central,2019-03-03,0.0840916926006737,41.2,30.342857142857145,24.25714285714286,95.85714285714286,24.7,32.24526848886575,0.0024391603012701157,23.5,16.500000000000004,-0.4113805277873994,0
Cape Coast,Central,2019-03-10,0.09229772463150429,4.8,30.914285714285715,25.314285714285713,95.14285714285714,28.0,32.50940181459117,0.007374104173758,-11.775000000000002,-23.2,-0.5047595195213076,0
Cape Coast,Central,2019-03-17,0.10050375666233488,14.4,31.157142857142855,25.45714285714286,95.42857142857143,29.91,30.33346482025468,0.01066406675541659,-4.575000000000001,-15.51,-0.39367490078330775,0
Cape Coast,Central,2019-03-24,0.10870978869316546,8.5,31.3,25.271428571428572,94.42857142857143,28.810000000000002,30.66084061008263,0.012309048046245871,-8.725000000000001,-20.310000000000002,-0.5148250472017158,0
Cape Coast,Central,2019-03-31,0.11691582072399605,25.799999999999997,31.02857142857143,24.942857142857143,96.0,29.82,32.18892123162442,0.012309048046245885,12.424999999999997,-4.020000000000003,-0.7636739966016892,0
Cape Coast,Central,2019-04-07,0.12512185275482662,11.3,31.25714285714286,25.2,96.42857142857143,30.38,26.360858732663477,0.012309048046245871,-3.700000000000001,-19.08,-0.7137101724531566,0
Cape Coast,Central,2019-04-14,0.1333278847856572,51.0,30.2,24.614285714285717,96.42857142857143,25.73,28.454438512673192,0.012309048046245871,26.849999999999998,25.27,-0.21916533051695222,0
Cape Coast,Central,2019-04-21,0.1415339168164878,6.300000000000001,30.900000000000002,24.82857142857143,96.85714285714286,31.36,30.54801829268291,0.012309048046245885,-17.3,-25.06,-0.27676925398916824,0
Cape Coast,Central,2019-04-28,0.1497399488473184,16.2,30.414285714285715,25.071428571428573,96.71428571428571,29.42,31.65499189969711,0.012309048046245885,-5.0000000000000036,-13.220000000000002,-0.3883389583985131,0
Cape Coast,Central,2019-05-05,0.15032845772125794,15.3,29.957142857142856,25.17142857142857,96.0,27.58,30.484063120285896,0.006595905678577596,-6.899999999999999,-12.279999999999998,-0.30587439426986684,0
Cape Coast,Central,2019-05-12,0.1509169665951975,14.8,30.385714285714283,24.957142857142856,96.28571428571429,29.18,32.94526041221246,0.0027871441001320885,1.6499999999999986,-14.379999999999999,-0.7867155659905757,0
Cape Coast,Central,2019-05-19,0.15150547546913704,45.5,29.614285714285717,24.514285714285712,96.57142857142857,22.31,30.8366109960586,0.0008827633109093347,22.549999999999997,23.19,-0.2015809749306967,0
Cape Coast,Central,2019-05-26,0.15209398434307655,35.4,28.97142857142857,24.12857142857143,97.42857142857143,22.66,28.72284979538162,0.0008827633109093069,7.649999999999999,12.739999999999998,0.11323962577219358,0
Cape Coast,Central,2019-06-02,0.1526824932170161,68.2,28.428571428571427,23.900000000000002,98.14285714285714,22.14,26.609088594704644,0.0008827633109093069,27.224999999999994,46.06,0.8207370774288429,0
Cape Coast,Central,2019-06-09,0.15327100209095565,27.3,28.085714285714285,23.914285714285715,97.85714285714286,22.85,26.782730608757788,0.0008827633109093069,-16.8,4.449999999999999,1.049091157214491,0
Cape Coast,Central,2019-06-16,0.1538595109648952,16.4,28.099999999999998,23.87142857142857,94.57142857142857,23.98,26.95637262281093,0.0008827633109093069,-20.425000000000004,-7.580000000000002,0.6759390045323671,0
Cape Coast,Central,2019-06-23,0.15444801983883474,12.2,28.042857142857144,23.728571428571428,96.14285714285714,25.35,28.778157344485123,0.0008827633109093069,-18.825000000000006,-13.150000000000002,0.36196730375433056,0
Cape Coast,Central,2019-06-30,0.1550365287127743,38.699999999999996,27.214285714285715,23.0,97.85714285714286,21.21,28.102272312162825,0.0008827633109093069,15.049999999999994,17.489999999999995,0.015494862996180398,0
Cape Coast,Central,2019-07-07,0.15562503758671384,19.3,27.385714285714283,23.657142857142855,95.57142857142857,22.8,27.647515285604243,0.0008827633109093347,-2.3500000000000014,-3.5,-0.08091591418363384,0
Cape Coast,Central,2019-07-14,0.15621354646065336,24.2,26.857142857142858,22.3,99.0,20.75,27.19275825904566,0.0008827633109093069,0.5999999999999979,3.4499999999999993,0.052846459689743684,0
Cape Coast,Central,2019-07-21,0.1568020553345929,17.3,27.32857142857143,23.014285714285712,97.57142857142857,23.14,25.59795836290516,0.0008827633109093069,-7.575000000000003,-5.84,0.14149586612803833,0
Cape Coast,Central,2019-07-28,0.15739056420853245,13.1,27.02857142857143,23.057142857142857,96.71428571428571,23.669999999999998,24.91700680272112,0.0008827633109093069,-5.375000000000005,-10.569999999999999,-0.19879173232046324,0
Cape Coast,Central,2019-08-04,0.157979073082472,9.5,26.614285714285717,22.87142857142857,96.14285714285714,23.22,25.680341628952362,0.0008827633109093069,-6.525000000000006,-13.719999999999999,-0.3227311213491049,0
Cape Coast,Central,2019-08-11,0.15856758195641155,13.2,26.457142857142856,22.514285714285712,97.14285714285714,23.41,26.443676455183606,0.0008827633109093069,-0.07500000000000462,-10.21,-0.48838787811341466,0
Cape Coast,Central,2019-08-18,0.1591560908303511,9.1,26.714285714285715,22.7,97.85714285714286,24.36,27.829848142352148,0.0008827633109093069,-2.1250000000000018,-15.26,-0.6026255537151569,0
Cape Coast,Central,2019-08-25,0.15974459970429064,13.6,26.714285714285715,22.957142857142856,97.57142857142857,21.3,29.863349829879382,0.0008827633109093347,2.2499999999999964,-7.700000000000001,-0.5678206567961548,0
Cape Coast,Central,2019-09-01,0.16033310857823016,23.700000000000003,27.385714285714283,22.914285714285715,97.57142857142857,24.54,28.70329341317364,0.0008827633109093069,8.799999999999999,-0.8399999999999963,-0.411623070623072,0
Cape Coast,Central,2019-09-08,0.1609216174521697,25.599999999999998,27.314285714285713,23.442857142857143,97.0,22.189999999999998,28.73242982931479,0.0008827633109093069,7.599999999999994,3.41,-0.24645139953010725,0
Cape Coast,Central,2019-09-15,0.16151012632610925,29.3,27.47142857142857,22.97142857142857,98.28571428571429,24.08,28.761566245455942,0.0008827633109093069,6.2499999999999964,5.220000000000002,0.001912464198521215,0
Cape Coast,Central,2019-09-22,0.1620986352000488,37.4,28.071428571428573,23.457142857142856,98.42857142857143,23.2,28.79070266159709,0.0008827633109093069,8.399999999999999,14.2,0.2674968692598963,0
Cape Coast,Central,2019-09-29,0.16268714407398835,29.2,28.485714285714288,23.571428571428573,96.71428571428571,25.79,27.99130155653315,0.0008827633109093069,-1.1750000000000043,3.41,0.3190372218403001,0
Cape Coast,Central,2019-10-06,0.1632756529479279,40.2,27.485714285714288,23.414285714285715,98.14285714285714,22.23,27.191900451469202,0.0008827633109093069,6.174999999999997,17.970000000000002,0.49560840620987184,0
Cape Coast,Central,2019-10-13,0.16386416182186742,165.29999999999998,27.414285714285715,23.099999999999998,98.57142857142857,18.98,26.39249934640526,0.0008827633109093069,97.27499999999999,146.32,2.2067481118792793,0
Cape Coast,Central,2019-10-20,0.16445267069580696,27.4,28.4,23.485714285714288,97.71428571428571,24.86,26.419582673005834,0.0008827633109093069,-38.12499999999999,2.539999999999999,2.0653456386822184,0
Cape Coast,Central,2019-10-27,0.1650411795697465,32.6,28.857142857142858,23.52857142857143,98.28571428571429,24.88,31.267179172510566,0.0008827633109093069,-33.775,7.720000000000002,2.1176136197696396,0
Cape Coast,Central,2019-11-03,0.16562968844368606,40.4,28.771428571428572,23.271428571428572,99.42857142857143,24.18,28.84825926608892,0.0008827633109093069,-26.025,16.22,2.096391121648297,0
Cape Coast,Central,2019-11-10,0.1662181973176256,15.2,29.5,23.642857142857142,97.42857142857143,27.830000000000002,30.97179026247892,0.0008827633109093347,-13.699999999999992,-12.630000000000003,0.16878193514119308,0
Cape Coast,Central,2019-11-17,0.1668896672013635,31.5,29.47142857142857,23.957142857142856,97.28571428571429,23.78,28.35691803465573,0.0009449840682580757,1.57500000000001,7.719999999999999,0.23160052958036764,0
Cape Coast,Central,2019-11-24,0.1675611370851014,12.7,29.728571428571428,24.0,96.57142857142857,25.79,29.385548989480696,0.000986464573157264,-12.249999999999993,-13.09,-0.020765290936856855,0
Cape Coast,Central,2019-12-01,0.16253304887667566,8.1,30.285714285714285,24.357142857142858,96.14285714285714,26.66,30.41417994430566,-0.0032674637435158582,-8.774999999999993,-18.560000000000002,-0.44254728217131467,0
Cape Coast,Central,2019-12-08,0.15750496066824993,10.2,30.0,24.385714285714283,96.42857142857143,23.68,28.542280597370222,-0.006117242789597688,-5.424999999999992,-13.48,-0.45285535268739546,0
Cape Coast,Central,2019-12-15,0.1524768724598242,8.2,29.685714285714287,23.985714285714288,96.42857142857143,23.69,28.63843153429173,-0.007542132312638589,-1.5999999999999925,-15.490000000000002,-0.7343263134853185,0
Cape Coast,Central,2019-12-22,0.11006493452230612,5.800000000000001,30.67142857142857,24.642857142857142,96.28571428571429,25.26,29.83578728461072,-0.035580019609457864,-2.2749999999999915,-19.46,-0.8115762066470062,0
Cape Coast,Central,2019-12-29,0.06765299658478804,3.8,30.928571428571427,23.7,95.71428571428571,27.46,29.252803856306684,-0.05427194447400402,-3.199999999999992,-23.66,-0.8734246297434908,0
Cape Coast,Central,2020-01-05,0.1922801104965328,4.0,31.24285714285714,22.685714285714287,89.57142857142857,30.84,28.034134906487797,0.061661381980670005,-1.4499999999999922,-26.84,-1.0354432439727133,0
Cape Coast,Central,2020-01-12,0.2208046248180447,2.1,31.071428571428573,23.142857142857142,94.42857142857143,27.1,30.22879636703169,0.07310395821262677,-1.824999999999993,-25.0,-1.1507723623349817,0
Cape Coast,Central,2020-01-19,0.0548375387416912,6.699999999999999,31.400000000000002,24.728571428571428,98.14285714285714,25.45,28.8927006383949,-0.07905627891857298,2.550000000000006,-18.75,-1.1421620916686082,1
Cape Coast,Central,2020-01-26,0.06040140177628785,2.1,31.085714285714285,24.24285714285714,97.14285714285714,27.23,31.34116430410546,-0.07167951718185127,-1.6249999999999925,-25.13,-1.159988990090536,1
Cape Coast,Central,2020-02-02,0.0659652648108845,3.1,31.24285714285714,24.47142857142857,97.28571428571429,28.43,30.06993039640093,-0.03453694272584257,-0.3999999999999928,-25.33,-1.1416770059972632,0
Cape Coast,Central,2020-02-09,0.0950742032319369,2.6,31.914285714285715,24.599999999999998,97.57142857142857,29.75,28.6210915059917,0.026004601091736787,-1.0249999999999928,-27.15,-1.1677503608320556,0
Cape Coast,Central,2020-02-16,0.09772696062399806,3.4,31.32857142857143,24.585714285714285,96.57142857142857,29.07,27.172252615582465,0.017935003013221235,0.6000000000000072,-25.67,-1.251670181974737,0
Cape Coast,Central,2020-02-23,0.10037971801605924,8.3,31.24285714285714,26.0,95.28571428571429,27.45,30.207492310787927,0.01059318134533957,3.950000000000008,-19.15,-1.1791498741086626,0
Cape Coast,Central,2020-03-01,0.10303247540812041,7.9,31.52857142857143,26.385714285714283,94.85714285714286,28.169999999999998,32.012724723161966,0.00397913608809175,2.3500000000000076,-20.269999999999996,-1.117786536683523,0
Cape Coast,Central,2020-03-08,0.10568523280018159,13.9,30.571428571428573,25.599999999999998,96.71428571428571,25.49,31.722831304519215,0.003979136088091764,5.5250000000000075,-11.589999999999998,-0.9290882105303268,0
Cape Coast,Central,2020-03-15,0.10833799019224276,22.9,30.75714285714286,25.642857142857142,95.85714285714286,27.11,30.58820049231809,0.003979136088091764,9.650000000000006,-4.210000000000001,-0.6688397478537464,0
Cape Coast,Central,2020-03-22,0.11099074758430394,6.1,30.87142857142857,25.442857142857143,96.28571428571429,29.03,35.61318663336493,0.003979136088091764,-6.5999999999999925,-22.93,-0.7146803437958468,0
Cape Coast,Central,2020-03-29,0.1136435049763651,15.100000000000001,30.085714285714285,24.271428571428572,97.85714285714286,25.73,29.755431720759304,0.003979136088091764,0.6000000000000103,-10.629999999999999,-0.5977746970017074,0
Cape Coast,Central,2020-04-05,0.11629626236842629,3.5999999999999996,31.071428571428573,24.7,97.57142857142857,28.740000000000002,31.870676135398725,0.003979136088091764,-8.324999999999992,-25.14,-0.7620974681698184,0
Cape Coast,Central,2020-04-12,0.11894901976048745,10.8,31.057142857142857,24.900000000000002,96.85714285714286,29.11,33.985920550038145,0.00397913608809175,1.9000000000000092,-18.31,-0.9330901673189228,0
Cape Coast,Central,2020-04-19,0.12160177715254863,24.700000000000003,31.0,25.385714285714283,95.28571428571429,29.700000000000003,33.48078066702743,0.003979136088091764,11.15000000000001,-5.0,-0.7156505151385368,0
Cape Coast,Central,2020-04-26,0.1242545345446098,32.5,30.385714285714283,24.599999999999998,97.0,26.69,33.0692880756954,0.00397913608809175,14.600000000000009,5.809999999999999,-0.5162803042157512,0
Cape Coast,Central,2020-05-03,0.13839875446346936,12.299999999999999,30.585714285714285,24.342857142857145,96.85714285714286,31.13,30.62753955506957,0.01259773298319053,-7.774999999999997,-18.83,-0.439758039561081,0
Cape Coast,Central,2020-05-10,0.15254297438232892,18.0,30.7,24.87142857142857,97.14285714285714,29.03,32.48173375652334,0.018343464246589752,-3.874999999999993,-11.030000000000001,-0.35147244737629507,0
Cape Coast,Central,2020-05-17,0.16668719430118847,34.9,30.17142857142857,24.571428571428573,96.85714285714286,27.740000000000002,26.473412935970828,0.021216329878289336,10.475000000000009,7.159999999999997,-0.20400640328742203,0
Cape Coast,Central,2020-05-24,0.18083141422004803,20.8,30.157142857142855,24.7,95.14285714285714,26.49,31.26240593234468,0.021216329878289336,-0.6999999999999922,-5.689999999999998,-0.34346853379910297,0
Cape Coast,Central,2020-05-31,0.1949756341389076,103.9,29.185714285714287,23.942857142857143,99.28571428571429,23.060000000000002,27.66766796185084,0.021216329878289336,59.500000000000014,80.84,0.8652436877747443,0
Cape Coast,Central,2020-06-07,0.18842741360221305,18.7,28.97142857142857,23.771428571428572,97.14285714285714,23.19,24.072929991357,0.005696999536623781,-25.874999999999996,-4.490000000000002,0.944555195039648,0
Cape Coast,Central,2020-06-14,0.18187919306551853,244.4,27.785714285714285,23.457142857142856,99.0,19.55,28.020757681078862,-0.004649220691153255,147.45000000000002,224.85,3.5845126899168513,0
Cape Coast,Central,2020-06-21,0.175330972528824,42.7,27.885714285714283,23.714285714285715,98.42857142857143,21.32,22.728046692606995,-0.009822330805041801,-59.724999999999994,21.380000000000003,3.9127944179995646,0
Cape Coast,Central,2020-06-28,0.16878275199212944,48.8,27.314285714285713,23.642857142857142,97.42857142857143,21.54,28.805678430179512,-0.009822330805041801,-39.85000000000001,27.259999999999998,3.263022161232967,0
Cape Coast,Central,2020-07-05,0.1622345314554349,100.10000000000001,26.642857142857142,23.585714285714285,95.42857142857143,19.67,27.646504932571673,-0.009822330805041801,-8.899999999999991,80.43,4.292859041498354,0
Cape Coast,Central,2020-07-12,0.15568631091874036,15.8,26.885714285714283,23.142857142857142,96.0,20.93,26.487331434963835,-0.009822330805041801,-36.05,-5.129999999999999,1.5038589741004071,0
Cape Coast,Central,2020-07-19,0.14913809038204584,14.2,26.82857142857143,22.585714285714285,96.57142857142857,21.75,29.02290427026702,-0.009822330805041801,-30.524999999999995,-7.550000000000001,1.153020762300152,0
Cape Coast,Central,2020-07-26,0.1425898698453513,14.4,26.657142857142855,22.771428571428572,97.57142857142857,22.82,28.544559625730727,-0.009822330805041801,-21.724999999999994,-8.42,0.7203243434604324,0
Cape Coast,Central,2020-08-02,0.12876569703591897,7.3999999999999995,26.67142857142857,22.585714285714285,95.85714285714286,25.509999999999998,28.066214981194435,-0.015279295009595156,-5.549999999999993,-18.11,-0.4746842078979194,0
Cape Coast,Central,2020-08-09,0.11494152422648665,2.1,26.414285714285715,21.414285714285715,95.57142857142857,26.04,28.75443973214294,-0.018917271145964032,-7.424999999999994,-23.939999999999998,-0.7027957448478949,0
Cape Coast,Central,2020-08-16,0.11553738041895853,10.9,26.585714285714285,21.685714285714287,97.85714285714286,24.5,30.878828845444502,-0.009921237462720334,2.200000000000008,-13.6,-0.7761649526388227,0
Cape Coast,Central,2020-08-23,0.11613323661143041,12.2,26.857142857142858,22.685714285714287,97.0,24.26,28.299746664807287,-0.0027112229617682337,4.050000000000006,-12.060000000000002,-0.8203077487312157,0
Cape Coast,Central,2020-08-30,0.1167290928039023,6.3,26.814285714285713,22.542857142857144,97.42857142857143,24.99,31.466641366224,0.0008937842887078301,-1.574999999999993,-18.689999999999998,-0.8273414909657179,0
Cape Coast,Central,2020-09-06,0.11732494899637418,10.5,26.985714285714288,23.014285714285712,96.14285714285714,24.85,31.13210536351062,0.0008937842887078162,0.5250000000000057,-14.350000000000001,-0.7110422012607596,0
Cape Coast,Central,2020-09-13,0.11792080518884605,18.1,27.2,23.24285714285714,96.42857142857143,24.759999999999998,30.797569360797244,0.0008937842887078162,6.325000000000008,-6.659999999999997,-0.626879837282406,0
Cape Coast,Central,2020-09-20,0.11851666138131793,24.0,27.17142857142857,22.785714285714285,99.0,21.61,30.463033358083862,0.0008937842887078301,9.275000000000006,2.3900000000000006,-0.4516426385090329,0
Cape Coast,Central,2020-09-27,0.11911251757378982,18.2,27.12857142857143,23.099999999999998,97.71428571428571,23.27,30.128497355370484,0.0008937842887078162,0.5000000000000071,-5.07,-0.2864709674160681,0
Cape Coast,Central,2020-10-04,0.1197083737662617,18.2,27.5,23.314285714285713,97.42857142857143,24.81,29.793961352657107,0.0008937842887078162,-1.4249999999999936,-6.609999999999999,-0.19260689001081496,0
Cape Coast,Central,2020-10-11,0.12030422995873358,40.0,27.685714285714287,23.24285714285714,98.0,22.57,28.692139737991283,0.0008937842887078162,14.900000000000006,17.43,0.0995359555566976,0
Cape Coast,Central,2020-10-18,0.12090008615120545,14.2,27.97142857142857,23.114285714285717,96.71428571428571,25.99,32.3354376039934,0.0008937842887078162,-8.449999999999992,-11.79,-0.07242691493509687,0
Cape Coast,Central,2020-10-25,0.12149594234367733,28.700000000000003,28.457142857142856,23.7,97.14285714285714,25.19,31.08307749296188,0.0008937842887078162,3.4250000000000114,3.5100000000000016,0.03162396156840079,0
Cape Coast,Central,2020-11-01,0.12209179853614922,17.9,28.914285714285715,23.74285714285714,97.42857142857143,25.97,31.75057301600458,0.0008937842887078301,-7.299999999999997,-8.07,0.013918334564309106,0
Cape Coast,Central,2020-11-08,0.1226876547286211,13.899999999999999,29.285714285714285,24.585714285714285,95.71428571428571,24.73,29.612567552981037,0.0008937842887078301,-4.774999999999995,-10.830000000000002,-0.3287946922409174,0
Cape Coast,Central,2020-11-15,0.12328351092109298,16.6,29.62857142857143,24.085714285714285,96.0,26.43,30.223061373292182,0.0008937842887078162,-2.67499999999999,-9.829999999999998,-0.30502549434501347,0
Cape Coast,Central,2020-11-22,0.12387936711356486,14.5,29.32857142857143,24.099999999999998,96.14285714285714,23.86,30.83355519360333,0.0008937842887078301,-1.2249999999999908,-9.36,-0.46110180910026005,0
Cape Coast,Central,2020-11-29,0.12447522330603675,31.0,28.814285714285713,23.485714285714288,98.0,22.92,29.436717105263146,0.0008937842887078301,12.000000000000007,8.079999999999998,-0.2652484692947254,0
Cape Coast,Central,2020-12-06,0.12507107949850862,6.4,29.185714285714287,24.042857142857144,95.14285714285714,24.83,31.115099780932155,0.0008937842887078162,-10.724999999999993,-18.43,-0.357414746850271,0
Cape Coast,Central,2020-12-13,0.1256669356909805,10.5,28.900000000000002,24.271428571428572,95.57142857142857,22.5,30.269140555748265,0.0008937842887078162,-5.099999999999994,-12.0,-0.3837306445207361,0
Cape Coast,Central,2020-12-20,0.1103228657965611,10.7,29.17142857142857,23.87142857142857,97.0,22.7,32.984282681982734,-0.011061160276460646,-3.949999999999994,-12.0,-0.41574629882950465,0
Cape Coast,Central,2020-12-27,0.0949787959021417,11.200000000000001,29.47142857142857,24.02857142857143,96.57142857142857,21.93,28.366246917060156,-0.01903112331990628,1.5000000000000089,-10.729999999999999,-0.6438578357794802,0
Cape Coast,Central,2021-01-03,0.07180622038474106,6.7,29.985714285714288,24.557142857142857,96.57142857142857,24.16,31.610096398690477,-0.02888748405886503,-3.074999999999993,-17.46,-0.6320945082493645,0
Cape Coast,Central,2021-01-10,0.04863364486734043,10.0,29.585714285714285,24.357142857142858,96.14285714285714,22.93,31.08237189825428,-0.03280173687035564,0.35000000000000675,-12.93,-0.6433727501081352,0
Cape Coast,Central,2021-01-17,0.0254610693499398,6.1,29.97142857142857,23.942857142857143,96.28571428571429,24.18,26.325609627951337,-0.03475886327610095,-2.3999999999999932,-18.08,-0.7171057721525718,0
Cape Coast,Central,2021-01-24,0.029650015298618673,5.3,30.071428571428573,23.75714285714286,97.0,25.12,28.007568912651777,-0.014237722176541324,-1.7249999999999925,-19.82,-0.8273414909657179,0
Cape Coast,Central,2021-01-31,0.033838961247297544,5.0,30.314285714285713,24.428571428571427,96.85714285714286,26.03,29.689528197352217,-0.0005569614435015635,-1.5999999999999925,-21.03,-0.8706353871332572,0
Cape Coast,Central,2021-02-07,0.06668714094012387,14.1,30.185714285714287,25.37142857142857,95.57142857142857,24.4,29.868256576047088,0.027777844231128904,6.475000000000007,-10.299999999999999,-0.8387410042423249,0
Cape Coast,Central,2021-02-14,0.0995353206329502,7.5,30.67142857142857,25.24285714285714,95.85714285714286,26.45,32.48072538483882,0.042107461103202626,-0.47499999999999254,-18.95,-0.849291617594078,0
Cape Coast,Central,2021-02-21,0.0639864765297247,10.2,30.214285714285715,24.557142857142857,96.42857142857143,27.369999999999997,29.787188808107544,-0.0020254983077993838,1.000000000000007,-17.169999999999998,-0.8171546918674734,0
Cape Coast,Central,2021-02-28,0.0738310943939763,14.799999999999999,30.52857142857143,24.75714285714286,93.85714285714286,27.85,31.117089288144825,-0.0021789137302174744,3.1500000000000057,-13.050000000000002,-0.7203801004341503,0
Cape Coast,Central,2021-03-07,0.0836757122582279,5.7,30.842857142857145,25.414285714285715,95.0,27.849999999999998,34.45674712414393,0.0034185613045081276,-3.8499999999999917,-22.15,-0.8640867305700999,0
Cape Coast,Central,2021-03-14,0.09352033012247948,26.200000000000003,29.87142857142857,24.771428571428572,96.71428571428571,24.93,32.7608997722096,0.014766926796377394,11.975000000000009,1.2700000000000031,-0.6188759237052138,0
Cape Coast,Central,2021-03-21,0.1033649479867311,10.7,30.428571428571427,24.185714285714287,95.85714285714286,29.19,31.979303473122883,0.014766926796377408,-3.6499999999999932,-18.490000000000002,-0.634883750859598,0
Cape Coast,Central,2021-03-28,0.11320956585098269,7.9,29.857142857142858,24.24285714285714,96.42857142857143,26.55,31.197707174036168,0.014766926796377394,-4.7249999999999925,-18.65,-0.7027957448478949,0
Cape Coast,Central,2021-04-04,0.12305418371523429,4.5,30.8,25.400000000000002,94.14285714285714,30.42,30.28130470347645,0.014766926796377394,-7.824999999999994,-25.92,-0.7485150693721591,0
Cape Coast,Central,2021-04-11,0.1328988015794859,8.0,30.928571428571427,25.271428571428572,95.57142857142857,30.169999999999998,36.5889627366098,0.014766926796377394,0.22500000000000675,-22.169999999999998,-1.032775272780316,0
Cape Coast,Central,2021-04-18,0.12764563126449666,16.6,31.271428571428572,24.8,97.0,31.049999999999997,37.54001035330657,0.003443585661946774,7.3500000000000085,-14.449999999999996,-0.9837816199744731,0
Cape Coast,Central,2021-04-25,0.12239246094950743,21.7,31.114285714285717,24.8,96.71428571428571,30.72,32.87304420817014,-0.004105308427673621,9.000000000000005,-9.02,-0.8669972445981698,0
Cape Coast,Central,2021-05-02,0.1171392906345182,14.700000000000001,30.52857142857143,24.87142857142857,95.85714285714286,29.03,33.74691628535638,-0.007879755472483846,-0.5499999999999936,-14.33,-0.7264436713259625,0
Cape Coast,Central,2021-05-09,0.07577465346468225,48.3,29.657142857142855,24.014285714285712,97.57142857142857,24.22,34.62078836254261,-0.03496335561361888,22.975,24.08,-0.1655633638333325,0
Cape Coast,Central,2021-05-16,0.0344100162948463,7.3,29.942857142857143,24.485714285714288,94.57142857142857,30.19,33.8235489812713,-0.053019089041042244,-15.699999999999996,-22.89,-0.26791644048712276,0
Cape Coast,Central,2021-05-23,0.03897048241615994,18.1,29.8,24.24285714285714,97.42857142857143,26.68,33.02630959999999,-0.027603128286391734,-3.999999999999993,-8.579999999999998,-0.262580498102328,0
Cape Coast,Central,2021-05-30,0.04353094853747358,13.8,29.557142857142857,24.985714285714288,96.14285714285714,27.16,36.18963853979648,-0.004640576640816935,-8.074999999999992,-13.36,-0.2508171705722123,0
Cape Coast,Central,2021-06-06,0.04809141465878721,29.0,29.099999999999998,24.24285714285714,97.85714285714286,23.83,32.02786913430418,0.006840699181970451,11.950000000000003,5.170000000000002,-0.48014142170055035,0
Cape Coast,Central,2021-06-13,0.05265188078010085,43.6,28.785714285714285,23.7,97.28571428571429,24.07,28.71537081919536,0.006840699181970451,17.475000000000005,19.53,0.03429193276079819,0
Cape Coast,Central,2021-06-20,0.05721234690141449,50.1,28.728571428571428,24.2,95.85714285714286,21.650000000000002,29.200623454379752,0.006840699181970458,15.975000000000009,28.45,0.4833599930084109,0
Cape Coast,Central,2021-06-27,0.06177281302272812,139.29999999999998,28.157142857142855,22.885714285714283,99.28571428571429,20.29,24.016205997392436,0.006840699181970451,73.8,119.00999999999999,2.0886297509067773,0
Cape Coast,Central,2021-07-04,0.06633327914404176,92.2,27.314285714285713,23.02857142857143,97.85714285714286,19.73,27.40946506550216,0.006840699181970458,10.900000000000006,72.47,2.9047863929447013,0
Cape Coast,Central,2021-07-11,0.0708937452653554,18.5,27.74285714285714,23.014285714285712,96.28571428571429,25.31,28.351000654551143,0.006840699181970458,-56.52499999999999,-6.809999999999999,2.585357478364034,0
Cape Coast,Central,2021-07-18,0.07682751391094449,119.5,27.2,23.228571428571428,96.14285714285714,23.4,29.292536243600125,0.007870676075177038,27.125,96.1,3.4057586200262273,0
Cape Coast,Central,2021-07-25,0.08276128255653357,13.6,27.057142857142857,23.3,92.71428571428571,24.71,26.56125798354043,0.008557327337314777,-47.349999999999994,-11.110000000000001,1.8277749311410154,0
Cape Coast,Central,2021-08-01,0.08869505120212266,10.8,27.228571428571428,22.87142857142857,95.57142857142857,24.88,25.267714410100155,0.008900652968383632,-29.799999999999986,-14.079999999999998,0.7781708097683208,0
Cape Coast,Central,2021-08-08,0.09462881984771175,14.2,27.542857142857144,23.25714285714286,95.85714285714286,23.830000000000002,26.567163224273543,0.008900652968383632,-25.325,-9.630000000000003,0.7439722699384999,0
Cape Coast,Central,2021-08-15,0.10056258849330084,14.299999999999999,26.985714285714288,22.885714285714283,97.0,25.17,31.26342683217956,0.008900652968383646,1.0750000000000064,-10.870000000000003,-0.5532680866558057,0
Cape Coast,Central,2021-08-22,0.10649635713888993,13.0,27.485714285714288,22.914285714285715,95.42857142857143,23.56,28.230264964703625,0.008900652968383632,-0.07499999999999218,-10.559999999999999,-0.5465981586748123,0
Cape Coast,Central,2021-08-29,0.11243012578447902,26.2,27.385714285714283,23.285714285714285,97.14285714285714,23.15,28.46584045809141,0.008900652968383632,9.275000000000006,3.0500000000000007,-0.33886021992132576,0
Cape Coast,Central,2021-09-05,0.1183638944300681,76.1,27.47142857142857,22.985714285714288,99.28571428571429,21.46,28.70141595147919,0.008900652968383632,43.7,54.63999999999999,0.4405511825122165,0
Cape Coast,Central,2021-09-12,0.12429766307565719,15.4,28.214285714285715,23.17142857142857,98.14285714285714,26.73,28.936991444866976,0.008900652968383646,-17.27499999999999,-11.33,0.4349726972917493,0
Cape Coast,Central,2021-09-19,0.1302314317212463,74.4,27.771428571428572,23.142857142857142,99.0,22.83,26.96809541084707,0.008900652968383632,26.375000000000014,51.57000000000001,1.1884320163083355,0
Cape Coast,Central,2021-09-26,0.13616520036683538,26.599999999999998,28.285714285714285,23.314285714285713,97.85714285714286,23.810000000000002,27.471371007371037,0.008900652968383632,-21.525000000000002,2.7899999999999956,1.185278959444593,0
Cape Coast,Central,2021-10-03,0.14209896901242447,42.2,28.314285714285713,23.014285714285712,98.57142857142857,24.16,29.11965228956865,0.008900652968383632,2.5500000000000114,18.040000000000003,0.7414255701639388,0
Cape Coast,Central,2021-10-10,0.14803273765801356,45.5,28.542857142857144,23.67142857142857,98.28571428571429,25.11,30.100314565762574,0.008900652968383632,-1.6749999999999972,20.39,1.1260985075405059,0
Cape Coast,Central,2021-10-17,0.15396650630360265,16.5,29.37142857142857,23.742857142857144,96.57142857142857,27.83,28.900144013455304,0.008900652968383632,-16.19999999999999,-11.329999999999998,0.363301289350529,0
Cape Coast,Central,2021-10-24,0.15990027494919173,39.2,28.32857142857143,23.428571428571427,97.71428571428571,21.63,31.05177073464813,0.008900652968383632,3.3500000000000085,17.570000000000004,0.5425404449124982,0
Cape Coast,Central,2021-10-31,0.16583404359478082,38.9,29.157142857142855,23.12857142857143,97.42857142857143,27.69,29.488277766219653,0.008900652968383632,3.875000000000007,11.209999999999997,0.45971206653034324,0
Cape Coast,Central,2021-11-07,0.1717678122403699,19.3,29.342857142857145,23.457142857142856,96.28571428571429,26.990000000000002,27.924784797791176,0.008900652968383632,-9.174999999999994,-7.690000000000001,0.11918192524616919,0
Cape Coast,Central,2021-11-14,0.177701580885959,58.7,29.514285714285712,23.5,98.42857142857143,25.130000000000003,27.58605062530512,0.008900652968383632,19.67500000000001,33.57,0.6636905913309061,0
Cape Coast,Central,2021-11-21,0.1836353495315481,26.7,29.857142857142858,24.071428571428573,96.57142857142857,25.4,30.2019710100231,0.008900652968383632,-9.199999999999992,1.3000000000000007,0.46638199451133666,0
Cape Coast,Central,2021-11-28,0.18956911817713717,12.7,29.585714285714285,24.185714285714287,95.14285714285714,25.36,29.091243725090575,0.008900652968383632,-16.649999999999995,-12.66,0.1769071201362215,0
Cape Coast,Central,2021-12-05,0.19550288682272626,10.1,29.82857142857143,24.485714285714288,95.14285714285714,26.04,29.833445203064343,0.008900652968383632,-16.949999999999996,-15.94,0.07685820042131995,0
Cape Coast,Central,2021-12-12,0.20143665546831535,8.4,29.7,24.52857142857143,95.14285714285714,26.18,28.82542313239111,0.008900652968383632,-6.074999999999992,-17.78,-0.5458705301677947,0
Cape Coast,Central,2021-12-19,0.20737042411390444,5.0,30.442857142857143,24.342857142857145,95.14285714285714,26.66,29.11537192654839,0.008900652968383632,-4.049999999999994,-21.66,-0.8243097055198116,0
Cape Coast,Central,2021-12-26,0.2133041927594935,2.2,31.485714285714288,23.571428571428573,91.71428571428571,29.57,28.8819576984872,0.008900652968383632,-4.2249999999999925,-27.37,-1.0026999611569272,0
Cape Coast,Central,2022-01-02,0.17297080114940738,18.400000000000002,30.014285714285712,24.25714285714286,95.71428571428571,24.4,28.648543470426006,-0.025799717223372792,9.90000000000001,-5.9999999999999964,-0.8821561718277003,0
Cape Coast,Central,2022-01-09,0.1326374095393213,21.3,30.385714285714283,23.900000000000002,97.0,25.34,27.38361605955856,-0.04893329735121038,9.575000000000006,-4.039999999999999,-0.7155292437207006,0
Cape Coast,Central,2022-01-16,0.1658184391797125,5.7,30.914285714285715,24.17142857142857,95.71428571428571,25.67,27.68365832545311,-0.005364271477271143,-6.199999999999995,-19.970000000000002,-0.6950343741063754,0
Cape Coast,Central,2022-01-23,0.1989994688201037,2.4,30.75714285714286,22.75714285714286,96.85714285714286,28.14,27.983700591347656,0.03139293914796748,-9.549999999999994,-25.740000000000002,-0.6752671329990675,0
Cape Coast,Central,2022-01-30,0.1055128605286629,0.7999999999999999,30.657142857142855,23.400000000000002,98.71428571428571,29.0,29.19471040941625,-0.04522918398828721,-6.749999999999993,-28.2,-0.94448968059553,0
Cape Coast,Central,2022-02-06,0.10691764343018227,13.0,30.5,23.485714285714288,97.85714285714286,28.44,29.218711981149227,-0.037394459559483076,7.5250000000000075,-15.440000000000001,-1.0827390969288486,0
Cape Coast,Central,2022-02-13,0.10832242633170164,7.5,30.342857142857145,24.271428571428572,95.42857142857143,27.44,28.8590221801461,-0.021615673445960992,1.5750000000000064,-19.94,-1.0823752826753397,0
Cape Coast,Central,2022-02-20,0.109727209233221,24.5,30.599999999999998,24.185714285714287,96.42857142857143,26.13,30.17159316857294,0.0021071743522790426,13.050000000000008,-1.629999999999999,-0.7899898942721547,0
Cape Coast,Central,2022-02-27,0.11113199213474037,5.4,30.385714285714283,24.657142857142855,96.71428571428571,28.54,30.1719554745477,0.0021071743522790565,-7.199999999999994,-23.14,-0.7286265568470149,0
Cape Coast,Central,2022-03-06,0.11253677503625974,15.0,30.5,24.142857142857142,96.42857142857143,29.02,31.49613136341742,0.0021071743522790565,1.9000000000000057,-14.02,-0.7114060155142684,0
Cape Coast,Central,2022-03-13,0.1139415579377791,11.9,30.571428571428573,25.17142857142857,96.42857142857143,28.83,31.186665681708718,0.0021071743522790565,-2.2999999999999936,-16.93,-0.6749033187455588,0
Cape Coast,Central,2022-03-20,0.11534634083929847,25.0,30.785714285714285,25.02857142857143,94.0,29.04,30.877200000000016,0.0021071743522790426,10.675000000000006,-4.039999999999999,-0.7041297304440935,0
Cape Coast,Central,2022-03-27,0.11675112374081784,5.7,30.599999999999998,25.085714285714285,93.28571428571429,30.04,30.017433880495048,0.0021071743522790426,-8.699999999999996,-24.34,-0.7186823005844429,0
Cape Coast,Central,2022-04-03,0.1181559066423372,20.1,31.228571428571428,25.771428571428572,91.85714285714286,29.6,34.4004807692308,0.0021071743522790426,4.425000000000008,-9.5,-0.6638676197224606,0
Cape Coast,Central,2022-04-10,0.11956068954385657,23.2,30.599999999999998,24.74285714285714,94.14285714285714,29.03,30.98557265169376,0.0021071743522790426,4.700000000000006,-5.830000000000002,-0.5292563459242292,0
Cape Coast,Central,2022-04-17,0.12096547244537592,39.6,29.485714285714288,24.142857142857142,95.85714285714286,24.35,29.932821394686982,0.0021071743522790287,17.45000000000001,15.25,-0.295323780918114,0
Cape Coast,Central,2022-04-24,0.1223702553468953,67.9,29.74285714285714,23.900000000000002,97.0,26.32,26.94947315697692,0.0021071743522790565,30.200000000000017,41.580000000000005,0.5040974054584086,0
Cape Coast,Central,2022-05-01,0.12377503824841465,38.6,29.24285714285714,23.885714285714283,96.85714285714286,24.880000000000003,31.685792057886147,0.0021071743522790426,-3.7249999999999943,13.719999999999999,0.785689637674168,0
Cape Coast,Central,2022-05-08,0.12517982114993403,36.3,30.057142857142857,24.385714285714283,95.71428571428571,27.810000000000002,29.959400792875556,0.0021071743522790565,-9.299999999999997,8.489999999999995,0.9593503080156698,0
Cape Coast,Central,2022-05-15,0.1265846040514534,29.400000000000002,29.571428571428573,24.385714285714283,96.71428571428571,25.38,28.233009527864965,0.0021071743522790426,-13.649999999999988,4.020000000000003,0.8231625057855675,0
Cape Coast,Central,2022-05-22,0.12798938695297277,120.3,28.571428571428573,23.914285714285715,96.85714285714286,21.84,28.6939642425707,0.0021071743522790565,64.15,98.46,1.5129543304381252,0
Cape Coast,Central,2022-05-29,0.12939416985449212,40.9,28.214285714285715,23.2,97.71428571428571,24.24,29.39968219311021,0.0021071743522790565,-15.824999999999996,16.66,1.548608127281981,0
Cape Coast,Central,2022-06-05,0.1307989527560115,33.6,28.32857142857143,23.52857142857143,96.14285714285714,24.77,27.85650997520088,0.0021071743522790565,-22.44999999999999,8.830000000000002,1.5527313554884135,0
Cape Coast,Central,2022-06-12,0.13220373565753085,40.1,28.585714285714285,23.357142857142858,96.0,24.47,28.19144683504834,0.0021071743522790287,-18.624999999999986,15.630000000000003,1.6935274715962934,0
Cape Coast,Central,2022-06-19,0.1336085185590502,136.8,27.87142857142857,22.514285714285712,97.42857142857143,19.66,27.256725738607372,0.0021071743522790287,73.95000000000002,117.14000000000001,1.920062480114398,0
Cape Coast,Central,2022-06-26,0.13501330146056958,40.7,27.457142857142856,22.571428571428573,97.28571428571429,22.56,26.322004642166405,0.0021071743522790565,-22.099999999999994,18.140000000000004,1.9380106499541623,0
Cape Coast,Central,2022-07-03,0.13641808436208896,83.4,27.042857142857144,22.985714285714288,95.28571428571429,22.32,26.780066273490718,0.0021071743522790565,8.150000000000006,61.080000000000005,2.5716538081485387,0
Cape Coast,Central,2022-07-10,0.13782286726360832,32.5,27.428571428571427,23.185714285714287,94.42857142857143,24.28,27.23812790481503,0.0021071743522790565,-40.849999999999994,8.219999999999999,2.481791687531882,0
Cape Coast,Central,2022-07-17,0.13922765016512767,24.5,26.87142857142857,23.685714285714287,90.57142857142857,23.62,27.68157574798164,0.0021071743522790287,-20.77499999999999,0.879999999999999,1.0718901837677048,0
Cape Coast,Central,2022-07-24,0.14063243306664705,5.8,27.228571428571428,22.3,89.71428571428571,29.42,28.388792423602297,0.0021071743522790565,-30.749999999999996,-23.62,0.5654607428835485,0
Cape Coast,Central,2022-07-31,0.14203721596816643,8.2,26.928571428571427,22.314285714285713,93.42857142857143,25.29,28.03431152181156,0.0021071743522790842,-9.549999999999994,-17.09,-0.3825179303423735,0
Cape Coast,Central,2022-08-07,0.14344199886968578,2.6,26.3,21.271428571428572,93.57142857142857,25.07,26.96757478169326,0.0021071743522790287,-7.674999999999994,-22.47,-0.7546999116818073,0
Cape Coast,Central,2022-08-14,0.14484678177120514,5.8,26.842857142857145,22.585714285714285,93.57142857142857,23.830000000000002,28.65669454741311,0.0021071743522790287,0.20000000000000728,-18.03,-0.9840241628101454,0
Cape Coast,Central,2022-08-21,0.14625156467272452,21.0,26.17142857142857,22.02857142857143,98.42857142857143,23.810000000000002,28.437728319927693,0.0021071743522790565,11.600000000000009,-2.8100000000000023,-0.7316583422929209,0
Cape Coast,Central,2022-08-28,0.14765634757424387,19.8,25.985714285714288,21.985714285714288,98.28571428571429,20.4,28.21876209244228,0.0021071743522790565,7.500000000000007,-0.5999999999999979,-0.531681774280954,0
Cape Coast,Central,2022-09-04,0.14906113047576325,19.7,26.842857142857145,22.042857142857144,98.0,23.88,27.999795864956862,0.0021071743522790565,3.125000000000007,-4.18,-0.3098763510584631,0
Cape Coast,Central,2022-09-11,0.1504659133772826,8.3,26.814285714285713,22.685714285714287,96.14285714285714,24.509999999999998,27.021457390404805,0.0021071743522790287,-8.899999999999991,-16.209999999999997,-0.2878049530122666,0
Cape Coast,Central,2022-09-18,0.15187069627880198,21.2,26.728571428571428,22.75714285714286,97.0,23.81,30.652918897162465,0.0021071743522790565,3.9500000000000064,-2.6099999999999994,-0.28537952465554167,0
Cape Coast,Central,2022-09-25,0.15327547918032133,30.8,26.97142857142857,22.67142857142857,98.0,23.04,30.245329576269455,0.0021071743522790565,10.800000000000008,7.760000000000002,-0.18399661934444142,0
Cape Coast,Central,2022-10-02,0.1546802620818407,31.299999999999997,27.085714285714285,22.885714285714283,96.14285714285714,22.52,29.837740255376445,0.0021071743522790565,8.400000000000006,8.779999999999998,-0.026828861828668813,0
Cape Coast,Central,2022-10-09,0.15608504498336007,20.6,28.142857142857142,22.857142857142858,97.0,26.47,27.77456140350876,0.0021071743522790287,-5.374999999999993,-5.869999999999997,0.09856578421400783,0
Cape Coast,Central,2022-10-16,0.15748982788487945,39.6,28.32857142857143,22.485714285714288,97.57142857142857,25.3,28.27282712658911,0.0021071743522790565,9.02500000000001,14.3,0.303635751775097,0
Cape Coast,Central,2022-10-23,0.1588946107863988,18.6,28.657142857142855,23.071428571428573,97.14285714285714,27.54,28.771092849669458,0.0021071743522790565,-8.92499999999999,-8.939999999999998,0.10111248398856898,0
Cape Coast,Central,2022-10-30,0.16029939368791818,29.2,29.185714285714287,23.571428571428573,96.85714285714286,27.880000000000003,29.26935857274981,0.0021071743522790565,2.2000000000000064,1.3199999999999967,0.010644006282730685,0
Cape Coast,Central,2022-11-06,0.16170417658943753,21.9,29.214285714285715,23.82857142857143,95.57142857142857,27.18,29.77272883651136,0.0021071743522790287,-5.424999999999994,-5.280000000000001,0.017799019935069056,0
Cape Coast,Central,2022-11-13,0.16310895949095688,26.9,28.885714285714283,23.214285714285715,97.14285714285714,25.52,31.340798618972254,0.0021071743522790287,2.750000000000007,1.379999999999999,-0.13888365190935864,0
Cape Coast,Central,2022-11-20,0.16451374239247626,7.3,29.02857142857143,23.071428571428573,96.0,27.22,27.94429631781071,0.0021071743522790565,-14.024999999999991,-19.919999999999998,-0.27203966869355495,0
Cape Coast,Central,2022-11-27,0.16591852529399564,10.6,29.75714285714286,23.657142857142855,95.0,27.57,29.793543382375617,0.0021071743522790565,-6.074999999999994,-16.97,-0.4938450919160458,0
Cape Coast,Central,2022-12-04,0.167323308195515,48.8,29.342857142857145,23.057142857142857,96.28571428571429,23.4,30.344610204910907,0.0021071743522790565,25.400000000000006,25.4,-0.12178438199444815,0
Cape Coast,Central,2022-12-11,0.16872809109703435,7.6,29.52857142857143,23.785714285714285,95.42857142857143,26.0,29.127317813427624,0.0021071743522790287,-10.974999999999993,-18.4,-0.3616592464745394,0
Cape Coast,Central,2022-12-18,0.17013287399855373,13.4,29.885714285714283,23.714285714285715,96.0,26.02,29.584434590724783,0.0021071743522790565,-6.699999999999994,-12.62,-0.27313111145408103,0
Cape Coast,Central,2022-12-25,0.1715376569000731,12.9,29.985714285714288,22.771428571428572,96.42857142857143,25.41,30.041551368021945,0.0021071743522790842,-7.774999999999993,-12.51,-0.2190440590991161,0
Cape Coast,Central,2023-01-01,0.17294243980159246,0.5,30.67142857142857,22.142857142857142,96.57142857142857,28.55,29.79258108699196,0.0021071743522790565,-8.099999999999993,-28.05,-0.8672397874338421,0
Cape Coast,Central,2023-01-08,0.14404984258694445,0.7,31.0,23.214285714285715,94.57142857142857,28.29,29.697321909022747,-0.020615860734846475,-6.174999999999993,-27.59,-0.9786882204253506,0
Cape Coast,Central,2023-01-15,0.11515724537229641,8.8,30.400000000000002,23.87142857142857,97.14285714285714,26.62,29.602062731053536,-0.0357645507929302,3.075000000000008,-17.82,-1.041749357700198,0
Cape Coast,Central,2023-01-22,0.0862646481576484,14.6,30.157142857142855,23.914285714285715,96.42857142857143,25.75,28.374218593324716,-0.043338895821972034,8.450000000000006,-11.15,-1.0252564448744685,0
Cape Coast,Central,2023-01-29,0.10782421804465153,16.9,30.3,23.87142857142857,95.57142857142857,25.14,31.26912797442202,-0.0054997704957336635,6.650000000000006,-8.240000000000002,-0.7850177661408686,0
Cape Coast,Central,2023-02-05,0.12938378793165467,18.3,30.142857142857142,23.728571428571428,98.0,25.91,32.33620483471424,0.019726313055091912,3.6500000000000092,-7.609999999999999,-0.5427174733040523,0
Cape Coast,Central,2023-02-12,0.1509433578186578,3.8,30.285714285714285,24.071428571428573,97.0,28.270000000000003,29.6864334506937,0.03233935483050471,-9.599999999999994,-24.470000000000002,-0.6233629661651549,0
Cape Coast,Central,2023-02-19,0.14600703724242922,5.6,31.357142857142858,23.942857142857143,97.14285714285714,30.21,26.31415094339627,0.01246743698308092,-5.549999999999994,-24.61,-0.7865942945727397,0
Cape Coast,Central,2023-02-26,0.14107071666620066,14.799999999999999,30.957142857142856,25.042857142857144,94.57142857142857,29.21,33.66727365934116,-0.000780508248534928,4.175000000000006,-14.410000000000002,-0.8614187593777025,0
Cape Coast,Central,2023-03-05,0.13613439608997208,10.5,30.957142857142856,24.714285714285715,96.57142857142857,29.23,33.2323402504328,-0.007404480864342866,1.8250000000000064,-18.73,-0.9962725760116062,0
Cape Coast,Central,2023-03-12,0.1311980755137435,6.199999999999999,30.414285714285715,24.8,95.28571428571429,25.3,32.797406841524435,-0.007404480864342866,-3.074999999999992,-19.1,-0.931149824633543,0
Cape Coast,Central,2023-03-19,0.1262617549375149,5.2,30.685714285714287,24.814285714285713,93.28571428571429,29.66,32.98572370884585,-0.007404480864342866,-3.9749999999999934,-24.46,-0.9293307533659992,0
Cape Coast,Central,2023-03-26,0.12132543436128634,27.1,30.214285714285715,24.485714285714288,93.42857142857143,26.58,34.4678720380611,-0.007404480864342866,14.850000000000009,0.5200000000000031,-0.7482725265364863,0
Cape Coast,Central,2023-04-02,0.11638911378505776,7.6,30.900000000000002,24.585714285714285,93.14285714285714,31.91,30.683254365363094,-0.007404480864342866,-3.9249999999999936,-24.310000000000002,-0.8159419776891108,0
Cape Coast,Central,2023-04-09,0.11145279320882917,23.5,30.900000000000002,24.37142857142857,94.28571428571429,30.54,34.08348519623593,-0.007404480864342866,7.650000000000006,-7.039999999999999,-0.6696886477786,0
Cape Coast,Central,2023-04-16,0.1065164726326006,13.3,30.82857142857143,25.185714285714287,93.28571428571429,30.46,35.084216676569554,-0.007404480864342866,-4.574999999999992,-17.16,-0.5811605127581416,0
Cape Coast,Central,2023-04-23,0.1120445200153832,31.900000000000002,30.8,24.442857142857143,96.42857142857143,29.8,36.94374481249537,0.0004437951049155314,12.825000000000006,2.1000000000000014,-0.5619996287400151,0
Cape Coast,Central,2023-04-30,0.115218673568421,51.599999999999994,30.342857142857145,24.1,98.85714285714286,25.42,34.74501037645172,0.003910558712112502,21.525,26.179999999999993,0.0502997599151825,0
Cape Coast,Central,2023-05-07,0.11839282712145881,5.6,30.599999999999998,24.37142857142857,94.14285714285714,30.270000000000003,32.546275940408066,0.005349703786992913,-19.999999999999993,-24.67,-0.1635017497301163,0
Cape Coast,Central,2023-05-14,0.1215669806744966,11.8,31.085714285714285,24.97142857142857,94.28571428571429,30.92,31.44634432560906,0.0047612303295567066,-13.42499999999999,-19.12,-0.1872709476260202,0
Cape Coast,Central,2023-05-21,0.1247411342275344,45.6,29.52857142857143,24.485714285714288,97.42857142857143,24.07,31.179384748166,0.004761230329556693,16.95000000000001,21.53,0.04835941722980254,0
Cape Coast,Central,2023-05-28,0.1279152877805722,29.0,29.642857142857142,24.428571428571427,96.57142857142857,26.4,31.33750125187788,0.0047612303295567066,6.000000000000007,2.6000000000000014,-0.2375985860280615,0
Cape Coast,Central,2023-06-04,0.13108944133361,34.8,28.857142857142858,24.285714285714285,96.85714285714286,22.98,29.95054624620667,0.004761230329556693,4.5000000000000036,11.819999999999997,0.20492081765639406,0
Cape Coast,Central,2023-06-11,0.1342635948866478,88.3,28.085714285714285,23.75714285714286,98.57142857142857,20.6,29.58229301358557,0.004761230329556693,38.87500000000001,67.69999999999999,1.2577992673106673,0
Cape Coast,Central,2023-06-18,0.1374377484396856,14.4,28.985714285714288,23.67142857142857,88.71428571428571,29.93,7.050508674414743,0.004761230329556693,-27.224999999999994,-15.53,0.8083673928095457,0
Cape Coast,Central,2023-06-25,0.1406119019927234,137.70000000000002,26.614285714285717,23.014285714285712,99.14285714285714,16.97,16.135934588358936,0.004761230329556693,68.90000000000002,120.73000000000002,2.2409466517091,0
Cape Coast,Central,2023-07-02,0.1437860555457612,46.2,27.7,22.52857142857143,94.42857142857143,23.34,25.221360502303128,0.00476123032955672,-25.44999999999999,22.860000000000003,2.3748302970003143,0
Cape Coast,Central,2023-07-09,0.146960209098799,39.4,28.214285714285715,22.75714285714286,98.14285714285714,23.18,25.764359745089365,0.004761230329556693,-20.025,16.22,1.7505250379793285,0
Cape Coast,Central,2023-07-16,0.1501343626518368,47.0,28.042857142857144,22.8,97.57142857142857,23.75,26.3073589878756,0.004761230329556693,-20.575000000000003,23.25,2.220815596348284,0
Cape Coast,Central,2023-07-23,0.1533085162048746,27.5,27.74285714285714,23.099999999999998,98.0,21.32,26.30547990902204,0.004761230329556693,-12.524999999999991,6.18,0.8316515050341048,0
Cape Coast,Central,2023-07-30,0.15648266975791242,24.9,27.900000000000002,23.25714285714286,96.85714285714286,22.18,27.207436924207997,0.00476123032955672,-9.79999999999999,2.719999999999999,0.5874108695119087,0
Cape Coast,Central,2023-08-06,0.1596568233109502,34.4,27.214285714285715,23.457142857142856,94.71428571428571,22.240000000000002,28.109393939393957,0.00476123032955672,0.95000000000001,12.159999999999997,0.5381746738703935,0
Cape Coast,Central,2023-08-13,0.162830976863988,18.6,27.400000000000002,22.928571428571427,95.71428571428571,24.23,27.359545454545472,0.004761230329556693,-7.749999999999989,-5.629999999999999,0.18794281915931985,0
Cape Coast,Central,2023-08-20,0.1660051304170258,56.6,27.37142857142857,22.457142857142856,98.85714285714286,21.91,26.609696969696984,0.004761230329556693,22.97500000000001,34.69,0.5336876314104524,0
Cape Coast,Central,2023-08-27,0.1691792839700636,13.3,27.728571428571428,23.457142857142856,96.71428571428571,23.66,25.8598484848485,0.004761230329556693,-17.424999999999994,-10.36,0.37506461688064485,0
Cape Coast,Central,2023-09-03,0.1723534375231014,53.0,27.842857142857145,23.3,96.57142857142857,23.66,25.110000000000014,0.004761230329556693,17.625000000000007,29.34,0.5834089127233126,0
Cape Coast,Central,2023-09-10,0.1755275910761392,24.7,28.3,22.52857142857143,97.57142857142857,26.61,22.69551724137932,0.00476123032955672,-12.199999999999992,-1.9100000000000001,0.6285218801583955,0
Cape Coast,Central,2023-09-17,0.17870174462917698,31.0,28.085714285714285,23.285714285714285,97.57142857142857,24.32,31.755809931778515,0.00476123032955672,0.5000000000000036,6.68,0.2888406387990752,0
Cape Coast,Central,2023-09-24,0.1818758981822148,27.5,28.75714285714286,22.885714285714283,98.42857142857143,24.55,30.37773480287109,0.00476123032955672,-6.54999999999999,2.9499999999999993,0.4502528959391164,0
Cape Coast,Central,2023-10-01,0.1850500517352526,21.9,29.157142857142855,23.47142857142857,96.85714285714286,27.759999999999998,31.041533180778003,0.004761230329556693,-4.374999999999993,-5.859999999999999,0.023377505155536306,0
Cape Coast,Central,2023-10-08,0.1882242052882904,47.0,29.114285714285717,23.25714285714286,98.0,25.509999999999998,29.670198087220346,0.004761230329556693,15.15000000000001,21.490000000000002,0.30715262289234807,0
Cape Coast,Central,2023-10-15,0.19139835884132822,81.1,29.75714285714286,23.17142857142857,98.71428571428571,24.57,29.340467475871638,0.004761230329556693,36.72500000000001,56.529999999999994,0.911690640806026,0
Cape Coast,Central,2023-10-22,0.19457251239436602,21.5,29.52857142857143,22.985714285714288,98.28571428571429,28.74,29.01073686452293,0.004761230329556693,-21.374999999999986,-7.239999999999998,0.7881150660308929,0
Cape Coast,Central,2023-10-29,0.1977466659474038,59.2,29.485714285714288,23.32857142857143,97.42857142857143,25.630000000000003,29.25244812910097,0.004761230329556693,7.000000000000014,33.57,1.2662882665592043,0
Cape Coast,Central,2023-11-05,0.2009208195004416,15.600000000000001,30.071428571428573,23.67142857142857,98.0,26.39,27.311864794383155,0.004761230329556693,-28.749999999999986,-10.79,0.8748241297838079,0
Cape Coast,Central,2023-11-12,0.2040949730534794,26.7,30.271428571428572,23.728571428571428,97.71428571428571,27.18,29.185764031736767,0.004761230329556693,-4.049999999999994,-0.4800000000000004,0.18345577669937882,0
Cape Coast,Central,2023-11-19,0.2072691266065172,10.5,30.599999999999998,24.014285714285712,96.28571428571429,27.32,29.27991033269092,0.004761230329556693,-17.499999999999993,-16.82,0.06727775841225674,0
Cape Coast,Central,2023-11-26,0.210443280159555,32.8,30.37142857142857,24.171428571428574,95.28571428571429,25.69,27.796301746008112,0.004761230329556693,11.400000000000006,7.109999999999996,-0.2536064131824458,0
Cape Coast,Central,2023-12-03,0.21361743371259279,19.8,30.514285714285712,23.400000000000002,97.28571428571429,27.42,30.10119777158769,0.004761230329556693,-2.6499999999999915,-7.620000000000001,-0.2151633737283564,0
Cape Coast,Central,2023-12-10,0.21679158726563058,9.3,30.814285714285713,23.857142857142858,96.71428571428571,27.349999999999998,29.72761654134089,0.004761230329556693,-8.799999999999994,-18.049999999999997,-0.4282372548666377,0
Cape Coast,Central,2023-12-17,0.2199657408186684,4.1000000000000005,31.24285714285714,22.87142857142857,95.85714285714286,29.38,29.35403531109409,0.00476123032955672,-12.399999999999991,-25.279999999999998,-0.5308328743561004,0
Cape Coast,Central,2023-12-24,0.1847100473885867,1.6,32.628571428571426,23.214285714285715,94.85714285714286,30.52,30.011798375915987,-0.024061154907782933,-7.099999999999994,-28.919999999999998,-0.9677737928200887,0
Cape Coast,Central,2023-12-31,0.1847100473885867,11.0,31.657142857142855,24.428571428571427,98.0,27.07,28.528609310548063,-0.0168343083267814,4.500000000000007,-16.07,-1.070248140891715,0
Dambai,Oti,2019-01-06,0.2873925254131881,0.0,35.1,21.55,76.83333333333333,28.1,30.91289722460931,0.0,0.0,-28.1,-0.2668285834468077,0
Dambai,Oti,2019-01-13,0.2621671734764356,0.0,34.628571428571426,22.514285714285712,87.85714285714286,29.54,31.21324098882769,-0.01261267596837623,0.0,-29.54,-0.47516962550627273,0
Dambai,Oti,2019-01-20,0.18366629565630663,2.5,34.01428571428572,25.285714285714285,94.14285714285714,27.18,32.20441711743575,-0.060742369192336804,1.6666666666666665,-24.68,-0.6492338407407886,0
Dambai,Oti,2019-01-27,0.2367114111904055,0.0,35.72857142857143,23.47142857142857,91.14285714285714,31.61,33.18823264749,-0.005772940243678443,-0.625,-31.61,-0.872174272003473,0
Dambai,Oti,2019-02-03,0.1603128971145682,2.9,34.457142857142856,25.714285714285715,91.14285714285714,29.32,31.43229007633579,-0.05040154724486079,1.5499999999999998,-26.42,-0.8603254923602806,0
Dambai,Oti,2019-02-10,0.1554768214656403,0.6,35.55714285714286,25.728571428571428,92.42857142857143,31.33,31.8430734037712,-0.028565034891089858,-0.9,-30.729999999999997,-0.8687183779408751,0
Dambai,Oti,2019-02-17,0.1524137974311386,0.2,36.31428571428571,22.714285714285715,82.85714285714286,35.52,33.09739965118027,-0.023814934369299573,-0.7249999999999999,-35.32,-0.9437606490144265,0
Dambai,Oti,2019-02-24,0.15646295350575515,11.5,35.07142857142857,26.900000000000002,90.57142857142857,33.35,34.351725898589336,0.00029633612647958496,7.7,-21.85,-0.8749248815634997,0
Dambai,Oti,2019-03-03,0.18112037974887363,0.1,35.67142857142857,26.114285714285717,88.71428571428571,33.24,36.7007524977866,0.019751891711021707,-2.9999999999999996,-33.14,-0.922320000136269,0
Dambai,Oti,2019-03-10,0.1731776956342915,6.3,34.628571428571426,27.314285714285713,86.42857142857143,33.8,34.57637792587144,0.007383989054276785,1.7750000000000004,-27.499999999999996,-0.8995393107032266,0
Dambai,Oti,2019-03-17,0.18046832096231136,31.6,35.128571428571426,26.771428571428572,91.85714285714286,32.75,31.73925815144952,0.007660983499503449,19.225,-1.1499999999999986,-0.6585435961747255,0
Dambai,Oti,2019-03-24,0.18023272525045825,21.6,34.05714285714286,27.614285714285717,87.71428571428571,30.9,35.140871796168085,0.0014829448514745713,6.700000000000001,-9.299999999999997,-0.5700303911020684,0
Dambai,Oti,2019-03-31,0.2624905719408848,17.8,34.1,27.02857142857143,89.85714285714286,33.19,35.19386931174296,0.06339824349389833,-1.5249999999999986,-15.389999999999997,-0.4448423918957209,0
Dambai,Oti,2019-04-07,0.2985896663469204,22.0,33.98571428571429,27.542857142857144,88.57142857142857,31.28,31.789984805443623,0.0681443452217767,-1.25,-9.280000000000001,-0.3163395555272898,0
Dambai,Oti,2019-04-14,0.32980965917853944,15.799999999999999,33.55714285714286,27.042857142857144,90.85714285714286,30.84,32.10107538639295,0.06202900349933871,-3.5000000000000018,-15.040000000000001,-0.4143035729343979,0
Dambai,Oti,2019-04-21,0.2104078758516709,6.5,33.471428571428575,27.3,88.71428571428571,33.8,32.41216596734228,-0.064916567477833,-9.025,-27.299999999999997,-0.5412547833971728,0
Dambai,Oti,2019-04-28,0.23630203589072143,34.6,32.75714285714286,27.071428571428573,90.28571428571429,30.39,33.593027185589165,-0.032475273426241597,14.875,4.210000000000001,-0.4030190208932623,0
Dambai,Oti,2019-05-05,0.262196195929772,15.399999999999999,32.271428571428565,27.3,90.71428571428571,28.79,28.242041793398585,0.0025172542170960877,-2.6750000000000007,-13.39,-0.43200621394892924,0
Dambai,Oti,2019-05-12,0.28809035596882254,3.9,32.857142857142854,27.342857142857145,90.14285714285714,32.29,33.8868667526541,0.03884124005857581,-11.2,-28.39,-0.526161695042154,0
Dambai,Oti,2019-05-19,0.2070375192928079,25.400000000000002,32.45714285714286,26.414285714285715,91.71428571428571,30.77,30.80671454119744,-0.041369007477723096,5.575000000000003,-5.369999999999997,-0.37149280362833986,0
Dambai,Oti,2019-05-26,0.21295723358917398,17.1,31.585714285714285,26.714285714285715,90.42857142857143,28.07,25.883100240843817,-0.029613092605970115,1.6500000000000021,-10.969999999999999,-0.47855499111861344,0
Dambai,Oti,2019-06-02,0.21887694788554005,45.9,30.599999999999998,25.400000000000002,93.85714285714286,24.29,27.942857915809952,-0.01286356629854607,22.824999999999996,21.61,-0.23170541521877325,0
Dambai,Oti,2019-06-09,0.22479666218190614,56.7,30.057142857142857,24.885714285714283,96.71428571428571,24.44,27.567631481368466,0.008879571444549095,20.425000000000004,32.260000000000005,0.19604963559052133,0
Dambai,Oti,2019-06-16,0.23071637647827223,33.3,29.228571428571428,24.900000000000002,96.71428571428571,22.38,27.19240504692698,0.00887957144454915,-4.950000000000003,10.919999999999998,0.3109404810593327,0
Dambai,Oti,2019-06-23,0.23663609077463832,9.2,30.25714285714286,25.814285714285713,93.28571428571429,24.6,26.617674124247458,0.00887957144454915,-27.075000000000006,-15.400000000000002,0.2796963775954386,0
Dambai,Oti,2019-06-30,0.24255580507100438,27.4,29.485714285714288,24.900000000000002,94.57142857142857,25.59,27.13515565418504,0.008879571444549123,-4.2500000000000036,1.8099999999999987,0.14005004608638608,0
Dambai,Oti,2019-07-07,0.24847551936737047,56.8,29.642857142857142,24.657142857142855,96.0,22.99,24.66922151702101,0.008879571444549123,25.124999999999996,33.81,0.15098195587623614,0
Dambai,Oti,2019-07-14,0.25439523366373656,45.8,28.114285714285717,24.157142857142855,95.14285714285714,20.580000000000002,25.524851735690333,0.008879571444549123,11.0,25.219999999999995,0.2518376397438852,0
Dambai,Oti,2019-07-21,0.2603149479601026,119.9,28.0,23.88571428571429,97.42857142857143,17.82,27.879231964016924,0.008879571444549095,57.425,102.08000000000001,1.080405873364263,0
Dambai,Oti,2019-07-28,0.26623466225646875,90.5,28.314285714285713,23.857142857142858,98.0,21.9,21.50890153389417,0.00887957144454915,12.25,68.6,1.5514653926314153,0
Dambai,Oti,2019-08-04,0.2721543765528348,57.099999999999994,28.014285714285712,23.599999999999998,98.14285714285714,20.28,22.440248958957568,0.008879571444549095,-21.22500000000001,36.81999999999999,1.5726944561588014,0
Dambai,Oti,2019-08-11,0.2780740908492009,17.7,28.385714285714283,24.32857142857143,94.0,25.72,23.37159638402096,0.008879571444549095,-53.599999999999994,-8.02,1.3382578875042102,0
Dambai,Oti,2019-08-18,0.283993805145567,29.3,28.885714285714283,24.25714285714286,95.28571428571429,26.06,26.34808493055732,0.00887957144454915,-19.350000000000005,3.240000000000002,0.6411546851630616,0
Dambai,Oti,2019-08-25,0.28991351944193305,79.3,28.5,23.914285714285715,97.42857142857143,22.15,25.66168872987481,0.00887957144454915,33.449999999999996,57.15,0.5603996096186854,0
Dambai,Oti,2019-09-01,0.2958332337382992,66.9,28.271428571428572,23.642857142857142,98.28571428571429,22.13,26.566955888472705,0.00887957144454915,18.6,44.77000000000001,0.6164697275730778,0
Dambai,Oti,2019-09-08,0.30175294803466524,60.300000000000004,28.428571428571427,23.82857142857143,98.0,22.41,28.06748809587509,0.00887957144454915,1.3499999999999943,37.89,0.9402658427034108,0
Dambai,Oti,2019-09-15,0.3076726623310313,58.5,28.0,23.728571428571428,98.85714285714286,18.44,30.585774908096766,0.008879571444549095,-7.75,40.06,1.1999515965500427,0
Dambai,Oti,2019-09-22,0.31359237662739736,76.3,28.8,24.042857142857144,98.0,21.1,29.81697740255794,0.008879571444549095,10.799999999999997,55.199999999999996,1.186198548749909,0
Dambai,Oti,2019-09-29,0.3195120909237635,28.8,29.87142857142857,24.52857142857143,97.14285714285714,22.55,27.66847151482696,0.00887957144454915,-27.175000000000008,6.25,0.9145229583595704,0
Dambai,Oti,2019-10-06,0.32543180522012954,90.8,28.657142857142855,23.928571428571427,98.14285714285714,19.85,25.519965627095985,0.00887957144454915,27.199999999999996,70.94999999999999,1.1476900149095335,0
Dambai,Oti,2019-10-13,0.33135151951649566,146.20000000000002,27.657142857142855,23.485714285714288,99.14285714285714,16.15,26.75924511200293,0.00887957144454915,60.67500000000001,130.05,1.7823755387731512,0
Dambai,Oti,2019-10-20,0.3372712338128617,344.40000000000003,29.342857142857145,24.114285714285717,98.14285714285714,20.86,28.041607344851517,0.00887957144454915,191.85000000000002,323.54,3.6749359729720976,0
Dambai,Oti,2019-10-27,0.2485151498196611,35.2,30.014285714285712,24.599999999999998,97.71428571428571,22.89,29.70496964616831,-0.0621272772726259,-118.95000000000003,12.310000000000002,3.717676213827899,0
Dambai,Oti,2019-11-03,0.1597590658264605,31.7,29.87142857142857,24.32857142857143,97.85714285714286,23.04,28.785220160760275,-0.10946517641740927,-107.675,8.66,3.2783544971764407,0
Dambai,Oti,2019-11-10,0.406848466611491,4.300000000000001,31.571428571428573,25.400000000000002,96.14285714285714,28.54,30.429738890854765,0.11874998759387245,-99.60000000000001,-24.24,2.1901710381596877,0
Dambai,Oti,2019-11-17,0.4051595897154329,7.4,31.771428571428572,26.071428571428573,94.85714285714286,27.0,29.491861887669927,0.10008902172217155,-12.250000000000002,-19.6,-0.22994220396234583,0
Dambai,Oti,2019-11-24,0.2987093215031213,1.2,32.3,26.042857142857144,94.85714285714286,25.91,29.3385903139376,-0.01890978941100513,-9.950000000000001,-24.71,-0.49103852681411964,0
Dambai,Oti,2019-12-01,0.3327076729315869,0.30000000000000004,33.785714285714285,25.714285714285715,93.42857142857143,28.51,29.185318740205275,-0.028148589758821174,-3.0,-28.21,-0.7510769229120369,0
Dambai,Oti,2019-12-08,0.1527766103914697,3.4000000000000004,33.0,25.67142857142857,94.42857142857143,26.5,29.04990470653649,-0.14456168824393303,0.3250000000000002,-23.1,-0.7430366795827279,0
Dambai,Oti,2019-12-15,0.2694319550820645,0.5,33.44285714285714,25.0,95.42857142857143,26.3,31.138361053536016,0.006025565105003905,-0.8500000000000001,-25.8,-0.7867643187421283,0
Dambai,Oti,2019-12-22,0.2625143597371957,0.0,34.5,24.32857142857143,91.28571428571429,28.09,31.14774076133648,0.008156710201616513,-1.05,-28.09,-0.810602934929027,0
Dambai,Oti,2019-12-29,0.23093691595427487,0.0,35.1,20.485714285714288,85.71428571428571,29.82,30.35959405490104,0.0020219556630236557,-0.9750000000000001,-29.82,-0.8219580154204197,0
Dambai,Oti,2020-01-05,0.23067880740523689,0.0,32.84285714285714,20.057142857142857,69.85714285714286,35.69,29.14263358778618,-0.01771170213945611,-0.125,-35.69,-0.9107533342941052,0
Dambai,Oti,2020-01-12,0.20550054077680432,1.3,34.07142857142857,22.771428571428572,86.57142857142857,28.8,29.743824124159403,-0.026907115191573627,0.9750000000000001,-27.5,-0.9227431708378117,0
Dambai,Oti,2020-01-19,0.2000798951543868,0.2,35.3,22.2,85.57142857142857,32.51,31.51248268540496,-0.016719144668288943,-0.175,-32.309999999999995,-0.9525061768463067,0
Dambai,Oti,2020-01-26,0.16857796924720253,0.0,35.65714285714286,21.714285714285715,84.71428571428571,33.4,31.992524139325557,-0.032631333898705095,-0.375,-33.4,-0.9777553620383476,0
Dambai,Oti,2020-02-02,0.13707604334001824,0.0,35.385714285714286,20.2,85.0,33.1,34.64401370001508,-0.04073256878958473,-0.375,-33.1,-0.9594884934217593,0
Dambai,Oti,2020-02-09,0.16945609978454224,0.0,35.699999999999996,20.3,74.28571428571429,38.379999999999995,32.90595773722248,0.0006585979030047928,-0.05,-38.379999999999995,-1.036223447301481,0
Dambai,Oti,2020-02-16,0.17419174307162644,0.0,36.385714285714286,21.599999999999998,75.14285714285714,37.26,31.16790177442988,0.011866279210779068,0.0,-37.26,-1.0711350301787441,0
Dambai,Oti,2020-02-23,0.17935837918551845,0.2,36.65714285714286,25.614285714285717,92.14285714285714,34.69,32.255535362216165,0.014337812840092112,0.15000000000000002,-34.489999999999995,-1.0788226312567677,0
Dambai,Oti,2020-03-01,0.1535746607085029,0.0,36.971428571428575,25.114285714285717,89.14285714285714,36.04,33.19951266366712,-0.015570559979044607,-0.05,-36.04,-1.0995579956323542,0
Dambai,Oti,2020-03-08,0.12779094223148735,0.7000000000000001,35.25714285714286,27.771428571428572,87.14285714285714,34.21,34.51619129467667,-0.030937989067796434,0.47500000000000003,-33.51,-1.065210640357148,0
Dambai,Oti,2020-03-15,0.1247322141422838,30.0,34.199999999999996,26.657142857142855,93.0,30.189999999999998,29.615482311020628,-0.021631834924664334,22.275,-0.18999999999999773,-0.8037616752540885,0
Dambai,Oti,2020-03-22,0.1734204007899806,26.1,34.07142857142857,27.37142857142857,88.71428571428571,32.17,31.99042104376736,0.028540846321916946,11.900000000000002,-6.07,-0.6033198196234183,0
Dambai,Oti,2020-03-29,0.2221085874376774,25.5,32.58571428571428,26.342857142857145,92.57142857142857,28.78,27.64662439230608,0.06009555128732011,4.925000000000001,-3.280000000000001,-0.37226861658116794,0
Dambai,Oti,2020-04-05,0.2163185036148331,16.3,34.17142857142857,27.271428571428572,87.57142857142857,35.03,29.18786246305126,0.03217357711863936,-8.175,-18.73,-0.2680275671011783,0
Dambai,Oti,2020-04-12,0.2105284197919888,50.4,32.91428571428572,26.02857142857143,94.14285714285714,33.09,30.72910053379644,0.004934441883368834,20.825,17.309999999999995,-0.14460277915125824,0
Dambai,Oti,2020-04-19,0.3132776325298594,7.0,33.385714285714286,27.514285714285712,88.85714285714286,33.38,31.193251857843396,0.07271934668626973,-17.8,-26.380000000000003,-0.2878460616234227,0
Dambai,Oti,2020-04-26,0.3785865011433843,23.299999999999997,31.485714285714288,26.52857142857143,90.85714285714286,26.759999999999998,28.36725342500364,0.09890873687336788,-0.9500000000000028,-3.460000000000001,-0.2891155737280504,0
Dambai,Oti,2020-05-03,0.4438953697569092,1.4,32.84285714285714,27.099999999999998,89.14285714285714,34.37,30.415458268034968,0.10732338895137378,-19.125,-32.97,-0.3895480868941569,0
Dambai,Oti,2020-05-10,0.3746658048854287,9.2,32.885714285714286,27.071428571428573,90.71428571428571,31.55,30.409437782895225,-0.002940522193466688,-1.0250000000000004,-22.35,-0.6692639206138042,0
Dambai,Oti,2020-05-17,0.4066931464637709,18.8,32.34285714285714,26.52857142857143,92.42857142857143,30.51,25.57617994145744,0.005732940901397643,5.625000000000002,-11.71,-0.5657986840866427,0
Dambai,Oti,2020-05-24,0.24878781015688262,18.4,32.42857142857143,26.785714285714285,89.71428571428571,32.74,29.44286035630722,-0.11972272265886524,6.449999999999999,-14.340000000000003,-0.6425336379663644,0
Dambai,Oti,2020-05-31,0.3270561858251837,26.299999999999997,30.814285714285713,26.02857142857143,95.85714285714286,25.26,27.989297822820674,-0.012244551007632776,8.125,1.0399999999999956,-0.4026663786419769,0
Dambai,Oti,2020-06-07,0.4053245614934848,43.2,30.771428571428572,25.857142857142858,93.71428571428571,25.19,26.535735289334127,0.05835913550865429,16.525000000000006,18.01,-0.11801355340433262,0
Dambai,Oti,2020-06-14,0.4073093393013852,13.600000000000001,30.085714285714285,24.8,95.14285714285714,24.84,23.003302629624216,0.06018986510715113,-11.774999999999999,-11.239999999999998,-0.11469871624224903,0
Dambai,Oti,2020-06-21,0.40929411710928565,39.2,30.057142857142857,25.47142857142857,93.28571428571429,23.46,25.986793509413985,0.022048066176950765,8.625000000000004,15.740000000000002,0.09745086213109938,0
Dambai,Oti,2020-06-28,0.41127889491718606,30.700000000000003,30.0,25.114285714285717,93.71428571428571,25.88,27.257297672267494,0.002977166711850665,-0.9749999999999979,4.820000000000004,0.12411061632828219,0
Dambai,Oti,2020-07-05,0.41326367272508646,88.9,28.3,24.042857142857144,96.71428571428571,19.509999999999998,23.62860117192372,0.0029771667118506095,45.800000000000004,69.39000000000001,0.4864857937492477,0
Dambai,Oti,2020-07-12,0.4152484505329869,93.1,27.857142857142858,24.02857142857143,96.57142857142857,18.54,25.1925968156138,0.0029771667118506095,30.124999999999993,74.56,1.0916198969551416,0
Dambai,Oti,2020-07-19,0.41723322834088733,78.3,27.857142857142858,24.0,96.57142857142857,20.009999999999998,25.950520458709263,0.002977166711850665,5.549999999999997,58.29,1.39171845279909,0
Dambai,Oti,2020-07-26,0.41921800614878774,65.6,27.785714285714285,24.02857142857143,96.14285714285714,20.830000000000002,26.10654477449765,0.0029771667118506095,-15.875,44.769999999999996,1.6734796115761934,0
Dambai,Oti,2020-08-02,0.4212027839566882,26.200000000000003,28.814285714285713,23.928571428571427,93.57142857142857,24.59,26.26256909028604,0.002977166711850665,-39.599999999999994,1.610000000000003,1.1954377757335883,0
Dambai,Oti,2020-08-09,0.4231875617645886,5.8,28.942857142857143,24.12857142857143,90.85714285714286,28.74,29.023947155567384,0.002977166711850665,-38.175000000000004,-22.939999999999998,0.5077853857268909,0
Dambai,Oti,2020-08-16,0.4063535178588489,85.6,28.571428571428573,23.457142857142856,95.42857142857143,23.72,26.554178489200865,-0.011136949573379462,39.8,61.879999999999995,0.5331050993691887,0
Dambai,Oti,2020-08-23,0.38951947395310915,29.200000000000003,28.957142857142856,24.37142857142857,93.71428571428571,25.599999999999998,26.328756224102563,-0.02054636043019953,-7.5,3.600000000000005,0.24273946966071966,0
Dambai,Oti,2020-08-30,0.3726854300473694,47.7,28.67142857142857,24.099999999999998,95.0,25.35,26.331118663091672,-0.02525106585860959,5.625,22.35,0.38901547549393933,0
Dambai,Oti,2020-09-06,0.3558513861416297,66.0,27.914285714285715,23.8,98.14285714285714,20.15,24.692297297297387,-0.02525106585860959,8.875,45.85,0.8741806848125109,0
Dambai,Oti,2020-09-13,0.33901734223589,125.19999999999999,28.314285714285713,23.714285714285715,97.71428571428571,18.18,17.70442532889973,-0.02525106585860959,58.17499999999998,107.01999999999998,1.1925461092730474,0
Dambai,Oti,2020-09-20,0.32218329833015025,35.1,28.7,24.028571428571432,97.14285714285714,21.03,23.374650318466593,-0.02525106585860959,-33.4,14.07,1.2663893966922282,0
Dambai,Oti,2020-09-27,0.3053492544244105,36.7,28.928571428571427,24.228571428571428,96.71428571428571,21.88,29.04487530803345,-0.02525106585860959,-29.049999999999997,14.820000000000004,1.213281473648634,0
Dambai,Oti,2020-10-04,0.2885152105186708,84.7,28.614285714285717,23.571428571428573,97.71428571428571,21.76,26.008520603835223,-0.02525106585860959,14.274999999999991,62.94,1.333814595138013,0
Dambai,Oti,2020-10-11,0.27168116661293107,69.9,29.142857142857142,23.557142857142857,98.42857142857143,20.91,27.30155624328921,-0.02525106585860959,13.299999999999997,48.99000000000001,0.9245379982960781,0
Dambai,Oti,2020-10-18,0.25484712270719134,13.1,29.757142857142856,24.8,96.0,24.06,28.85839705082645,-0.02525106585860959,-38.0,-10.959999999999999,0.7480052873025641,0
Dambai,Oti,2020-10-25,0.2380130788014516,4.8,31.314285714285713,25.342857142857145,95.42857142857143,27.93,29.019831909407912,-0.025251065858609617,-38.32500000000001,-23.13,0.48034981857688014,0
Dambai,Oti,2020-11-01,0.42599677491449395,1.8,31.685714285714287,25.62857142857143,94.14285714285714,30.51,29.92930134977996,0.12836223915547695,-20.6,-28.71,-0.16604342802941569,0
Dambai,Oti,2020-11-08,0.3036079161560927,1.7,32.528571428571425,25.785714285714285,94.0,29.62,30.33197436934438,-0.002008306988714681,-3.6499999999999995,-27.92,-0.7084777389567503,0
Dambai,Oti,2020-11-15,0.35830482154233345,9.4,33.042857142857144,25.357142857142858,92.0,30.2,30.471768995500753,0.026824173688740516,4.975,-20.799999999999997,-0.7778777340097339,0
Dambai,Oti,2020-11-22,0.34455590015628323,1.5,33.857142857142854,25.12857142857143,92.71428571428571,30.92,30.61156362165713,-0.013560453036017606,-2.1,-29.42,-0.8222401292214481,0
Dambai,Oti,2020-11-29,0.23603372070127956,4.8,32.41428571428572,25.8,93.42857142857143,26.650000000000002,29.67361002982653,-0.07459186893771766,0.4499999999999993,-21.85,-0.7738576123450794,0
Dambai,Oti,2020-12-06,0.27038265601389666,0.5,33.25714285714286,25.728571428571428,93.28571428571429,28.14,30.80243213184372,-0.031936618589551546,-3.5500000000000007,-27.64,-0.7718828157378808,0
Dambai,Oti,2020-12-13,0.1374071385039457,0.3,32.77142857142857,25.928571428571427,92.14285714285714,26.84,28.748722005965305,-0.1096877153399056,-1.4749999999999999,-26.54,-0.8123661461854544,0
Dambai,Oti,2020-12-20,0.22689105497862375,0.8,33.1,25.942857142857143,92.57142857142857,26.0,30.83473813255148,0.009212412429187328,-0.8,-25.2,-0.7826031401769594,0
Dambai,Oti,2020-12-27,0.24374390285023015,0.2,33.82857142857143,24.571428571428573,93.28571428571429,27.96,31.345829583944067,0.024137714763556084,-0.25,-27.76,-0.8242854542789038,0
Dambai,Oti,2021-01-03,0.2121312610663764,0.0,34.214285714285715,22.67142857142857,90.42857142857143,28.39,30.890166826752814,0.0070879217165824016,-0.325,-28.39,-0.8295750880481862,0
Dambai,Oti,2021-01-10,0.19035964203867728,0.9000000000000001,33.94285714285714,26.157142857142855,93.14285714285714,26.63,31.99713386583068,-0.027921823194799605,0.4250000000000001,-25.73,-0.8238622835773612,0
Dambai,Oti,2021-01-17,0.16756375845015273,1.0,34.17142857142857,24.214285714285715,94.0,28.42,31.00053687882297,-0.03588588265120643,0.475,-27.42,-0.8395195995344369,0
Dambai,Oti,2021-01-24,0.1886478739867278,0.0,34.6,22.414285714285715,86.57142857142857,32.120000000000005,31.431909408017646,-0.0010277598987557535,-0.47500000000000003,-32.120000000000005,-0.8702700038465312,0
Dambai,Oti,2021-01-31,0.19508519447661613,0.1,35.142857142857146,23.557142857142857,90.14285714285714,31.58,31.86328193721232,0.009671077238572634,-0.4,-31.479999999999997,-0.8920632949759743,0
Dambai,Oti,2021-02-07,0.15433187761251616,0.0,35.68571428571429,25.114285714285717,90.28571428571429,32.44,32.96532986198878,-0.02207529851898704,-0.275,-32.44,-0.9393878850984867,0
Dambai,Oti,2021-02-14,0.1351441943936153,0.3,35.42857142857143,26.37142857142857,93.0,33.019999999999996,33.61162327485954,-0.03315809072375353,0.19999999999999998,-32.72,-0.9767679637347481,0
Dambai,Oti,2021-02-21,0.12423091911195044,4.3,34.84285714285714,24.75714285714286,83.57142857142857,34.61,31.618401496385214,-0.02796712728672407,3.125,-30.31,-0.9640023142382135,0
Dambai,Oti,2021-02-28,0.10197029151294683,0.4,35.628571428571426,24.97142857142857,89.28571428571429,35.64,31.1606582073706,-0.026949029144810357,-0.8500000000000002,-35.24,-0.9905210115348821,0
Dambai,Oti,2021-03-07,0.15814222638072117,0.7,35.84285714285714,27.428571428571427,85.28571428571429,35.25,34.38124690359433,0.02827031853091272,-0.7250000000000001,-34.55,-1.0054025145391294,0
Dambai,Oti,2021-03-14,0.1904327321425737,6.9,33.68571428571429,27.085714285714285,88.57142857142857,30.96,30.28903614837202,0.04673868985552565,3.825,-24.060000000000002,-0.9443248766164833,0
Dambai,Oti,2021-03-21,0.3199165556066559,6.9,33.25714285714286,26.457142857142856,89.14285714285714,31.02,30.125460771723965,0.1273011041959315,3.1750000000000007,-24.119999999999997,-0.9006677659073401,0
Dambai,Oti,2021-03-28,0.1392309680812399,10.899999999999999,33.114285714285714,26.24285714285714,88.71428571428571,31.92,29.96188539507591,-0.06269965247155779,4.549999999999999,-21.020000000000003,-0.8003763096417479,0
Dambai,Oti,2021-04-04,0.2652615272810801,0.2,35.128571428571426,26.771428571428572,89.71428571428571,37.35,30.713719983822784,0.036551081503192695,-6.0249999999999995,-37.15,-0.8187137067085931,0
Dambai,Oti,2021-04-11,0.2511981664041048,4.5,34.357142857142854,27.74285714285714,85.14285714285714,35.61,31.752064607451477,0.007296362060834616,-1.1249999999999991,-31.11,-0.8684362641398468,0
Dambai,Oti,2021-04-18,0.3013232309504724,10.5,34.214285714285715,27.271428571428572,85.57142857142857,38.19,36.31032758707829,0.062069757771248124,3.9750000000000005,-27.689999999999998,-0.8936149208816304,0
Dambai,Oti,2021-04-25,0.35144829549684,8.7,33.15714285714286,26.7,90.0,32.59,27.346777005708304,0.05914049046371567,2.7249999999999996,-23.890000000000004,-0.9138565861054174,0
Dambai,Oti,2021-05-02,0.4015733600432076,3.1,33.357142857142854,26.928571428571427,88.57142857142857,35.089999999999996,29.644395058222187,0.0751875968195514,-3.6,-31.989999999999995,-0.8774639057727551,0
Dambai,Oti,2021-05-09,0.37672043532612026,20.400000000000002,31.185714285714287,26.099999999999998,90.85714285714286,24.49,32.69004772904191,0.018954104871960198,9.725000000000001,-4.089999999999996,-0.6868960331780785,0
Dambai,Oti,2021-05-16,0.35186751060903293,2.4,32.92857142857143,26.400000000000002,90.28571428571429,33.34,32.68600687852427,-0.018534889759767248,-6.25,-30.940000000000005,-0.709817779511635,0
Dambai,Oti,2021-05-23,0.441963675322379,4.2,32.68571428571429,27.042857142857144,88.71428571428571,32.51,32.68196602800663,0.04893242999719405,-3.325,-28.31,-0.7409913545252721,0
Dambai,Oti,2021-05-30,0.35126354748705246,6.4,33.08571428571428,27.214285714285715,87.28571428571429,33.98,30.82365047047017,-0.029190244699093704,-1.950000000000001,-27.58,-0.7098883079618923,0
Dambai,Oti,2021-06-06,0.38073322387131975,11.2,31.885714285714283,26.814285714285713,88.0,30.18,27.653782392706944,-0.0007237654511262903,5.1499999999999995,-18.98,-0.81490517039471,0
Dambai,Oti,2021-06-13,0.3081062977357355,12.5,31.599999999999998,25.957142857142856,92.14285714285714,29.119999999999997,31.783128398848877,-0.062410388368386194,3.9250000000000007,-16.619999999999997,-0.7139084296265468,0
Dambai,Oti,2021-06-20,0.40716316888906523,27.0,31.057142857142857,26.02857142857143,90.85714285714286,27.01,27.98732940929142,0.04534660939327201,12.725000000000001,-0.010000000000001563,-0.5143129153989616,0
Dambai,Oti,2021-06-27,0.40522572107465127,98.0,28.428571428571427,24.2,97.57142857142857,18.86,28.23471216390868,0.029918618181958345,60.825,79.14,0.2383667057447796,0
Dambai,Oti,2021-07-04,0.40328827326023725,45.3,30.114285714285717,24.24285714285714,96.42857142857143,26.05,24.425212121212155,0.022342408020314897,-0.4000000000000057,19.249999999999996,0.5079969710776622,0
Dambai,Oti,2021-07-11,0.4013508254458233,44.7,29.47142857142857,24.285714285714285,95.71428571428571,26.61,25.034593703470108,-0.0029061717216209426,-9.049999999999997,18.090000000000003,0.7528012219200465,0
Dambai,Oti,2021-07-18,0.3994133776314093,195.9,28.62857142857143,23.942857142857143,98.42857142857143,21.14,25.64397528572806,-0.0029061717216209426,99.92500000000001,174.76,1.9854269470633346,0
Dambai,Oti,2021-07-25,0.3974759298169953,10.299999999999999,28.885714285714283,24.74285714285714,91.28571428571429,24.97,25.81594798657727,-0.002906171721620998,-63.75,-14.67,1.3237995552015056,0
Dambai,Oti,2021-08-01,0.39553848200258135,34.800000000000004,28.82857142857143,24.057142857142857,96.57142857142857,24.22,26.389917575672428,-0.0029061717216209426,-36.62499999999999,10.580000000000005,1.2626513888286022,0
Dambai,Oti,2021-08-08,0.3936010341881674,114.19999999999999,28.985714285714288,24.114285714285717,97.42857142857143,21.43,27.18239522971379,-0.002906171721620998,25.39999999999999,92.76999999999998,1.789357855348604,0
Dambai,Oti,2021-08-15,0.39166358637375337,103.7,28.542857142857144,23.61428571428571,97.85714285714286,21.810000000000002,27.974872883755157,-0.002906171721620998,37.95000000000002,81.89,1.1343601378109425,0
Dambai,Oti,2021-08-22,0.3897261385593394,79.9,28.3,24.071428571428573,96.14285714285714,20.62,28.12794100507766,-0.0029061717216209426,-3.249999999999986,59.28,1.655918027462176,0
Dambai,Oti,2021-08-29,0.3877886907449254,82.7,28.599999999999998,23.7,98.14285714285714,21.83,28.281009126400164,-0.002906171721620998,-12.424999999999983,60.870000000000005,2.0106056038051183,0
Dambai,Oti,2021-09-05,0.38585124293051143,98.0,28.228571428571428,23.900000000000002,97.0,20.42,28.43407724772267,-0.002906171721620998,6.925000000000011,77.58,1.903472887864588,0
Dambai,Oti,2021-09-12,0.38391379511609747,30.7,29.028571428571432,24.32857142857143,96.85714285714286,23.46,28.58714536904517,-0.002906171721620998,-42.124999999999986,7.239999999999998,1.3769780066953567,0
Dambai,Oti,2021-09-19,0.38197634730168345,39.300000000000004,29.099999999999998,24.5,95.85714285714286,22.869999999999997,25.18609899884888,-0.0029061717216209426,-23.374999999999993,16.430000000000007,1.0747635973436953,0
Dambai,Oti,2021-09-26,0.3800388994872695,80.4,28.900000000000002,23.957142857142856,98.71428571428571,20.419999999999998,27.845445882412264,-0.0029061717216209426,18.30000000000001,59.980000000000004,1.0684865652708135,0
Dambai,Oti,2021-10-03,0.2999848283454045,57.0,29.900000000000002,24.485714285714288,97.42857142857143,25.009999999999998,29.109049087508083,-0.061493639217209184,5.150000000000006,31.990000000000002,0.7469473605487078,0
Dambai,Oti,2021-10-10,0.21993075720353958,18.799999999999997,30.614285714285717,25.2,94.71428571428571,25.84,26.711693673009734,-0.10055195088093463,-30.075000000000003,-7.040000000000003,0.646232733581573,0
Dambai,Oti,2021-10-17,0.13987668606167464,6.7,31.457142857142856,25.485714285714288,93.28571428571429,30.58,28.234834532373952,-0.12008110671279743,-34.02499999999999,-23.88,0.36193255059521406,0
Dambai,Oti,2021-10-24,0.23770000938928096,49.5,29.457142857142856,24.37142857142857,95.14285714285714,21.5,27.016713289170863,0.013326939139306021,16.500000000000007,28.0,0.13638256667301724,0
Dambai,Oti,2021-10-31,0.3355233327168873,11.7,30.885714285714283,25.24285714285714,96.0,26.83,28.14730791852037,0.10226563637404168,-9.974999999999994,-15.129999999999999,-0.19594749093842478,0
Dambai,Oti,2021-11-07,0.2962495567835271,15.899999999999999,31.599999999999998,25.2,94.0,29.09,29.27790254786987,0.04391216054568464,-5.049999999999994,-13.190000000000001,-0.23932248784653953,0
Dambai,Oti,2021-11-14,0.1542507253927901,12.1,31.82857142857143,25.714285714285715,92.85714285714286,26.61,27.393848142422826,-0.10168018067783124,-10.199999999999994,-14.51,-0.17323732995563948,0
Dambai,Oti,2021-11-21,0.2963828047372852,0.8,33.22857142857143,25.928571428571427,93.85714285714286,29.93,28.274553864819723,0.02578119982966276,-9.324999999999992,-29.13,-0.5761663662744357,0
Dambai,Oti,2021-11-28,0.2328142504383687,0.6000000000000001,32.885714285714286,25.485714285714288,94.28571428571429,29.0,29.05420807845894,-0.012110083899624063,-6.749999999999993,-28.4,-0.6697576197656038,0
Dambai,Oti,2021-12-05,0.2998851198458695,0.4,33.9,25.24285714285714,92.42857142857143,29.1,29.10385748950995,0.054051894742291134,-3.074999999999993,-28.700000000000003,-0.7791472461143615,0
Dambai,Oti,2021-12-12,0.42058331186951564,0.0,34.7,23.62857142857143,89.14285714285714,29.56,28.81608184621598,0.10816694014675587,-0.44999999999999296,-29.56,-0.8852925637512927,0
Dambai,Oti,2021-12-19,0.32658791824309985,0.0,34.25714285714286,22.928571428571427,84.57142857142857,30.189999999999998,29.187922501390236,0.006620268143886443,-0.24999999999999292,-30.189999999999998,-0.892768579478545,0
Dambai,Oti,2021-12-26,0.3156194985139684,0.0,34.957142857142856,22.785714285714285,79.71428571428571,31.06,29.48250297002167,-0.02504946360414495,-0.0999999999999929,-31.06,-0.9115291472469329,0
Dambai,Oti,2022-01-02,0.2571500420045843,0.0,34.91428571428572,22.87142857142857,89.14285714285714,30.5,29.777083438653108,-0.07283515065320773,0.0,-30.5,-0.9242242682932104,0
Dambai,Oti,2022-01-09,0.21656133193497304,0.0,34.48571428571429,22.0,77.71428571428571,32.12,29.941770385723487,-0.06241836573918333,0.0,-32.12,-0.9422795515590272,0
Dambai,Oti,2022-01-16,0.24003002932072073,0.0,35.471428571428575,21.714285714285715,85.42857142857143,32.29,30.22781608614315,-0.017310196122840876,0.0,-32.29,-0.9570905261130178,0
Dambai,Oti,2022-01-23,0.17294082269897476,0.0,34.385714285714286,21.0,69.0,37.39,30.513861786562813,-0.04872973379083845,0.0,-37.39,-1.0017350351257601,0
Dambai,Oti,2022-01-30,0.1994766986913977,0.0,35.614285714285714,20.7,75.57142857142857,37.22,30.19724963348665,-0.007775521970118854,0.0,-37.22,-1.0491301536985296,0
Dambai,Oti,2022-02-06,0.21634623307101103,0.0,34.91428571428572,20.714285714285715,73.85714285714286,37.1,30.39043096911189,0.009147787125484974,0.0,-37.1,-1.084253321926564,0
Dambai,Oti,2022-02-13,0.21346779910218916,1.5,35.44285714285714,24.599999999999998,93.0,33.3,32.375617511753376,0.012909910711295991,1.125000000000007,-31.799999999999997,-1.0807974278639665,0
Dambai,Oti,2022-02-20,0.1926437481112819,0.0,35.785714285714285,26.214285714285715,90.85714285714286,34.15,30.81691699105187,-0.012839871632688044,-0.3749999999999929,-34.15,-1.0579462099806667,0
Dambai,Oti,2022-02-27,0.17687039143513664,0.1,35.8,26.24285714285714,88.57142857142857,35.52,31.313391638440866,-0.02296165149476806,-0.29999999999999294,-35.42,-1.0452510889343893,0
Dambai,Oti,2022-03-06,0.17927984250967072,13.0,35.357142857142854,26.785714285714285,87.71428571428571,33.05,34.284026085637606,-0.011285602779898873,9.350000000000007,-20.049999999999997,-0.9250000812460385,0
Dambai,Oti,2022-03-13,0.1816892935842048,3.7,35.214285714285715,27.25714285714286,87.28571428571429,35.29,33.36684433220154,-0.0009315253258687095,-0.4999999999999929,-31.59,-0.9235189837906393,0
Dambai,Oti,2022-03-20,0.1127777067144499,40.1,34.028571428571425,26.2,91.0,31.57,32.44966257876547,-0.049876601846415625,25.875000000000007,8.530000000000001,-0.6225035580933486,0
Dambai,Oti,2022-03-27,0.0924269800827755,4.1,34.871428571428574,27.185714285714287,88.14285714285714,34.14,31.765645446967824,-0.04911647563999971,-11.124999999999993,-30.04,-0.5845592518550302,0
Dambai,Oti,2022-04-03,0.0720762534511011,8.0,34.57142857142857,27.0,89.85714285714286,35.74,32.294272650364405,-0.04266630500703174,-5.9749999999999925,-27.740000000000002,-0.6387956301027381,0
Dambai,Oti,2022-04-10,0.12794843225085217,9.0,32.94285714285714,26.82857142857143,90.57142857142857,31.33,33.46603584247492,0.026641089126057504,-6.299999999999994,-22.33,-0.573486285164666,0
Dambai,Oti,2022-04-17,0.1838206110506032,35.4,32.27142857142857,25.599999999999998,93.85714285714286,28.0,32.599222130717976,0.0647525418417702,21.275000000000006,7.399999999999999,-0.581456000043718,0
Dambai,Oti,2022-04-24,0.2396927898503543,11.1,31.75714285714286,25.714285714285715,93.14285714285714,26.48,27.93443429786919,0.08380826819962661,-4.774999999999993,-15.38,-0.47806129196681363,0
Dambai,Oti,2022-05-01,0.29556496865010534,17.5,31.45714285714286,25.685714285714287,93.85714285714286,28.57,26.20274370633257,0.08380826819962658,-0.7499999999999929,-11.07,-0.3604903653882326,0
Dambai,Oti,2022-05-08,0.3514371474498564,7.8,31.3,25.900000000000002,90.71428571428571,28.63,25.677451803353108,0.08380826819962656,-10.149999999999991,-20.83,-0.349911097849668,0
Dambai,Oti,2022-05-15,0.4073093262496075,23.4,32.0,26.37142857142857,92.71428571428571,28.1,25.152159900373647,0.08380826819962661,8.450000000000006,-4.700000000000003,-0.43525052266075553,0
Dambai,Oti,2022-05-22,0.3740943057429033,58.99999999999999,31.114285714285717,25.8,93.85714285714286,27.48,26.39873901882089,0.01699286871978517,32.075,31.519999999999992,-0.10447209095496976,0
Dambai,Oti,2022-05-29,0.34087928523619915,22.4,30.285714285714285,25.114285714285717,91.71428571428571,28.33,25.872742280539057,-0.027550730933442402,-5.749999999999993,-5.93,-0.0682204675228218,0
Dambai,Oti,2022-06-05,0.307664264729495,11.799999999999999,30.985714285714288,25.428571428571427,92.14285714285714,27.509999999999998,26.45145810243048,-0.04982253076005627,-17.349999999999994,-15.709999999999999,-0.032109900991188066,0
Dambai,Oti,2022-06-12,0.30720231379671814,11.8,30.7,24.8,94.71428571428571,26.87,27.138955753685934,-0.025257728579610783,-14.449999999999989,-15.07,-0.10524790390779784,0
Dambai,Oti,2022-06-19,0.3067403628639413,209.39999999999998,28.8,23.942857142857143,97.0,21.36,27.82645340494139,-0.008881193792647124,145.54999999999998,188.03999999999996,0.9986633995162871,0
Dambai,Oti,2022-06-26,0.3062784119311644,16.2,29.357142857142858,24.25714285714286,95.85714285714286,24.18,25.68421839301948,-0.0006929263991652945,-46.09999999999998,-7.98,0.9842050672135824,0
Dambai,Oti,2022-07-03,0.30581646099838755,85.9,29.02857142857143,24.057142857142857,96.57142857142857,24.51,24.811383630995437,-0.0006929263991652945,5.075000000000017,61.39,1.5279794186958016,0
Dambai,Oti,2022-07-10,0.3053545100656107,59.5,29.357142857142858,24.014285714285712,95.57142857142857,25.77,23.938548868971395,-0.0006929263991652945,-33.249999999999986,33.730000000000004,1.8721582559504364,0
Dambai,Oti,2022-07-17,0.30489255913283386,29.8,29.114285714285717,24.24285714285714,94.71428571428571,25.22,24.036965055762156,-0.0006929263991652945,-18.049999999999994,4.580000000000002,0.5782433075337312,0
Dambai,Oti,2022-07-24,0.30443060820005696,28.6,28.5,23.857142857142858,93.0,24.88,25.346316914375905,-0.0006929263991652945,-22.349999999999994,3.7200000000000024,0.6607615943345351,0
Dambai,Oti,2022-07-31,0.3039686572672801,33.4,29.114285714285717,23.942857142857143,96.42857142857143,25.73,24.31671198629175,-0.0006929263991652945,-4.42499999999999,7.669999999999998,0.2818827595534088,0
Dambai,Oti,2022-08-07,0.3035067063345033,16.7,28.685714285714287,23.414285714285715,93.28571428571429,26.27,27.088541756100653,-0.0006929263991652945,-10.424999999999994,-9.57,-0.023505430059822103,0
Dambai,Oti,2022-08-14,0.31088739674060706,32.7,29.857142857142858,24.042857142857144,93.85714285714286,26.82,28.599810014705497,0.005189054604995191,4.8500000000000085,5.880000000000003,-0.014336731526399462,0
Dambai,Oti,2022-08-21,0.31826808714671084,68.2,28.071428571428573,22.857142857142858,96.28571428571429,22.55,24.970000000000027,0.009110375274435534,30.45000000000001,45.650000000000006,0.28138906040160916,0
Dambai,Oti,2022-08-28,0.3256487775528146,151.5,27.25714285714286,22.842857142857145,98.14285714285714,20.18,26.782244053774576,0.011071035609155622,84.22500000000001,131.32,1.1534733478306158,0
Dambai,Oti,2022-09-04,0.33302946795891836,112.80000000000001,27.942857142857143,22.914285714285715,98.0,21.15,28.594488107549125,0.011071035609155622,21.500000000000014,91.65,1.8673623213329538,0
Dambai,Oti,2022-09-11,0.34041015836502214,34.5,28.67142857142857,23.814285714285713,95.85714285714286,24.0,27.854503816794026,0.011071035609155677,-57.25,10.5,1.8999464653517326,0
Dambai,Oti,2022-09-18,0.3477908487711259,77.6,27.842857142857145,23.2,98.42857142857143,19.7,26.765759066540568,0.011071035609155677,-16.5,57.89999999999999,1.9863438169166767,0
Dambai,Oti,2022-09-25,0.3551715391772297,80.6,28.0,23.414285714285715,97.0,21.47,26.802598600426307,0.011071035609155622,4.2250000000000085,59.129999999999995,1.4771989345106917,0
Dambai,Oti,2022-10-02,0.36255222958333344,88.3,27.442857142857143,23.12857142857143,97.71428571428571,18.55,26.839438134312047,0.011071035609155677,18.05000000000001,69.75,1.3227416284476492,0
Dambai,Oti,2022-10-09,0.3699329199894372,30.0,29.285714285714285,23.5,97.57142857142857,25.13,27.381454517017318,0.011071035609155677,-39.124999999999986,4.870000000000001,1.2830341109529033,0
Dambai,Oti,2022-10-16,0.377313610395541,36.0,29.357142857142858,23.82857142857143,96.0,23.15,27.923470899722588,0.011071035609155677,-22.72499999999998,12.850000000000001,0.9653034425446805,0
Dambai,Oti,2022-10-23,0.3846943008016448,19.5,30.74285714285714,24.8,95.85714285714286,28.400000000000002,28.46548728242786,0.011071035609155677,-23.94999999999999,-8.900000000000002,0.4854983954456483,0
Dambai,Oti,2022-10-30,0.3682645186999108,1.4000000000000001,31.74285714285714,25.485714285714288,94.42857142857143,30.37,29.00750366513313,-0.0067868187717227135,-20.32499999999999,-28.970000000000002,-0.2107584654924152,0
Dambai,Oti,2022-11-06,0.35183473659817677,2.1,32.18571428571429,25.62857142857143,93.85714285714286,29.990000000000002,29.47077574440124,-0.018692055025641585,-12.649999999999986,-27.89,-0.44180966853466563,0
Dambai,Oti,2022-11-13,0.28524907350579837,17.7,32.48571428571429,25.085714285714285,94.0,29.59,30.032547141196066,-0.06226158389558434,7.525000000000013,-11.89,-0.616297054470724,0
Dambai,Oti,2022-11-20,0.2763085687135562,0.7999999999999999,32.67142857142857,23.87142857142857,94.0,29.479999999999997,28.976499924169616,-0.04410565566580438,-4.699999999999986,-28.679999999999996,-0.7558023290792623,0
Dambai,Oti,2022-11-27,0.3605084458613713,0.6000000000000001,32.885714285714286,24.428571428571427,94.85714285714286,28.93,29.499800818967685,0.042033239691645685,-4.699999999999985,-28.33,-0.751288508262808,0
Dambai,Oti,2022-12-04,0.2754670147348848,1.8,32.542857142857144,25.357142857142858,92.42857142857143,27.11,30.912364137303257,-0.02391626096901789,-3.4249999999999856,-25.31,-0.7330921680964769,0
Dambai,Oti,2022-12-11,0.2082899667753712,0.0,33.857142857142854,24.414285714285715,93.14285714285714,28.83,29.76586800465077,-0.07185353224592467,-0.7999999999999858,-28.83,-0.8525673628319996,0
Dambai,Oti,2022-12-18,0.2545994924904859,0.0,33.528571428571425,23.37142857142857,94.71428571428571,26.919999999999998,30.236496511804063,-0.02011673747504239,-0.5999999999999859,-26.919999999999998,-0.8401543555867506,0
Dambai,Oti,2022-12-25,0.30658938786341816,0.0,33.114285714285714,20.12857142857143,83.28571428571429,30.4,30.70712501895736,0.04535292239737815,-0.44999999999998586,-30.4,-0.8547537447899696,0
Dambai,Oti,2023-01-01,0.2511752758396687,0.0,33.4,19.771428571428572,84.57142857142857,31.63,30.014637151812224,-0.003988254902567323,0.0,-31.63,-0.8993277253524551,0
Dambai,Oti,2023-01-08,0.2609550322014738,0.0,33.9,20.442857142857143,86.0,31.07,30.468870570244036,-0.007374764897287833,0.0,-31.07,-0.9151260982100449,0
Dambai,Oti,2023-01-15,0.21281005488607269,0.0,34.32857142857143,19.414285714285715,88.57142857142857,30.81,30.923103988675848,-0.045072382811585654,0.0,-30.81,-0.9425616653600557,0
Dambai,Oti,2023-01-22,0.21230393341375997,0.0,34.614285714285714,21.585714285714285,88.0,30.810000000000002,31.585472928567697,-0.02200714067148385,0.0,-30.810000000000002,-0.9454533318205968,0
Dambai,Oti,2023-01-29,0.18690439302679307,11.299999999999999,33.94285714285714,25.071428571428573,90.57142857142857,29.73,32.9116116475405,-0.031338960355231815,8.475000000000014,-18.43,-0.8523557774812283,0
Dambai,Oti,2023-02-05,0.09984363963321435,0.3,35.471428571428575,24.32857142857143,92.28571428571429,32.51,31.15202264799541,-0.07812186560674567,-2.599999999999986,-32.21,-0.8603960208105375,0
Dambai,Oti,2023-02-12,0.15116288899546376,0.1,34.84285714285714,26.342857142857145,89.28571428571429,32.94,32.561032809261405,-0.011390824771844027,-2.8249999999999855,-32.839999999999996,-0.8747132962127281,0
Dambai,Oti,2023-02-19,0.22946899801487086,0.0,35.98571428571429,21.74285714285714,82.42857142857143,36.73,28.71738258935335,0.06262401809728535,-2.9249999999999856,-36.73,-0.9164661387649297,0
Dambai,Oti,2023-02-26,0.07938149945431221,0.7,35.98571428571429,24.87142857142857,85.57142857142857,36.66,32.16447677063826,-0.06058275707015308,0.42500000000001414,-35.959999999999994,-1.040102512065621,1
Dambai,Oti,2023-03-05,0.2283905995594539,1.2000000000000002,34.75714285714285,26.75714285714286,88.14285714285714,32.55,33.05927885344502,0.05628960305342873,0.7000000000000144,-31.349999999999998,-1.034037065343511,0
Dambai,Oti,2023-03-12,0.21717802648200896,1.3,34.542857142857144,26.900000000000002,87.71428571428571,32.15,33.954080936251785,0.028573245604347458,0.5000000000000142,-30.849999999999998,-1.0200019037423484,0
Dambai,Oti,2023-03-19,0.205965453404564,7.1,33.7,26.0,89.85714285714286,34.66,33.22161847227136,0.023236558679479213,4.525000000000014,-27.559999999999995,-0.9553273148565902,0
Dambai,Oti,2023-03-26,0.22273379866486326,38.599999999999994,31.599999999999998,25.0,92.0,28.330000000000002,28.460944206701697,0.004166829137140726,26.55000000000001,10.269999999999992,-0.6292742893180299,0
Dambai,Oti,2023-04-02,0.2395021439251625,6.7,32.92857142857143,26.62857142857143,88.0,30.96,27.118222580236303,0.018157288306012848,-6.7249999999999845,-24.26,-0.5792696180857481,0
Dambai,Oti,2023-04-09,0.2830469481691098,19.9,33.1,26.271428571428572,90.85714285714286,30.76,31.74266975347888,0.04523486212818492,1.8250000000000135,-10.860000000000003,-0.4382832460218108,0
Dambai,Oti,2023-04-16,0.3404723208015777,5.199999999999999,33.628571428571426,26.942857142857143,89.42857142857143,32.95,31.859878659549334,0.06903351791139939,-12.399999999999988,-27.750000000000004,-0.4396232865766957,0
Dambai,Oti,2023-04-23,0.3737203662958339,21.099999999999998,32.75714285714286,26.385714285714283,91.42857142857143,31.48,34.59827334310688,0.0645349214979129,7.875000000000014,-10.380000000000003,-0.5852645363576012,0
Dambai,Oti,2023-04-30,0.39239228545191374,20.0,32.042857142857144,26.3,90.57142857142857,28.17,32.288804661038256,0.04498430527230496,3.450000000000017,-8.170000000000002,-0.47178425989393197,0
Dambai,Oti,2023-05-07,0.3282906020779557,13.299999999999999,32.2,26.02857142857143,90.71428571428571,31.79,29.97933597896963,-0.030428291578864564,-1.5999999999999872,-18.490000000000002,-0.5255974674400972,0
Dambai,Oti,2023-05-14,0.33643513323188695,11.299999999999999,32.74285714285714,26.457142857142856,92.14285714285714,32.31,32.00233985810752,-0.021274463532510612,-5.124999999999984,-21.010000000000005,-0.47806129196681363,0
Dambai,Oti,2023-05-21,0.2147658718625207,28.5,31.214285714285715,25.32857142857143,96.14285714285714,27.57,31.58630327382906,-0.10320510129354857,10.225000000000016,0.9299999999999997,-0.3982936147260367,0
Dambai,Oti,2023-05-28,0.29227306576874457,10.799999999999999,31.32857142857143,26.25714285714286,94.28571428571429,28.34,27.880662616048085,-0.000668102466532372,-5.1749999999999865,-17.54,-0.4643787726169368,0
Dambai,Oti,2023-06-04,0.3697802596749684,21.9,31.028571428571432,25.985714285714288,92.71428571428571,28.12,24.53919512797296,0.0664666770404383,3.775000000000013,-6.220000000000002,-0.3778403641514784,0
Dambai,Oti,2023-06-11,0.37263388077812987,52.099999999999994,30.071428571428573,25.071428571428573,95.57142857142857,26.31,26.724654433431454,0.060270611257038975,23.775000000000013,25.789999999999996,-0.0477672169482636,0
Dambai,Oti,2023-06-18,0.3754875018812913,47.6,29.928571428571427,24.67142857142857,96.0,26.62,26.574380404920664,0.022943824855507777,14.500000000000021,20.98,0.0936423258172163,0
Dambai,Oti,2023-06-25,0.37834112298445277,92.8,28.714285714285715,24.37142857142857,97.0,20.8,26.424106376409878,0.004280431654742234,39.20000000000002,72.0,0.7251540694192646,0
Dambai,Oti,2023-07-02,0.3811947440876142,64.6,29.157142857142855,23.87142857142857,97.57142857142857,22.13,26.273832347899088,0.004280431654742123,0.32500000000001705,42.47,1.0685570937210707,0
Dambai,Oti,2023-07-09,0.3840483651907757,110.8,29.814285714285713,24.114285714285717,97.0,24.5,27.135172801348688,0.004280431654742178,31.85000000000001,86.3,1.495324746226766,0
Dambai,Oti,2023-07-16,0.38690198629393713,55.7,29.114285714285717,23.82857142857143,97.71428571428571,22.6,25.670371228566523,0.004280431654742178,-25.274999999999977,33.1,1.5808052279383678,0
Dambai,Oti,2023-07-23,0.3897556073970986,76.1,29.5,24.02857142857143,97.85714285714286,23.37,24.05000000000001,0.004280431654742234,-0.6999999999999886,52.72999999999999,1.4448969042929412,0
Dambai,Oti,2023-07-30,0.39260922850026003,68.8,29.842857142857145,24.071428571428573,96.14285714285714,25.33,24.014281367144577,0.004280431654742123,-9.049999999999983,43.47,1.4519497493186508,0
Dambai,Oti,2023-08-06,0.3954628496034215,72.8,29.485714285714288,23.985714285714288,98.14285714285714,23.65,24.445363621939485,0.004280431654742178,4.450000000000017,49.15,1.189936556613535,0
Dambai,Oti,2023-08-13,0.39831647070658294,164.2,29.142857142857142,23.657142857142855,98.71428571428571,23.560000000000002,24.876445876734397,0.004280431654742178,68.72500000000001,140.64,1.9483995106783585,0
Dambai,Oti,2023-08-20,0.4011700918097444,59.49999999999999,29.442857142857143,23.62857142857143,98.14285714285714,24.08,25.307528131529306,0.004280431654742234,-31.82499999999998,35.419999999999995,1.8263147632833232,0
Dambai,Oti,2023-08-27,0.40402371291290584,59.6,29.857142857142858,24.514285714285712,97.28571428571429,26.4,25.73861038632422,0.004280431654742123,-29.424999999999976,33.2,1.7538820448692842,0
Dambai,Oti,2023-09-03,0.4068773340160673,102.6,29.285714285714285,23.642857142857142,98.28571428571429,23.5,26.169692641119127,0.004280431654742178,6.125000000000014,79.1,1.9651147533892905,0
Dambai,Oti,2023-09-10,0.40973095511922875,69.3,29.785714285714285,23.857142857142858,97.28571428571429,25.21,26.549068745723677,0.004280431654742178,-3.4499999999999886,44.089999999999996,1.284162566157017,0
Dambai,Oti,2023-09-17,0.4125845762223902,102.5,29.114285714285717,23.82857142857143,98.85714285714286,21.66,26.42450263001058,0.004280431654742234,19.000000000000014,80.84,1.6045027872247526,0
Dambai,Oti,2023-09-24,0.41543819732555165,37.2,29.957142857142856,23.8,97.57142857142857,25.060000000000002,26.10528753646952,0.004280431654742123,-40.69999999999999,12.14,1.4559698709833055,0
Dambai,Oti,2023-10-01,0.4182918184287131,33.5,30.914285714285715,24.75714285714286,97.42857142857143,27.88,30.443135478167505,0.004280431654742178,-27.124999999999986,5.620000000000001,0.9377268184941555,0
Dambai,Oti,2023-10-08,0.4061331196995066,121.6,29.47142857142857,23.771428571428572,98.85714285714286,19.09,24.760726041666715,-0.006978808219533783,47.900000000000006,102.50999999999999,1.3497540248961173,0
Dambai,Oti,2023-10-15,0.39397442097030017,59.1,30.17142857142857,23.97142857142857,98.57142857142857,22.66,26.467881361027906,-0.014484968135717757,-3.7499999999999787,36.44,1.036607705754606,0
Dambai,Oti,2023-10-22,0.38181572224109367,34.4,31.271428571428572,24.814285714285713,97.28571428571429,26.64,28.1750366803891,-0.018238048093809744,-27.749999999999986,7.759999999999998,1.0057162445419974,0
Dambai,Oti,2023-10-29,0.3696570235118872,22.4,31.67142857142857,25.099999999999998,97.28571428571429,28.689999999999998,27.75530421883974,-0.018238048093809744,-36.97499999999999,-6.289999999999999,0.9217168602857944,0
Dambai,Oti,2023-11-05,0.35749832478268073,3.3,32.25714285714285,25.74285714285714,95.28571428571429,27.93,27.650817703857115,-0.01823804809380969,-26.499999999999986,-24.63,0.025018143717060737,0
Dambai,Oti,2023-11-12,0.34533962605347424,21.0,32.357142857142854,25.614285714285717,96.42857142857143,25.51,28.780046256508623,-0.01823804809380969,0.7250000000000156,-4.510000000000002,-0.26379586008575223,0
Dambai,Oti,2023-11-19,0.3286521235409946,1.2,33.642857142857146,25.642857142857142,96.14285714285714,29.48,29.06321206099267,-0.0216346509312646,-10.774999999999986,-28.28,-0.5179803948123306,0
Dambai,Oti,2023-11-26,0.2970076500448795,9.6,33.25714285714286,25.214285714285715,95.57142857142857,28.7,28.31444138314521,-0.035116781060627766,0.8250000000000135,-19.1,-0.6083273395916722,0
Dambai,Oti,2023-12-03,0.2653631765487644,3.1,33.114285714285714,25.042857142857144,96.28571428571429,26.439999999999998,29.930409736615843,-0.04372746749826378,-5.624999999999986,-23.339999999999996,-0.5992291695085066,0
Dambai,Oti,2023-12-10,0.239572934673825,0.0,34.74285714285714,24.214285714285715,93.85714285714286,28.36,29.724771750669703,-0.043076036528290895,-3.4749999999999854,-28.36,-0.7674395233716833,0
Dambai,Oti,2023-12-17,0.2961056753435223,0.0,34.614285714285714,20.857142857142858,84.57142857142857,30.410000000000004,29.519133764723563,0.02159331619077448,-3.1749999999999856,-30.410000000000004,-0.7824620832764451,0
Dambai,Oti,2023-12-24,0.30514912606616423,0.0,35.542857142857144,20.142857142857142,84.57142857142857,32.85,30.06062989737609,0.028601397908095294,-0.7749999999999858,-32.85,-0.8794387023799537,0
Dambai,Oti,2023-12-31,0.20073423319664843,0.0,35.214285714285715,20.385714285714283,88.57142857142857,29.46,29.60014559425701,-0.05965625912339159,0.0,-29.46,-0.9226021139372974,0
Damongo,Savannah,2019-01-06,0.2742663016501038,0.0,34.5,20.816666666666666,30.833333333333332,38.120000000000005,34.85135429170708,0.0,0.0,-38.120000000000005,0.06580876470038964,0
Damongo,Savannah,2019-01-13,0.2274223953957526,0.0,35.5,20.214285714285715,44.42857142857143,40.36,38.03124107605407,-0.0234219531271756,0.0,-40.36,-0.3106319639346678,0
Damongo,Savannah,2019-01-20,0.2420915993656702,6.4,36.15714285714286,21.142857142857142,68.85714285714286,35.96,40.64484262266075,-0.0058351661048386405,4.2666666666666675,-29.560000000000002,-0.586340287484031,0
Damongo,Savannah,2019-01-27,0.2607214866005242,0.0,35.91428571428572,20.071428571428573,51.57142857142857,39.15,42.2555078909794,0.009596040847511478,-1.6,-39.15,-0.9514952559196725,0
Damongo,Savannah,2019-02-03,0.27285102222982105,0.30000000000000004,36.800000000000004,21.842857142857145,66.71428571428571,36.66,36.27203560733352,0.022079396331879053,-1.375,-36.36,-0.9350796047205224,0
Damongo,Savannah,2019-02-10,0.2849805578591179,0.3,36.728571428571435,23.014285714285712,49.42857142857143,43.92,36.3632009956911,0.019819391345334558,-1.45,-43.620000000000005,-0.9654858677371301,0
Damongo,Savannah,2019-02-17,0.28220076898626023,0.0,36.971428571428575,21.885714285714283,24.0,51.08,37.70587483099774,0.007012310067329386,-0.15000000000000002,-51.08,-1.166204511944921,0
Damongo,Savannah,2019-02-24,0.2594686672983083,0.0,38.07142857142857,23.457142857142856,61.57142857142857,39.44,39.048548666304384,-0.015406586795068566,-0.15000000000000002,-39.44,-1.1689093635629626,0
Damongo,Savannah,2019-03-03,0.2753584447543898,0.0,37.385714285714286,21.599999999999998,34.57142857142857,46.7,39.57288826272071,-0.0001436649701292425,-0.075,-46.7,-1.26535131435797,0
Damongo,Savannah,2019-03-10,0.255409140055836,1.5,37.48571428571428,24.099999999999998,61.285714285714285,40.51,38.98554794607088,-0.012700115217862573,1.125,-39.01,-1.2223535007056507,0
Damongo,Savannah,2019-03-17,0.2715659371556329,0.3,38.18571428571429,23.542857142857144,68.14285714285714,40.96,36.803905055533846,0.0061153898395911455,-0.15000000000000002,-40.660000000000004,-1.1251653839470455,0
Damongo,Savannah,2019-03-24,0.2939564062312653,5.300000000000001,36.957142857142856,25.62857142857143,81.14285714285714,35.1,42.38428084052521,0.019883924181984258,3.5250000000000004,-29.8,-1.0352523853335183,0
Damongo,Savannah,2019-03-31,0.3089675638612074,22.9,36.628571428571426,25.12857142857143,91.85714285714286,34.71,39.53508105785892,0.026492802035221974,15.399999999999999,-11.810000000000002,-0.7098307544594562,0
Damongo,Savannah,2019-04-07,0.3239787214911495,8.5,37.32857142857143,25.400000000000002,89.71428571428571,35.93,42.04672963444989,0.024361564306335737,-0.75,-27.43,-0.601823231228684,0
Damongo,Savannah,2019-04-14,0.3389898791210916,7.2,36.857142857142854,25.38571428571429,86.42857142857143,33.93,40.31226582934249,0.022516736444913144,-3.7750000000000012,-26.73,-0.47189708281722825,0
Damongo,Savannah,2019-04-21,0.35400103675103367,14.4,37.24285714285714,25.114285714285717,92.71428571428571,36.18,38.5778020242351,0.022516736444913144,1.1500000000000004,-21.78,-0.3970939449665553,0
Damongo,Savannah,2019-04-28,0.36901219438097577,24.0,35.48571428571429,24.900000000000002,94.0,31.83,32.13009834658044,0.022516736444913144,10.475,-7.829999999999998,-0.35997218827756794,0
Damongo,Savannah,2019-05-05,0.38402335201091786,15.0,34.75714285714286,25.17142857142857,93.0,30.21,37.88442664097556,0.022516736444913144,-0.15000000000000036,-15.21,-0.24599533733801404,0
Damongo,Savannah,2019-05-12,0.39903450964085996,21.4,35.957142857142856,25.157142857142855,92.57142857142857,33.99,37.623872252923775,0.022516736444913144,2.6999999999999993,-12.590000000000003,-0.11411050327211426,0
Damongo,Savannah,2019-05-19,0.4227537143535444,17.9,34.25714285714286,24.3,94.42857142857143,31.84,39.25160901467507,0.02904777175696993,-1.6750000000000007,-13.940000000000001,-0.04098623883953624,0
Damongo,Savannah,2019-05-26,0.4464729190662288,18.3,33.785714285714285,24.25714285714286,97.14285714285714,28.65,29.444163609320697,0.03340179529834103,0.15000000000000213,-10.349999999999998,-0.06449046669286486,0
Damongo,Savannah,2019-06-02,0.4701921237789133,30.500000000000004,33.18571428571429,24.057142857142857,95.71428571428571,27.87,31.55319513511984,0.03557880706902666,8.475000000000005,2.6300000000000026,0.10190454318943012,0
Damongo,Savannah,2019-06-09,0.4939113284915977,22.0,32.32857142857143,23.842857142857145,94.85714285714286,27.23,32.592809316159105,0.03557880706902661,-0.17499999999999716,-5.23,0.17055181184042179,0
Damongo,Savannah,2019-06-16,0.5176305332042821,7.6,31.67142857142857,23.442857142857143,96.71428571428571,26.58,33.632423497198374,0.03557880706902661,-12.000000000000002,-18.979999999999997,0.1235433561337645,0
Damongo,Savannah,2019-06-23,0.5413497379169666,6.9,33.457142857142856,24.228571428571428,92.85714285714286,30.76,31.737477276351516,0.03557880706902672,-9.85,-23.86,-0.002465420968803072,0
Damongo,Savannah,2019-06-30,0.565068942629651,27.7,31.814285714285713,23.3,96.0,28.41,30.69237712478593,0.03557880706902672,11.649999999999999,-0.7100000000000009,-0.03361784994900855,0
Damongo,Savannah,2019-07-07,0.5887881473423354,54.3,30.571428571428573,23.24285714285714,99.57142857142857,22.45,27.70340789321091,0.03557880706902661,30.174999999999997,31.849999999999998,0.31223007417854176,0
Damongo,Savannah,2019-07-14,0.6125073520550199,23.0,29.842857142857145,22.571428571428573,98.14285714285714,22.19,29.638777430858852,0.03557880706902672,-4.975000000000001,0.8099999999999987,0.4968128794235315,0
Damongo,Savannah,2019-07-21,0.6362265567677043,116.80000000000001,29.942857142857143,22.657142857142855,98.57142857142857,21.64,31.574146968506795,0.03557880706902661,61.35000000000001,95.16000000000001,1.6069212917660622,0
Damongo,Savannah,2019-07-28,0.6599457614803887,22.7,29.957142857142856,22.442857142857143,99.42857142857143,24.01,27.768147194843664,0.03557880706902661,-31.500000000000004,-1.3100000000000023,1.601325047039079,0
Damongo,Savannah,2019-08-04,0.6638607593974702,29.7,29.857142857142858,22.571428571428573,98.14285714285714,23.68,28.71962028052002,0.020725651972324344,-18.350000000000005,6.02,1.3604067115424603,0
Damongo,Savannah,2019-08-11,0.6677757573145519,12.6,29.8,22.557142857142857,93.71428571428571,25.6,29.671093366196374,0.010823548574523056,-32.85,-13.000000000000002,1.2315998120764013,0
Damongo,Savannah,2019-08-18,0.6716907552316334,31.9,30.67142857142857,22.728571428571428,95.0,27.42,30.62256645187273,0.005872496875622302,7.674999999999997,4.479999999999997,0.38582069233836813,0
Damongo,Savannah,2019-08-25,0.675605753148715,43.1,29.97142857142857,22.657142857142855,95.85714285714286,22.990000000000002,28.77057233704295,0.005872496875622413,13.775000000000002,20.11,0.5856066290916617,0
Damongo,Savannah,2019-09-01,0.6795207510657965,38.6,29.557142857142857,22.52857142857143,97.14285714285714,23.86,30.890434450443024,0.005872496875622413,7.050000000000004,14.740000000000002,0.666938719123815,0
Damongo,Savannah,2019-09-08,0.6834357489828781,57.5,29.585714285714285,22.571428571428573,99.57142857142857,21.76,30.24550500871864,0.005872496875622413,14.725000000000001,35.739999999999995,1.1215403324457351,0
Damongo,Savannah,2019-09-15,0.6873507468999596,116.89999999999999,29.071428571428573,22.457142857142856,100.0,19.47,29.600575566994262,0.005872496875622302,52.874999999999986,97.42999999999999,1.9884919114008537,0
Damongo,Savannah,2019-09-22,0.6912657448170412,69.2,30.099999999999998,22.8,99.85714285714286,22.259999999999998,28.95564612526988,0.005872496875622302,-1.3499999999999943,46.940000000000005,2.238737321442444,0
Damongo,Savannah,2019-09-29,0.6951807427341227,38.2,31.857142857142858,23.12857142857143,99.42857142857143,26.5,28.12068542259728,0.005872496875622191,-32.25,11.700000000000003,2.21038301482573,0
Damongo,Savannah,2019-10-06,0.6253379969469944,85.6,30.814285714285713,22.5,99.71428571428571,23.42,27.285724719924684,-0.04944581090253508,8.125,62.17999999999999,2.456990865794782,0
Damongo,Savannah,2019-10-13,0.5554952511598662,225.1,28.97142857142857,22.228571428571428,99.85714285714286,17.49,26.450764017252084,-0.08632468275463989,120.57499999999999,207.60999999999999,3.4846479391597622,0
Damongo,Savannah,2019-10-20,0.4856525053727379,42.8,32.17142857142857,22.571428571428573,98.42857142857143,25.95,30.697436600497724,-0.10476411868069241,-55.125,16.849999999999998,3.2039962661015644,0
Damongo,Savannah,2019-10-27,0.5421711133559116,28.4,31.857142857142858,22.82857142857143,98.85714285714286,27.18,31.74362985052005,-0.009993103352965993,-67.07500000000002,1.2199999999999989,3.1062485248702614,0
Damongo,Savannah,2019-11-03,0.5986897213390853,18.099999999999998,31.985714285714288,22.485714285714288,99.14285714285714,26.59,31.77888894504724,0.05318757353218495,-60.5,-8.490000000000002,2.447104166777111,0
Damongo,Savannah,2019-11-10,0.6552083293222589,0.0,34.785714285714285,22.314285714285713,90.57142857142857,34.13,32.22046132851489,0.08477791197476048,-22.325,-34.13,0.1923771662756554,0
Damongo,Savannah,2019-11-17,0.6178628597224622,3.0,34.9,22.97142857142857,90.85714285714286,32.129999999999995,32.084902010335725,0.014379853787532704,-9.375,-29.129999999999995,-0.23648172130214282,0
Damongo,Savannah,2019-11-24,0.5769207985577962,0.1,36.24285714285714,22.8,88.71428571428571,33.41,33.10172350614707,-0.035249628677604505,-5.2,-33.309999999999995,-0.5585456053400153,0
Damongo,Savannah,2019-12-01,0.5227515875236021,0.0,36.142857142857146,21.900000000000002,79.42857142857143,36.480000000000004,34.11854500195841,-0.07043430625792779,-0.775,-36.480000000000004,-0.819610421853773,0
Damongo,Savannah,2019-12-08,0.4789778297313944,0.2,35.04285714285714,21.099999999999998,77.28571428571429,32.07,34.94975436246688,-0.07015043915241931,-0.625,-31.87,-0.7985312333821368,0
Damongo,Savannah,2019-12-15,0.41302585587527674,0.0,34.68571428571429,20.114285714285717,70.14285714285714,34.65,35.10041760907728,-0.08489316204674063,-0.07500000000000001,-34.65,-0.8500166848703806,0
Damongo,Savannah,2019-12-22,0.3470738820191591,0.0,34.885714285714286,19.47142857142857,62.42857142857143,35.87,36.0906057542864,-0.09338340676819895,-0.05,-35.87,-0.8738939957055082,0
Damongo,Savannah,2019-12-29,0.3234043723120072,0.0,34.05714285714286,18.585714285714285,54.57142857142857,37.57,34.811827624113846,-0.0672161126724522,-0.05,-37.57,-0.8840605069595273,0
Damongo,Savannah,2020-01-05,0.2740047364119727,0.0,31.214285714285715,17.785714285714285,37.142857142857146,40.9,33.150950708229345,-0.06537247524263123,0.0,-40.9,-0.9682839901006217,0
Damongo,Savannah,2020-01-12,0.22137974187160175,0.0,34.82857142857143,19.97142857142857,61.285714285714285,35.19,34.88577083938759,-0.0700859412820834,0.0,-35.19,-0.9733206103549064,0
Damongo,Savannah,2020-01-19,0.2392971788451045,0.0,34.528571428571425,20.3,48.57142857142857,41.59,34.172837720018606,-0.025224328515067035,0.0,-41.59,-1.0266714767521443,0
Damongo,Savannah,2020-01-26,0.23198214578155518,0.0,35.042857142857144,20.571428571428573,49.0,42.63,37.42298947448222,-0.00968380494600335,0.0,-42.63,-1.0738664739497013,0
Damongo,Savannah,2020-02-02,0.22466711271800585,0.0,34.885714285714286,19.214285714285715,42.142857142857146,44.32,40.66136831730722,-0.004664432086060988,0.0,-44.32,-1.1057650688935043,0
Damongo,Savannah,2020-02-09,0.2492470233336153,0.0,34.614285714285714,19.614285714285717,44.285714285714285,46.32,39.232866529359,0.012948658164045085,0.0,-46.32,-1.2095754085790393,0
Damongo,Savannah,2020-02-16,0.2537320264446987,0.0,35.32857142857143,20.74285714285714,41.142857142857146,46.82,37.80436474141078,0.013824949375229961,0.0,-46.82,-1.2583560084492411,0
Damongo,Savannah,2020-02-23,0.2351123179892511,0.0,37.25714285714286,21.057142857142857,52.285714285714285,43.15,39.144961398010935,-0.005577302132141637,0.0,-43.15,-1.2632060872126265,0
Damongo,Savannah,2020-03-01,0.2398783197431584,0.0,37.228571428571435,21.82857142857143,46.0,45.08,39.61504087641032,-0.004614102134522485,0.0,-45.08,-1.270294663866805,0
Damongo,Savannah,2020-03-08,0.2224944476401693,0.2,37.41428571428571,24.67142857142857,81.0,37.0,42.02074133508535,-0.015309830314150091,0.15000000000000002,-36.8,-1.1815009141986748,0
Damongo,Savannah,2020-03-15,0.2639402710012093,10.4,36.971428571428575,25.142857142857142,84.42857142857143,35.15,40.58469983952682,0.023583931907762284,7.75,-24.75,-0.975652378991149,0
Damongo,Savannah,2020-03-22,0.3103031880155411,7.0,36.699999999999996,25.599999999999998,84.28571428571429,33.64,39.14865834396829,0.051149131415521576,2.5999999999999996,-26.64,-0.8216623782536665,0
Damongo,Savannah,2020-03-29,0.3566661050298729,6.6,34.728571428571435,24.8,89.85714285714286,28.78,40.52726058553708,0.06831510210817476,0.5499999999999998,-22.18,-0.608072371173815,0
Damongo,Savannah,2020-04-05,0.40302902204420465,0.7,37.55714285714286,25.942857142857143,78.42857142857143,39.05,38.24246319859475,0.06954437552149767,-5.475,-38.349999999999994,-0.622529336718521,0
Damongo,Savannah,2020-04-12,0.44939193905853647,15.0,35.67142857142857,24.985714285714288,90.57142857142857,33.58,35.95766581165242,0.06954437552149773,7.675000000000001,-18.58,-0.5649812867760458,0
Damongo,Savannah,2020-04-19,0.49575485607286823,4.5,36.042857142857144,25.642857142857142,85.57142857142857,37.01,34.58711148456558,0.06954437552149767,-2.1999999999999993,-32.51,-0.6197312143550294,0
Damongo,Savannah,2020-04-26,0.5421177730872,11.0,35.02857142857143,24.75714285714286,88.57142857142857,33.05,33.305685422220904,0.06954437552149767,3.200000000000001,-22.049999999999997,-0.6185186946641832,0
Damongo,Savannah,2020-05-03,0.5884806901015318,8.4,35.957142857142856,24.814285714285713,93.14285714285714,35.74,31.58305492728175,0.06954437552149773,-1.3249999999999993,-27.340000000000003,-0.5158276039240448,0
Damongo,Savannah,2020-05-10,0.5396657897930282,13.2,35.58571428571428,24.914285714285715,90.57142857142857,33.57,35.8904328982448,-0.0018389874706288278,3.9250000000000007,-20.37,-0.5325230673595444,0
Damongo,Savannah,2020-05-17,0.4732207916640843,15.0,34.4,24.7,93.85714285714286,32.68,28.074985997884085,-0.06265046949737679,3.1000000000000014,-17.68,-0.39420255185761405,0
Damongo,Savannah,2020-05-24,0.5137248720170926,14.6,34.042857142857144,24.47142857142857,91.42857142857143,31.87,34.2240367192731,-0.015048163876841603,1.8000000000000007,-17.270000000000003,-0.3496191355326495,0
Damongo,Savannah,2020-05-31,0.554228952370101,11.599999999999998,32.81428571428571,23.985714285714288,97.0,29.630000000000003,30.730344346146637,0.034018850909024456,-2.0000000000000018,-18.030000000000005,-0.26278407151896305,0
Damongo,Savannah,2020-06-07,0.5947330327231093,9.9,32.55714285714286,23.642857142857142,96.42857142857143,28.85,27.236651973020173,0.060756120529512514,-2.875,-18.950000000000003,-0.24953962566510324,0
Damongo,Savannah,2020-06-14,0.5950257225155313,17.9,31.62857142857143,22.87142857142857,96.57142857142857,27.0,28.85636913862612,0.03059757760907278,4.4,-9.100000000000001,-0.1695133260692462,0
Damongo,Savannah,2020-06-21,0.5953184123079533,55.800000000000004,31.62857142857143,23.32857142857143,97.14285714285714,26.04,29.32134522393949,0.010491882328779623,32.0,29.760000000000005,0.26913898978077244,0
Damongo,Savannah,2020-06-28,0.5956111021003754,31.9,31.314285714285713,23.25714285714286,97.71428571428571,26.95,28.98928378447266,0.0004390346886330443,3.0249999999999986,4.949999999999999,0.4834751628242219,0
Damongo,Savannah,2020-07-05,0.5959037918927974,29.9,29.75714285714286,22.942857142857143,98.71428571428571,22.3,28.15858800196287,0.0004390346886330443,-3.9750000000000014,7.599999999999998,0.7311089919932204,0
Damongo,Savannah,2020-07-12,0.5961964816852193,27.6,30.228571428571428,22.62857142857143,97.14285714285714,24.270000000000003,27.327892219453076,0.00043903468863293327,-8.699999999999996,3.3299999999999983,0.8470445285872185,0
Damongo,Savannah,2020-07-19,0.5964891714776414,46.4,29.0,22.485714285714288,99.85714285714286,19.09,26.497196436943284,0.0004390346886330443,12.449999999999996,27.31,0.8241931959520378,0
Damongo,Savannah,2020-07-26,0.5967818612700634,104.7,29.814285714285713,22.5,99.57142857142857,21.48,27.244649764863425,0.0004390346886330443,52.550000000000004,83.22,1.5542233205869718,0
Damongo,Savannah,2020-08-02,0.5970745510624854,10.6,29.814285714285713,22.585714285714285,97.57142857142857,24.66,27.99210309278357,0.0004390346886330443,-36.724999999999994,-14.06,1.3521988859428853,0
Damongo,Savannah,2020-08-09,0.5973672408549074,0.7000000000000001,30.728571428571428,21.74285714285714,83.85714285714286,31.66,35.570561276708645,0.0004390346886330443,-39.9,-30.96,1.0323734997958058,0
Damongo,Savannah,2020-08-16,0.5979783949673898,29.3,29.214285714285715,22.17142857142857,96.28571428571429,22.9,30.597216487029527,0.0006778829286783195,-7.025000000000002,6.400000000000002,0.8373443710604479,0
Damongo,Savannah,2020-08-23,0.598589549079872,18.4,30.442857142857143,22.685714285714287,98.42857142857143,26.62,29.974579031938816,0.0008371150887083179,3.6499999999999986,-8.220000000000002,-0.015523325331763491,0
Damongo,Savannah,2020-08-30,0.5992007031923544,61.6,29.52857142857143,22.414285714285715,98.28571428571429,22.99,29.351941576848105,0.0009167311687234836,34.1,38.61,0.47573369095189544,0
Damongo,Savannah,2020-09-06,0.5998118573048368,43.2,28.771428571428572,22.52857142857143,98.42857142857143,21.57,28.729304121757394,0.0009167311687234836,5.075000000000003,21.630000000000003,0.9662445412719567,0
Damongo,Savannah,2020-09-13,0.6004230114173191,61.8,29.228571428571428,22.314285714285713,99.71428571428571,20.17,28.106666666666683,0.0009167311687234836,15.549999999999997,41.629999999999995,1.2948373774913091,0
Damongo,Savannah,2020-09-20,0.6010341655298015,35.4,29.97142857142857,22.514285714285712,98.42857142857143,23.19,29.967877406281588,0.0009167311687235946,-15.100000000000001,12.209999999999997,1.4853895104450807,0
Damongo,Savannah,2020-09-27,0.6016453196422837,33.6,30.642857142857142,22.52857142857143,99.71428571428571,23.84,31.82908814589649,0.0009167311687234836,-9.899999999999999,9.760000000000002,1.216303409822648,0
Damongo,Savannah,2020-10-04,0.6022564737547661,43.5,30.142857142857142,22.185714285714287,99.14285714285714,22.71,30.199083881643986,0.0009167311687234836,-0.07500000000000284,20.79,1.2084686672048712,0
Damongo,Savannah,2020-10-11,0.6179514559349376,41.4,29.957142857142856,22.32857142857143,98.85714285714286,23.23,28.56907961739148,0.012229602219490432,2.924999999999997,18.169999999999998,0.9896554983798356,0
Damongo,Savannah,2020-10-18,0.6336464381151091,12.4,32.31428571428571,22.457142857142856,98.14285714285714,29.92,30.19048773707664,0.019771516253334953,-20.325000000000003,-17.520000000000003,0.7123615721578272,0
Damongo,Savannah,2020-10-25,0.6493414202952806,2.3,34.67142857142857,22.32857142857143,96.0,34.58,31.702634917425826,0.02354247327025727,-22.599999999999998,-32.28,0.32025135828721735,0
Damongo,Savannah,2020-11-01,0.5935475194836867,0.1,34.91428571428571,21.571428571428573,87.28571428571429,37.21,34.0041127860402,-0.03007418897356684,-13.95,-37.11,-0.21978625786664358,0
Damongo,Savannah,2020-11-08,0.4945123292650494,0.0,35.01428571428572,22.357142857142858,79.42857142857143,35.62,36.512990611693,-0.09824959752473206,-3.7,-35.62,-0.7214895976406707,0
Damongo,Savannah,2020-11-15,0.4095480307293571,0.0,35.01428571428571,22.25714285714286,70.85714285714286,39.36,37.536468960462855,-0.1271892942139864,-0.6,-39.36,-0.9251929057028525,0
Damongo,Savannah,2020-11-22,0.32458373219366476,0.0,35.08571428571428,20.714285714285715,65.14285714285714,39.120000000000005,38.55994730923271,-0.13096417072427474,-0.025,-39.120000000000005,-0.9889900955904588,0
Damongo,Savannah,2020-11-29,0.2921381310066843,1.7000000000000002,35.0,22.342857142857145,79.42857142857143,32.6,41.2458052084254,-0.08805742479200462,1.2750000000000001,-30.900000000000002,-0.9310689626661846,0
Damongo,Savannah,2020-12-06,0.2596925298197038,0.0,35.82857142857143,21.485714285714288,75.42857142857143,34.44,41.67822936278276,-0.061798076117648704,-0.42500000000000004,-34.44,-0.9200630147031179,0
Damongo,Savannah,2020-12-13,0.2430647228437611,0.0,35.7,22.685714285714287,89.0,32.03,39.73273461290586,-0.0368050561221924,-0.42500000000000004,-32.03,-0.8516955582884755,0
Damongo,Savannah,2020-12-20,0.2213203313209735,0.0,35.17142857142857,22.771428571428572,84.0,30.81,39.15426706763884,-0.03273359742680715,-0.42500000000000004,-30.81,-0.7741875688197608,0
Damongo,Savannah,2020-12-27,0.2371744137965594,0.0,34.8,20.014285714285712,60.714285714285715,37.09,38.809022504138,-0.0031385856486900454,0.0,-37.09,-0.8319221602531356,0
Damongo,Savannah,2021-01-03,0.244210258398637,0.0,35.142857142857146,19.771428571428572,52.57142857142857,37.84,41.67550384756328,0.00776782680865426,0.0,-37.84,-0.8636342137060393,0
Damongo,Savannah,2021-01-10,0.243260922768376,0.0,36.22857142857143,21.685714285714287,76.85714285714286,34.94,41.16011612185838,0.006769441197239517,0.0,-34.94,-0.890776000631907,0
Damongo,Savannah,2021-01-17,0.217098202974021,0.0,35.042857142857144,20.25714285714286,61.57142857142857,39.1,38.643974551749466,-0.01833774651037734,0.0,-39.1,-0.9680974486097221,0
Damongo,Savannah,2021-01-24,0.2280496138295556,0.0,34.32857142857143,19.885714285714283,44.0,43.66,38.296404518517534,-0.005105135663091814,0.0,-43.66,-1.0293763283701862,0
Damongo,Savannah,2021-01-31,0.2037368839718426,0.0,35.4,19.942857142857143,47.57142857142857,43.730000000000004,37.9488344852856,-0.01929952191410622,0.0,-43.730000000000004,-1.0843127974400695,0
Damongo,Savannah,2021-02-07,0.2129853147639053,0.0,36.18571428571429,20.714285714285715,55.57142857142857,41.35,38.78470085038072,-0.002482189120925793,0.0,-41.35,-1.1440993452733381,0
Damongo,Savannah,2021-02-14,0.2312814709737106,0.0,37.285714285714285,20.857142857142858,59.285714285714285,40.35,42.53934408208136,0.01226815008895707,0.0,-40.35,-1.1557581884545527,0
Damongo,Savannah,2021-02-21,0.19528453094209,0.3,34.68571428571429,22.685714285714287,68.28571428571429,38.62,39.3652131006682,-0.015537519220797102,0.22499999999999998,-38.32,-1.1059516103844038,0
Damongo,Savannah,2021-02-28,0.2237082336815125,0.0,35.885714285714286,20.857142857142858,43.57142857142857,46.05,38.22730759025024,0.007893346091207898,-0.075,-46.05,-1.127590423328738,0
Damongo,Savannah,2021-03-07,0.2172473335698087,0.7999999999999999,37.357142857142854,23.728571428571428,71.42857142857143,39.24,42.81208631306447,0.00036694127802824883,0.5249999999999999,-38.440000000000005,-1.1004486364028705,0
Damongo,Savannah,2021-03-14,0.2234525685422432,0.6,35.58571428571428,24.942857142857143,80.28571428571429,30.83,37.26194500953983,0.008529401858329622,0.175,-30.229999999999997,-1.006058642007757,0
Damongo,Savannah,2021-03-21,0.22965780351467774,6.8,35.74285714285714,24.285714285714285,87.28571428571429,33.25,35.88266638025797,0.006141318687617192,4.75,-26.45,-0.8953462671589429,0
Damongo,Savannah,2021-03-28,0.23586303848711226,14.1,35.98571428571429,24.342857142857145,89.85714285714286,34.769999999999996,34.50338775097612,0.009307852458651789,8.524999999999999,-20.669999999999995,-0.6586251152075614,0
Damongo,Savannah,2021-04-04,0.24206827345954676,0.0,37.25714285714286,23.557142857142857,78.42857142857143,40.67,36.07195701343159,0.00930785245865176,-5.375,-40.67,-0.6794244914428483,0
Damongo,Savannah,2021-04-11,0.2482735084319813,0.0,37.94285714285714,25.900000000000002,80.28571428571429,38.97,38.55089662753812,0.00930785245865176,-5.2250000000000005,-38.97,-0.7609431229659008,0
Damongo,Savannah,2021-04-18,0.297150939454895,12.8,36.971428571428575,25.32857142857143,84.0,38.49,36.40093390278111,0.04131199949651121,6.075,-25.69,-0.7538545463117223,0
Damongo,Savannah,2021-04-25,0.30949613482455346,14.600000000000001,35.885714285714286,25.414285714285715,87.14285714285714,34.31,39.06184627648162,0.0352489207818093,7.75,-19.71,-0.7449005547485497,0
Damongo,Savannah,2021-05-02,0.3218413301942119,6.799999999999999,36.55714285714286,24.785714285714285,88.57142857142857,35.52,36.19417575066666,0.027650851967801482,-1.7500000000000018,-28.720000000000006,-0.633442013936138,0
Damongo,Savannah,2021-05-09,0.40472198492126976,22.9,33.628571428571426,24.25714285714286,89.71428571428571,29.080000000000002,33.3265052248517,0.07141938757253724,8.624999999999998,-6.180000000000003,-0.32760723960651633,0
Damongo,Savannah,2021-05-16,0.4876026396483276,11.700000000000001,35.22857142857143,24.414285714285715,88.14285714285714,37.18,33.31139694232277,0.10668711725123692,-2.299999999999999,-25.479999999999997,-0.3256485539520722,0
Damongo,Savannah,2021-05-23,0.473900259380284,5.3999999999999995,34.95714285714286,24.614285714285717,87.85714285714286,35.95,33.296288659793845,0.05188370584426072,-6.300000000000002,-30.550000000000004,-0.42675404201956535,0
Damongo,Savannah,2021-05-30,0.4601978791122404,18.1,34.528571428571425,24.857142857142858,92.85714285714286,33.18,31.03016476920942,0.0035921883467099347,3.575000000000001,-15.079999999999998,-0.2995327452261515,0
Damongo,Savannah,2021-06-06,0.4464954988441968,4.7,33.25714285714286,24.071428571428573,93.57142857142857,31.259999999999998,23.775516735952067,-0.020553570402065402,-5.275000000000001,-26.56,-0.4896185244526745,0
Damongo,Savannah,2021-06-13,0.46385026367596555,26.2,32.94285714285714,24.057142857142857,95.14285714285714,29.39,31.18093635379472,0.002739288422793862,12.6,-3.1900000000000013,-0.2817180328452555,0
Damongo,Savannah,2021-06-20,0.48120502850773433,19.5,32.2,23.842857142857145,94.28571428571429,28.97,26.81499657017423,0.018267860972700056,2.375,-9.469999999999999,-0.08510330143725224,0
Damongo,Savannah,2021-06-27,0.49855979333950307,29.0,30.442857142857143,22.514285714285712,99.57142857142857,24.02,30.187474381167704,0.026032147247653126,9.149999999999999,4.98,0.10199781393487989,0
Damongo,Savannah,2021-07-04,0.5159145581712719,21.2,31.514285714285712,22.62857142857143,97.42857142857143,27.240000000000002,27.43867944554637,0.026032147247653126,-2.7749999999999986,-6.040000000000003,0.2933893835976989,0
Damongo,Savannah,2021-07-11,0.5332693230030406,25.1,31.3,22.814285714285713,97.57142857142857,28.48,27.833455286981433,0.026032147247653126,1.4000000000000021,-3.379999999999999,0.2916172394341543,0
Damongo,Savannah,2021-07-18,0.5506240878348093,104.30000000000001,29.585714285714285,22.514285714285712,99.42857142857143,21.240000000000002,28.228231128416496,0.026032147247653126,59.400000000000006,83.06,1.1546514470803848,0
Damongo,Savannah,2021-07-25,0.5679788526665781,3.5,30.285714285714285,22.985714285714288,91.14285714285714,26.82,28.62300696985156,0.026032147247653126,-35.025000000000006,-23.32,0.8906952374576859,0
Damongo,Savannah,2021-08-01,0.5853336174983469,50.0,28.785714285714285,22.5,98.28571428571429,20.53,29.017782811286622,0.026032147247653126,4.274999999999999,29.47,1.2218996545496308,0
Damongo,Savannah,2021-08-08,0.6026883823301157,53.6,29.357142857142858,22.285714285714285,98.85714285714286,22.05,28.597723189334687,0.026032147247653126,0.75,31.55,1.5476943684054918,0
Damongo,Savannah,2021-08-15,0.6200431471618844,41.8,28.342857142857145,22.25714285714286,98.85714285714286,19.81,28.17766356738275,0.026032147247653126,4.574999999999996,21.99,0.9780899259440707,0
Damongo,Savannah,2021-08-22,0.6373979119936531,47.9,28.614285714285717,22.514285714285712,98.14285714285714,18.86,26.8391824065514,0.026032147247653126,-0.42500000000000426,29.04,1.4664555491187883,0
Damongo,Savannah,2021-08-29,0.6547526768254219,76.3,28.928571428571427,22.185714285714287,99.71428571428571,20.439999999999998,27.347841361931064,0.026032147247653237,21.4,55.86,1.7125970463605913,0
Damongo,Savannah,2021-09-05,0.6721074416571906,42.8,29.5,22.157142857142855,99.57142857142857,20.24,27.85650031731073,0.026032147247653126,-9.400000000000006,22.56,1.6287466462012956,0
Damongo,Savannah,2021-09-12,0.6894622064889594,43.4,30.7,22.685714285714287,98.57142857142857,25.39,28.36515927269039,0.026032147247653126,-9.199999999999996,18.009999999999998,1.5916248895123084,0
Damongo,Savannah,2021-09-19,0.7068169713207282,41.9,31.099999999999998,22.185714285714287,98.28571428571429,26.45,28.544875475417143,0.026032147247653126,-9.200000000000003,15.45,1.4648699464461432,0
Damongo,Savannah,2021-09-26,0.6762468350790296,24.9,30.614285714285717,22.785714285714285,99.14285714285714,24.07,27.62627752997804,-0.009911528557447258,-13.350000000000001,0.8299999999999983,0.951601034236351,0
Damongo,Savannah,2021-10-03,0.6456766988373309,7.2,32.042857142857144,22.585714285714285,98.0,28.89,29.697933108117525,-0.033873979094181106,-22.15,-21.69,0.5388779856213538,0
Damongo,Savannah,2021-10-10,0.6151065625956322,7.2,33.528571428571425,22.942857142857143,96.71428571428571,31.77,29.62324370427456,-0.045855204362547974,-13.100000000000001,-24.57,0.1417311514964592,0
Damongo,Savannah,2021-10-17,0.5845364263539337,0.1,34.628571428571426,23.057142857142857,89.0,35.56,31.612029542209427,-0.045855204362547974,-9.75,-35.46,-0.33311021358804965,0
Damongo,Savannah,2021-10-24,0.5812248836193614,64.6,31.8,22.428571428571427,99.28571428571429,26.12,30.47629054472384,-0.02541125923220311,44.824999999999996,38.47999999999999,0.018054143030134473,0
Damongo,Savannah,2021-10-31,0.5779133408847892,0.3,33.51428571428571,22.357142857142858,94.14285714285714,30.22,31.436180487989674,-0.01178196247863994,-17.749999999999996,-29.919999999999998,-0.05870768047498251,0
Damongo,Savannah,2021-11-07,0.5746017981502171,0.0,34.84285714285714,22.614285714285717,86.0,34.01,32.39607043125551,-0.0049673141018582445,-16.249999999999996,-34.01,-0.14675526417951518,0
Damongo,Savannah,2021-11-14,0.5712902554156448,10.0,34.471428571428575,22.914285714285715,93.57142857142857,29.22,30.320687001680422,-0.0049673141018583555,-8.724999999999998,-19.22,0.004716426430825093,0
Damongo,Savannah,2021-11-21,0.5679787126810726,0.0,35.58571428571428,21.957142857142856,81.57142857142857,34.99,33.98103069205604,-0.0049673141018583555,-2.575,-34.99,-0.6805437403882448,0
Damongo,Savannah,2021-11-28,0.5065406165850028,0.0,35.457142857142856,21.557142857142857,80.14285714285714,35.19,33.2003827346129,-0.04856222912298147,-2.5,-35.19,-0.7296974232402458,0
Damongo,Savannah,2021-12-05,0.4488369606905831,0.0,34.857142857142854,20.928571428571427,75.57142857142857,33.68,32.66081866541987,-0.07482467565249273,-2.5,-33.68,-0.7266194886404052,0
Damongo,Savannah,2021-12-12,0.37181299281665164,0.0,34.08571428571428,19.414285714285715,67.42857142857143,34.23,33.79335628814374,-0.10197932787667591,0.0,-34.23,-0.8666188775604302,0
Damongo,Savannah,2021-12-19,0.3356528316000017,0.0,33.51428571428571,19.87142857142857,57.142857142857146,36.019999999999996,35.99503961284279,-0.08005801882305813,0.0,-36.019999999999996,-0.8762257643417508,0
Damongo,Savannah,2021-12-26,0.2994926703833518,0.0,33.32857142857143,19.228571428571428,51.857142857142854,37.66,35.652277517342384,-0.06445619348929521,0.0,-37.66,-0.8992636384678309,0
Damongo,Savannah,2022-01-02,0.29085299537904963,0.0,33.41428571428571,19.38571428571429,52.714285714285715,38.39,35.30951542184198,-0.033599877165714054,0.0,-38.39,-0.9431941595746476,0
Damongo,Savannah,2022-01-09,0.2395213701288763,0.1,32.385714285714286,19.9,47.42857142857143,35.16,37.34503417950253,-0.05185859674394355,0.07500000000000001,-35.059999999999995,-0.9509356314469742,0
Damongo,Savannah,2022-01-16,0.2632030624937215,0.0,34.114285714285714,19.785714285714285,46.57142857142857,40.79,36.972911891434336,-0.010064462102528315,-0.025,-40.79,-0.995425777026489,0
Damongo,Savannah,2022-01-23,0.2323250576278308,0.0,32.01428571428571,18.342857142857145,36.142857142857146,42.74,36.60078960336614,-0.02415056377953878,-0.025,-42.74,-1.0428073157149453,0
Damongo,Savannah,2022-01-30,0.2759774087288008,0.0,33.628571428571426,18.985714285714288,37.142857142857146,44.7,35.55074828470697,0.023220683983993462,-0.025,-44.7,-1.101661156093717,0
Damongo,Savannah,2022-02-06,0.2469827350316928,0.0,33.82857142857143,18.97142857142857,40.42857142857143,45.09,36.78230689528817,-0.007639330938818661,0.0,-45.09,-1.1952117137797829,0
Damongo,Savannah,2022-02-13,0.2457291687480058,0.1,35.5,20.52857142857143,53.857142857142854,41.92,39.96186944819999,-0.004524423786076731,0.07500000000000001,-41.82,-1.204818600561104,0
Damongo,Savannah,2022-02-20,0.2400463398978751,0.0,36.7,21.442857142857143,65.42857142857143,39.81,39.23800065705518,-0.012137573203718499,-0.025,-39.81,-1.1774902721443368,0
Damongo,Savannah,2022-02-27,0.2343635110477444,0.0,36.84285714285714,22.071428571428573,63.57142857142857,40.56,36.91871280372993,-0.007416927633585146,-0.025,-40.56,-1.1388761835281538,0
Damongo,Savannah,2022-03-06,0.26883944136360044,7.3999999999999995,35.971428571428575,24.342857142857145,79.71428571428571,34.04,37.79352282634784,0.02159482609929403,5.5249999999999995,-26.64,-0.9667916581734263,0
Damongo,Savannah,2022-03-13,0.30331537167945655,0.8999999999999999,37.042857142857144,23.842857142857145,74.71428571428571,38.41,37.83196029870723,0.04167420568228741,-1.1749999999999998,-37.51,-0.9265919668845982,0
Damongo,Savannah,2022-03-20,0.3377913019953126,13.6,34.542857142857144,24.342857142857145,86.14285714285714,30.92,37.87039777106662,0.05171389547378413,8.125,-17.32,-0.7168260603681849,0
Damongo,Savannah,2022-03-27,0.37226723231116865,4.8,36.128571428571426,25.099999999999998,85.85714285714286,35.28,34.40828736053379,0.05171389547378408,-1.875,-30.48,-0.6228091489548703,0
Damongo,Savannah,2022-04-03,0.40674316262702476,6.699999999999999,36.27142857142857,24.685714285714287,85.57142857142857,35.06,33.75728143440159,0.05171389547378408,0.1999999999999993,-28.360000000000003,-0.6388517171722217,0
Damongo,Savannah,2022-04-10,0.4412190929428808,11.899999999999999,36.042857142857144,24.385714285714283,90.57142857142857,36.21,36.20216738987577,0.05171389547378408,2.6499999999999986,-24.310000000000002,-0.5157343331785952,0
Damongo,Savannah,2022-04-17,0.4756950232587369,38.7,33.15714285714286,23.285714285714285,93.57142857142857,27.75,38.647053345349946,0.05171389547378413,23.175,10.950000000000003,-0.25205793579224567,0
Damongo,Savannah,2022-04-24,0.510170953574593,36.1,34.24285714285714,24.12857142857143,91.28571428571429,31.13,34.85138714090266,0.05171389547378413,12.75,4.970000000000002,0.0785868568270009,0
Damongo,Savannah,2022-05-01,0.544646883890449,38.4,33.48571428571429,23.185714285714287,93.28571428571429,30.990000000000002,31.552875027454377,0.05171389547378413,7.1249999999999964,7.409999999999997,0.41221631330063824,0
Damongo,Savannah,2022-05-08,0.5430467466765736,21.0,33.07142857142857,23.914285714285715,93.71428571428571,27.619999999999997,34.05651099168381,0.024656844826485447,-12.550000000000004,-6.619999999999997,0.5772122620011876,0
Damongo,Savannah,2022-05-15,0.5414466094626983,33.2,33.77142857142857,23.557142857142857,97.28571428571429,30.9,36.56014695591324,0.006618811061619878,1.0250000000000057,2.3000000000000043,0.4965330671871824,0
Damongo,Savannah,2022-05-22,0.5398464722488229,22.9,32.9,23.285714285714285,94.71428571428571,30.41,25.834824973349782,-0.0024002058208131283,-5.975000000000001,-7.510000000000002,0.3801311768659356,0
Damongo,Savannah,2022-05-29,0.5382463350349476,38.3,32.15714285714286,22.62857142857143,97.57142857142857,28.57,30.321031955623425,-0.0024002058208130173,9.449999999999996,9.729999999999997,0.40176998981027,0
Damongo,Savannah,2022-06-05,0.5366461978210721,15.399999999999999,33.614285714285714,22.928571428571427,94.57142857142857,33.65,29.542147938489336,-0.0024002058208130173,-12.05,-18.25,0.2932961128522492,0
Damongo,Savannah,2022-06-12,0.5248893693135577,16.7,31.685714285714283,22.7,94.28571428571429,27.93,30.527490302118792,-0.010017724291042418,-6.625,-11.23,0.1671007942587822,0
Damongo,Savannah,2022-06-19,0.5131325408060433,121.5,29.67142857142857,22.25714285714286,97.28571428571429,23.45,29.027838296814707,-0.015096069937861833,73.525,98.05,1.151666783225994,0
Damongo,Savannah,2022-06-26,0.5013757122985288,21.3,30.828571428571426,21.842857142857145,98.71428571428571,26.560000000000002,29.696227384868337,-0.017635242761271708,-22.425000000000008,-5.260000000000002,1.011853935796868,0
Damongo,Savannah,2022-07-03,0.5107722369861217,59.2,30.342857142857145,22.157142857142855,98.85714285714286,24.82,27.57024280722669,-0.0017702278649411873,4.524999999999999,34.38,1.5027378690987283,0
Damongo,Savannah,2022-07-10,0.5201687616737146,47.3,30.928571428571427,22.2,99.14285714285714,26.21,25.44425822958505,0.008806448732612493,-15.025000000000006,21.089999999999996,1.8041889183922133,0
Damongo,Savannah,2022-07-17,0.5295652863613075,19.400000000000002,29.842857142857145,22.314285714285713,96.71428571428571,25.11,25.51014458948933,0.014094787031389333,-17.400000000000002,-5.709999999999997,0.8364116636059508,0
Damongo,Savannah,2022-07-24,0.5389618110489004,26.5,29.37142857142857,21.52857142857143,92.85714285714286,25.45,25.57603094939361,0.014094787031389333,-11.600000000000001,1.0500000000000007,0.8952655039847222,0
Damongo,Savannah,2022-07-31,0.5483583357364933,32.9,30.8,21.414285714285715,97.71428571428571,26.5,25.91558909730361,0.014094787031389333,1.3749999999999964,6.399999999999999,0.6342939582164142,0
Damongo,Savannah,2022-08-07,0.5577548604240862,15.3,30.642857142857142,21.5,94.28571428571429,27.54,31.001539657067667,0.014094787031389333,-8.225000000000001,-12.239999999999998,0.32342256363250776,0
Damongo,Savannah,2022-08-14,0.5671513851116791,142.0,30.52857142857143,22.37142857142857,97.57142857142857,26.32,32.55350544864655,0.014094787031389333,87.825,115.68,1.4556361426466213,0
Damongo,Savannah,2022-08-21,0.576547909799272,12.8,29.914285714285715,21.571428571428573,97.0,25.49,27.91836313205158,0.014094787031389333,-37.95,-12.689999999999998,1.3274821383987105,0
Damongo,Savannah,2022-08-28,0.5859444344868648,78.2,29.071428571428573,21.842857142857145,99.0,21.84,26.678308793197232,0.014094787031389333,16.125,56.36,1.793462782665496,0
Damongo,Savannah,2022-09-04,0.5953409591744577,53.5,29.585714285714285,22.042857142857144,97.85714285714286,23.04,25.43825445434288,0.014094787031389333,-18.125,30.46,2.1917288657357874,0
Damongo,Savannah,2022-09-11,0.6047374838620506,37.9,30.099999999999998,22.071428571428573,98.14285714285714,24.830000000000002,26.395092513739957,0.014094787031389333,-7.700000000000003,13.069999999999997,1.234677746676242,0
Damongo,Savannah,2022-09-18,0.6141340085496435,62.5,29.614285714285717,22.099999999999998,98.71428571428571,22.17,27.351930573137032,0.014094787031389333,4.475000000000001,40.33,1.7291992390506412,0
Damongo,Savannah,2022-09-25,0.6235305332372364,45.0,29.714285714285715,21.914285714285715,99.71428571428571,22.83,28.30876863253411,0.014094787031389333,-4.725000000000001,22.17,1.4103065603580591,0
Damongo,Savannah,2022-10-02,0.6329270579248293,39.1,29.32857142857143,21.657142857142855,99.71428571428571,21.06,28.366331305719086,0.014094787031389333,-7.024999999999999,18.040000000000003,1.2944642945095106,0
Damongo,Savannah,2022-10-09,0.6423235826124222,27.3,31.557142857142857,21.900000000000002,98.85714285714286,26.740000000000002,28.40699220378804,0.014094787031389333,-16.175,0.5599999999999987,1.1777825919519147,0
Damongo,Savannah,2022-10-16,0.6517201073000151,24.7,30.97142857142857,21.67142857142857,98.0,26.25,29.209075405499775,0.014094787031389333,-9.325,-1.5500000000000007,0.7871647100085003,0
Damongo,Savannah,2022-10-23,0.661116631987608,1.1,33.714285714285715,22.085714285714285,92.85714285714286,33.65,30.011158607211506,0.014094787031389333,-21.949999999999996,-32.55,0.27678719090764947,0
Damongo,Savannah,2022-10-30,0.6515270789213937,0.9,34.371428571428574,21.914285714285715,87.28571428571429,36.44,30.81324180892324,-0.00014477128396606087,-12.6,-35.54,-0.22295746321193372,0
Damongo,Savannah,2022-11-06,0.6037776452332762,0.2,34.528571428571425,21.87142857142857,80.14285714285714,35.730000000000004,31.825331370591584,-0.038257720627297154,-6.5249999999999995,-35.53,-0.5595715835399621,0
Damongo,Savannah,2022-11-13,0.5560282115451586,1.9000000000000001,34.285714285714285,21.228571428571428,83.71428571428571,33.730000000000004,33.13549702429839,-0.06208418037670049,0.875,-31.830000000000005,-0.8419954007617049,0
Damongo,Savannah,2022-11-20,0.512592890762718,0.1,33.57142857142857,19.857142857142858,72.42857142857143,36.32,32.01485513197957,-0.06838856585291864,-0.675,-36.22,-0.876225764341751,0
Damongo,Savannah,2022-11-27,0.4370976276693672,0.0,33.81428571428572,19.2,76.0,33.85,33.651247141178374,-0.09027646613326279,-0.55,-33.85,-0.860463008360749,0
Damongo,Savannah,2022-12-04,0.3276937977800783,7.300000000000001,33.74285714285714,21.8,91.0,30.29,35.24302662336828,-0.13065933415925224,4.9750000000000005,-22.99,-0.7435014935668038,0
Damongo,Savannah,2022-12-11,0.3563451491359209,0.0,33.47142857142857,20.142857142857142,75.71428571428571,32.26,35.98496619956779,-0.05208721720110021,-1.85,-32.26,-0.7475121356211415,0
Damongo,Savannah,2022-12-18,0.32779839147810813,0.0,33.24285714285714,18.128571428571426,68.28571428571429,32.2,34.640276974008344,-0.03443535003776049,-1.8250000000000002,-32.2,-0.7100172959503553,0
Damongo,Savannah,2022-12-25,0.2992516338202954,0.0,31.385714285714283,18.4,49.285714285714285,37.06,33.295587748448895,-0.02852060923330524,-1.8250000000000002,-37.06,-0.7399572052397145,0
Damongo,Savannah,2023-01-01,0.2707048761624826,0.0,31.842857142857145,18.542857142857144,48.857142857142854,38.72,34.88110991774164,-0.04282013648671912,0.0,-38.72,-0.8866720878321191,0
Damongo,Savannah,2023-01-08,0.1811516733110224,0.0,32.57142857142857,18.37142857142857,54.57142857142857,37.5,35.02467677941888,-0.08857497038195478,0.0,-37.5,-0.9355459584477709,0
Damongo,Savannah,2023-01-15,0.2498361560009972,0.0,33.1,19.057142857142857,52.857142857142854,39.58,35.168243641096126,-0.00039992882270220576,0.0,-39.58,-1.0043797685896618,0
Damongo,Savannah,2023-01-22,0.2610103747263349,0.0,33.98571428571429,18.642857142857142,56.714285714285715,37.2,34.6470336488041,0.020334604676125634,0.0,-37.2,-1.0056855590259581,0
Damongo,Savannah,2023-01-29,0.2482152888798732,0.1,35.128571428571426,20.67142857142857,76.28571428571429,34.74,37.88515826183635,0.01316191565031627,0.07500000000000001,-34.64,-0.9676310948824735,0
Damongo,Savannah,2023-02-05,0.2408613053606208,0.0,35.75714285714286,19.900000000000002,61.142857142857146,38.54,37.83716821874884,-0.009119475881335715,-0.025,-38.54,-0.977331252409244,0
Damongo,Savannah,2023-02-12,0.238050297140668,0.0,35.57142857142857,22.085714285714285,74.85714285714286,34.95,36.51434363983259,-0.008984019386206243,-0.025,-34.95,-0.9341468972660251,0
Damongo,Savannah,2023-02-19,0.20862627151455782,0.0,34.41428571428572,20.485714285714288,45.42857142857143,46.47,35.9068648361785,-0.02531201920937215,-0.025,-46.47,-1.0206088782979128,0
Damongo,Savannah,2023-02-26,0.1792022458884476,0.0,36.81428571428571,21.32857142857143,61.0,40.68,40.41571334706413,-0.03748278408762595,0.0,-40.68,-1.0769444085495417,0
Damongo,Savannah,2023-03-05,0.2672621245149695,0.1,36.27142857142857,23.97142857142857,79.28571428571429,36.1,39.09958671878957,0.04397688975030878,0.07500000000000001,-36.0,-1.0532536392053136,0
Damongo,Savannah,2023-03-12,0.25306260820390347,0.2,37.214285714285715,24.542857142857144,76.71428571428571,36.91,37.78346009051501,0.026024295673433895,0.125,-36.709999999999994,-1.0696692904044636,0
Damongo,Savannah,2023-03-19,0.2388630918928375,0.30000000000000004,36.07142857142857,23.857142857142858,80.0,37.45,43.10786078012666,0.004265574267798,0.15000000000000002,-37.150000000000006,-0.9827409556453274,0
Damongo,Savannah,2023-03-26,0.26528563979569564,43.5,34.457142857142856,23.085714285714285,88.0,32.97,40.25938451624302,0.009167273693844125,32.475,10.530000000000001,-0.5051014681973274,0
Damongo,Savannah,2023-04-02,0.2917081876985538,11.799999999999999,35.0,23.52857142857143,87.28571428571429,33.269999999999996,34.73771028923045,0.02947830580080618,-2.1500000000000004,-21.47,-0.36957907505888865,0
Damongo,Savannah,2023-04-09,0.3708725936330822,35.2,33.94285714285714,24.0,89.71428571428571,32.33,33.92222349982927,0.07919021537803994,12.5,2.8700000000000045,-0.0004134645689091781,0
Damongo,Savannah,2023-04-16,0.4500369995676106,8.4,35.81428571428571,23.942857142857143,88.14285714285714,37.48,32.676545724344635,0.10556114439387504,-16.325000000000003,-29.08,0.07485602700901244,0
Damongo,Savannah,2023-04-23,0.4900912264660632,12.0,35.214285714285715,24.82857142857143,88.85714285714286,36.55,32.148417760705456,0.08941397462473571,-4.850000000000001,-24.549999999999997,-0.25233774802859443,0
Damongo,Savannah,2023-04-30,0.5301454533645157,19.400000000000002,33.55714285714286,23.685714285714287,93.57142857142857,28.42,30.655564277749022,0.0698588851066978,0.6500000000000021,-9.02,-0.13621566994369688,0
Damongo,Savannah,2023-05-07,0.5701996802629683,36.0,34.81428571428571,23.557142857142857,95.0,35.19,29.162710794792588,0.06008134034767887,17.049999999999997,0.8100000000000023,-0.15542944350633858,0
Damongo,Savannah,2023-05-14,0.6102539071614208,45.9,34.94285714285714,24.071428571428573,96.71428571428571,34.11,31.438266764382377,0.06008134034767887,17.575,11.79,0.22576809314665436,0
Damongo,Savannah,2023-05-21,0.6503081340598733,11.0,33.22857142857143,23.571428571428573,96.0,29.75,29.08953374357145,0.06008134034767876,-17.075,-18.75,0.2798651255074901,0
Damongo,Savannah,2023-05-28,0.6298454305804492,6.2,33.885714285714286,23.885714285714283,94.85714285714286,33.26,25.13044508032823,0.014693642564271303,-18.575000000000003,-27.06,0.11160470071620086,0
Damongo,Savannah,2023-06-04,0.6342689883618944,8.200000000000001,32.91428571428572,23.685714285714287,92.42857142857143,31.689999999999998,28.117911183588262,0.003099873320985047,-9.624999999999998,-23.489999999999995,-0.11504321072661118,0
Damongo,Savannah,2023-06-11,0.6386925461433396,41.0,32.74285714285714,23.228571428571428,95.28571428571429,28.72,31.10537728684829,0.0004137713569505319,24.4,12.280000000000001,-0.1104729441995751,0
Damongo,Savannah,2023-06-18,0.6431161039247848,30.7,31.571428571428573,22.914285714285715,98.0,28.08,30.01529806836157,0.006635336672167869,9.175,2.620000000000001,0.08884663882646997,0
Damongo,Savannah,2023-06-25,0.6475396617062301,25.4,30.985714285714288,23.042857142857144,96.28571428571429,26.07,28.925218849874852,0.006635336672167869,-0.9250000000000007,-0.6700000000000017,0.3349881360682729,0
Damongo,Savannah,2023-07-02,0.6519632194876753,32.4,30.442857142857147,22.314285714285713,98.0,23.560000000000002,27.83513963138813,0.006635336672167869,0.02499999999999858,8.839999999999996,0.6365324561072074,0
Damongo,Savannah,2023-07-09,0.6563867772691205,59.199999999999996,31.257142857142856,22.571428571428573,98.0,25.650000000000002,26.945534178007165,0.006635336672167869,22.275,33.55,0.8349193316787553,0
Damongo,Savannah,2023-07-16,0.6608103350505657,24.8,30.24285714285714,22.685714285714287,96.85714285714286,24.89,28.11480776786209,0.006635336672167869,-10.649999999999995,-0.08999999999999986,0.8096429596618819,0
Damongo,Savannah,2023-07-23,0.665233892832011,37.800000000000004,30.757142857142856,22.67142857142857,98.57142857142857,25.53,26.645951024121416,0.006635336672167758,-0.7499999999999929,12.270000000000003,0.9303353042738157,0
Damongo,Savannah,2023-07-30,0.6619777673631816,41.3,31.0,22.585714285714285,98.14285714285714,22.91,27.23432618562117,0.0008755742344618289,0.5250000000000057,18.389999999999997,1.0194088661782954,0
Damongo,Savannah,2023-08-06,0.6587216418943522,82.0,29.585714285714285,22.714285714285715,97.57142857142857,22.63,27.822701347120926,-0.002964267390675346,35.525000000000006,59.370000000000005,1.2602339309294646,0
Damongo,Savannah,2023-08-13,0.6554655164255229,67.9,30.25714285714286,22.514285714285712,99.57142857142857,24.330000000000002,28.41107650862068,-0.0048841882032441,10.650000000000006,43.57000000000001,1.6674540055629286,0
Damongo,Savannah,2023-08-20,0.6522093909566936,33.300000000000004,30.785714285714285,22.24285714285714,97.85714285714286,25.21,27.649554266593753,-0.004884188203243878,-22.82499999999999,8.090000000000003,1.6284668339649468,0
Damongo,Savannah,2023-08-27,0.6489532654878643,34.1,31.642857142857142,23.0,98.42857142857143,26.34,26.888032024566822,-0.004884188203243989,-20.225,7.760000000000002,1.5293200315518978,0
Damongo,Savannah,2023-09-03,0.6456971400190349,54.4,31.485714285714288,22.228571428571428,99.42857142857143,24.75,25.522838760735223,-0.004884188203243989,6.975000000000001,29.65,1.252119376075339,0
Damongo,Savannah,2023-09-10,0.6424410145502055,56.0,31.214285714285715,22.12857142857143,98.85714285714286,24.72,26.71658738864056,-0.0048841882032441,11.550000000000004,31.28,1.1374896299176371,0
Damongo,Savannah,2023-09-17,0.6391848890813762,50.599999999999994,31.0,22.928571428571427,98.14285714285714,24.7,29.02566229305478,-0.0048841882032441,1.8250000000000028,25.899999999999995,1.3036048275635828,0
Damongo,Savannah,2023-09-24,0.6359287636125468,49.10000000000001,31.02857142857143,22.414285714285715,99.71428571428571,26.99,26.75337107035932,-0.004884188203243989,-3.42499999999999,22.11000000000001,1.4374483472839263,0
Damongo,Savannah,2023-10-01,0.6326726381437174,21.0,33.34285714285714,23.1,98.42857142857143,32.74,28.062494137353383,-0.0048841882032441,-23.174999999999997,-11.740000000000002,1.0514007318675485,0
Damongo,Savannah,2023-10-08,0.6294165126748882,47.3,31.157142857142855,23.085714285714285,99.71428571428571,23.47,28.829303078177475,-0.004884188203243878,5.300000000000004,23.83,0.9819140265075094,0
Damongo,Savannah,2023-10-15,0.6261603872060588,26.5,31.914285714285715,22.557142857142857,98.85714285714286,27.29,28.798380769196967,-0.004884188203243989,-9.474999999999994,-0.7899999999999991,0.7329744069022149,0
Damongo,Savannah,2023-10-22,0.6229042617372295,7.800000000000001,33.714285714285715,22.82857142857143,96.85714285714286,32.089999999999996,28.76745846021646,-0.004884188203243989,-17.849999999999998,-24.289999999999996,0.3001981480155284,0
Damongo,Savannah,2023-10-29,0.6196481362684001,0.1,34.528571428571425,22.728571428571428,91.0,34.81,30.416871533086464,-0.0048841882032441,-20.324999999999996,-34.71,0.08595524571752872,0
Damongo,Savannah,2023-11-05,0.6449743956478728,0.5,35.48571428571429,23.357142857142858,87.71428571428571,33.74,30.873517519363983,0.016552600432982567,-8.224999999999996,-33.24,-0.4463408985640057,0
Damongo,Savannah,2023-11-12,0.6054530149609957,1.0,35.32857142857143,23.52857142857143,92.42857142857143,32.11,31.828235554263927,-0.017791937192628837,-1.3499999999999965,-31.11,-0.7291377987675473,0
Damongo,Savannah,2023-11-19,0.5659316342741185,2.8,35.41428571428572,22.47142857142857,80.85714285714286,35.6,32.30122123804347,-0.04307016101372829,1.7000000000000033,-32.800000000000004,-0.8085112031452565,0
Damongo,Savannah,2023-11-26,0.5264102535872414,17.3,34.65714285714286,22.24285714285714,83.57142857142857,30.39,33.26143654995491,-0.059282071030315686,11.900000000000004,-13.09,-0.6068598514829686,0
Damongo,Savannah,2023-12-03,0.4684218927012885,2.7,34.8,22.52857142857143,87.42857142857143,31.02,33.79873024096241,-0.07313230617962257,-3.2499999999999964,-28.32,-0.560970644721708,0
Damongo,Savannah,2023-12-10,0.4197188374125261,0.0,34.5,19.87142857142857,71.0,33.98,33.23832981640365,-0.07540181708126753,-5.699999999999997,-33.98,-0.5877393486657766,0
Damongo,Savannah,2023-12-17,0.4088240960469244,0.0,32.58571428571428,18.657142857142855,62.0,35.51,32.677929391844884,-0.04701967389007067,-4.9999999999999964,-35.51,-0.6130157206826498,0
Damongo,Savannah,2023-12-24,0.4042691939672969,0.0,32.98571428571429,18.599999999999998,49.285714285714285,37.33,33.9954490087311,-0.02103931106471213,-0.6749999999999965,-37.33,-0.8391040076527636,0
Damongo,Savannah,2023-12-31,0.3589131212679836,0.0,33.214285714285715,18.02857142857143,56.714285714285715,35.86,34.39967993833784,-0.039018190905699135,0.0,-35.86,-0.9094301497218501,0
Goaso,Ahafo,2019-01-06,0.6188013146344371,0.1,35.550000000000004,21.933333333333334,90.16666666666667,29.009999999999998,28.32390894502089,0.0,0.0,-28.909999999999997,-0.5598349844777104,0
Goaso,Ahafo,2019-01-13,0.2694183026042751,14.7,34.65714285714286,22.728571428571428,91.42857142857143,29.73,27.80462121596281,-0.17469150601508104,7.3,-15.030000000000001,-0.7120060561951816,0
Goaso,Ahafo,2019-01-20,0.6393154142220185,16.0,33.857142857142854,24.157142857142855,94.28571428571429,26.57,28.340323601693456,0.1301370704017749,5.733333333333334,-10.57,-0.8190219063650866,0
Goaso,Ahafo,2019-01-27,0.3978356705509749,9.1,33.785714285714285,23.414285714285715,95.42857142857143,27.67,28.376206170900048,-0.08350700495195151,-0.875,-18.57,-1.0070336696247966,1
Goaso,Ahafo,2019-02-03,0.5024529628757435,15.700000000000001,33.471428571428575,24.357142857142858,92.0,27.11,30.69611766494762,0.050197375312490466,1.825000000000001,-11.409999999999998,-0.829855109740848,0
Goaso,Ahafo,2019-02-10,0.6070702552005122,33.6,33.67142857142857,24.457142857142856,96.0,27.71,28.740721641668586,0.07040167948819986,15.0,5.890000000000001,-0.6180507970110077,0
Goaso,Ahafo,2019-02-17,0.4911205974964081,0.7,36.01428571428571,23.285714285714285,91.42857142857143,34.89,29.119696355335208,-0.00849927403450157,-14.075000000000003,-34.19,-0.8571912304086573,0
Goaso,Ahafo,2019-02-24,0.4713880522068232,20.2,34.52857142857143,24.785714285714285,92.42857142857143,28.1,29.49867106900183,-0.046619914738048496,2.6499999999999986,-7.900000000000002,-0.7491629313251298,0
Goaso,Ahafo,2019-03-03,0.5556437342840113,3.2,34.199999999999996,23.67142857142857,91.57142857142857,29.02,30.53558814238255,0.024338074487072592,-11.225000000000001,-25.82,-0.8950568197781411,0
Goaso,Ahafo,2019-03-10,0.4560685140597855,33.300000000000004,34.67142857142857,24.285714285714285,94.42857142857143,30.08,31.20913696154878,-0.03748671045197155,18.950000000000003,3.220000000000006,-0.9220892057718636,0
Goaso,Ahafo,2019-03-17,0.4035666180320824,21.0,34.228571428571435,24.5,94.85714285714286,29.78,31.5946209833333,-0.0681001116135932,1.5749999999999957,-8.780000000000001,-0.6648259368203702,0
Goaso,Ahafo,2019-03-24,0.5175636659199236,19.8,32.528571428571425,24.285714285714285,95.14285714285714,26.549999999999997,31.98010500511782,0.034353032845972964,0.47499999999999787,-6.7499999999999964,-0.6531827743137106,0
Goaso,Ahafo,2019-03-31,0.6315607138077649,28.0,33.17142857142857,24.785714285714285,94.28571428571429,27.24,27.534219565885337,0.1293708358528758,2.474999999999998,0.7600000000000016,-0.38407385307283337,0
Goaso,Ahafo,2019-04-07,0.5860781349134081,25.900000000000002,33.17142857142857,24.728571428571428,94.85714285714286,27.46,30.460668570489872,0.05138585174511334,2.224999999999998,-1.5599999999999987,-0.4324689111439919,0
Goaso,Ahafo,2019-04-14,0.566475617838392,34.4,32.74285714285714,23.82857142857143,95.42857142857143,27.54,28.802663721503762,-0.008943915281480197,7.374999999999993,6.859999999999999,-0.274121901053423,0
Goaso,Ahafo,2019-04-21,0.5468731007633759,32.6,32.67142857142857,23.97142857142857,96.71428571428571,30.77,27.144658872517653,-0.03587379106735933,2.375,1.8300000000000018,-0.18725378426460706,0
Goaso,Ahafo,2019-04-28,0.5272705836883598,29.900000000000002,32.15714285714286,24.514285714285712,96.28571428571429,27.119999999999997,27.752565972124728,-0.029403775612524163,-0.8000000000000007,2.7800000000000047,-0.16680231620943123,0
Goaso,Ahafo,2019-05-05,0.5076680666133437,37.1,32.41428571428572,24.642857142857142,96.14285714285714,27.27,29.085097748489943,-0.029403775612524163,3.6000000000000014,9.830000000000002,-0.05148438494782127,0
Goaso,Ahafo,2019-05-12,0.4880655495383276,31.9,32.42857142857143,24.228571428571428,97.0,28.96,28.861676334677043,-0.029403775612524163,-0.9750000000000014,2.9399999999999977,-0.09117238236182576,0
Goaso,Ahafo,2019-05-19,0.6975205497320838,30.5,31.085714285714285,24.099999999999998,96.71428571428571,25.64,29.70575763677158,0.14238936233905508,-1.8500000000000014,4.859999999999999,-0.060495180279062116,0
Goaso,Ahafo,2019-05-26,0.7002809902769047,44.800000000000004,31.24285714285714,23.885714285714283,96.42857142857143,25.47,27.96776416870418,0.10189720123673973,8.725000000000001,19.330000000000005,0.10706511492547216,0
Goaso,Ahafo,2019-06-02,0.7030414308217258,42.3,29.957142857142856,23.385714285714283,96.42857142857143,22.67,26.229770700636777,0.05581430072946536,4.924999999999997,19.629999999999995,0.20628510846048329,0
Goaso,Ahafo,2019-06-09,0.7058018713665467,36.3,29.82857142857143,23.24285714285714,95.42857142857143,22.57,25.755994636272106,0.004140660817231523,-2.174999999999997,13.729999999999997,0.31552834624035786,0
Goaso,Ahafo,2019-06-16,0.7085623119113676,61.9,28.5,23.02857142857143,96.57142857142857,19.19,25.282218571907435,0.004140660817231412,15.575000000000003,42.709999999999994,0.698740260046498,0
Goaso,Ahafo,2019-06-23,0.7113227524561886,16.1,30.357142857142858,23.385714285714283,95.0,25.55,26.500182693547742,0.004140660817231412,-23.050000000000004,-9.45,0.4073574627059243,0
Goaso,Ahafo,2019-06-30,0.7140831930010096,83.1,28.885714285714283,22.5,97.14285714285714,22.13,26.42483722711609,0.004140660817231412,33.75,60.97,0.8259038435974919,0
Goaso,Ahafo,2019-07-07,0.7168436335458306,55.2,29.357142857142858,23.25714285714286,96.14285714285714,21.990000000000002,26.182815727168325,0.004140660817231523,1.125000000000007,33.21,1.0231288919711674,0
Goaso,Ahafo,2019-07-14,0.7196040740906515,31.1,28.071428571428573,22.271428571428572,96.42857142857143,20.93,25.940794227220564,0.004140660817231412,-15.274999999999999,10.170000000000002,0.6936780154783853,0
Goaso,Ahafo,2019-07-21,0.7223645146354725,57.9,28.114285714285717,22.24285714285714,96.14285714285714,19.52,25.6987727272728,0.004140660817231412,1.0750000000000028,38.379999999999995,1.1779323308640572,0
Goaso,Ahafo,2019-07-28,0.7251249551802935,30.1,28.75714285714286,22.571428571428573,95.28571428571429,23.74,26.11466318749172,0.004140660817231412,-13.474999999999994,6.360000000000003,0.6250339791347754,0
Goaso,Ahafo,2019-08-04,0.7278853957251145,31.1,27.5,22.414285714285715,93.0,17.82,26.530553647710633,0.004140660817231523,-6.449999999999996,13.280000000000001,0.42325291064979864,0
Goaso,Ahafo,2019-08-11,0.7306458362699354,27.4,27.914285714285715,22.014285714285712,95.0,20.54,26.94644410792955,0.004140660817231412,-9.225000000000001,6.859999999999999,0.38974085160889177,0
Goaso,Ahafo,2019-08-18,0.7334062768147565,13.9,28.842857142857145,22.32857142857143,93.28571428571429,22.65,26.90429263008616,0.004140660817231523,-11.725,-8.749999999999998,-0.08742632138142234,0
Goaso,Ahafo,2019-08-25,0.7361667173595774,56.3,28.585714285714285,22.657142857142855,93.85714285714286,21.7,26.86214115224277,0.004140660817231523,24.125,34.599999999999994,0.19848925182558952,0
Goaso,Ahafo,2019-09-01,0.7389271579043983,34.9,29.071428571428573,22.52857142857143,95.71428571428571,23.3,26.81998967439938,0.004140660817231412,1.7749999999999986,11.599999999999998,0.18148011007673037,0
Goaso,Ahafo,2019-09-08,0.7416875984492193,174.2,28.042857142857144,22.74285714285714,97.0,19.22,27.882236775387838,0.004140660817231412,104.375,154.98,1.681119440934471,0
Goaso,Ahafo,2019-09-15,0.7444480389940403,48.4,28.75714285714286,22.885714285714283,96.14285714285714,22.259999999999998,28.944483876376296,0.004140660817231523,-30.050000000000004,26.14,2.0343628668973834,0
Goaso,Ahafo,2019-09-22,0.7472084795388613,88.5,28.985714285714288,22.900000000000002,96.57142857142857,21.8,28.244304742279702,0.004140660817231412,2.0,66.7,2.359358968170226,0
Goaso,Ahafo,2019-09-29,0.7499689200836822,62.8,29.599999999999998,22.942857142857143,97.42857142857143,22.86,27.544125608183112,0.004140660817231412,-30.67500000000001,39.94,2.6462869902908612,0
Goaso,Ahafo,2019-10-06,0.7527293606285032,67.6,28.771428571428572,22.514285714285712,97.85714285714286,21.95,26.84394647408652,0.004140660817231412,0.7749999999999915,45.64999999999999,1.5393765930273124,0
Goaso,Ahafo,2019-10-13,0.7554898011733242,101.9,27.814285714285713,22.52857142857143,97.14285714285714,17.72,25.354682639764636,0.004140660817231523,21.700000000000003,84.18,2.1270019424938487,0
Goaso,Ahafo,2019-10-20,0.7582502417181451,46.9,29.428571428571427,23.057142857142857,97.57142857142857,22.95,19.306543209876565,0.004140660817231523,-22.9,23.95,1.6941800319202023,0
Goaso,Ahafo,2019-10-27,0.7610106822629661,48.6,29.557142857142857,22.685714285714287,97.71428571428571,22.79,28.218478572525896,0.004140660817231412,-17.65,25.810000000000002,1.5511210004253342,0
Goaso,Ahafo,2019-11-03,0.763771122807787,39.1,29.271428571428572,22.25714285714286,98.42857142857143,22.51,27.18060395510417,0.004140660817231412,-20.025000000000006,16.59,1.2569033461266175,0
Goaso,Ahafo,2019-11-10,0.7665315633526081,6.9,30.357142857142858,23.0,99.28571428571429,24.59,29.363349170447123,0.004140660817231523,-28.47500000000001,-17.689999999999998,0.22552163781931203,0
Goaso,Ahafo,2019-11-17,0.769292003897429,26.299999999999997,30.37142857142857,23.142857142857142,98.42857142857143,23.22,29.814677592590385,0.004140660817231412,-3.9250000000000043,3.0799999999999983,0.014223549546283049,0
Goaso,Ahafo,2019-11-24,0.7568416500986552,9.9,30.8,23.157142857142855,97.85714285714286,24.26,29.669668905770266,-0.007267434940464557,-10.65,-14.360000000000001,-0.3924771790559007,0
Goaso,Ahafo,2019-12-01,0.7208326560444718,0.30000000000000004,31.728571428571428,23.657142857142855,98.14285714285714,25.13,29.524660218950142,-0.03254181230381925,-10.549999999999999,-24.83,-0.8118335190783664,0
Goaso,Ahafo,2019-12-08,0.6848236619902882,26.0,31.2,23.442857142857143,98.0,24.03,27.107531579051734,-0.0481238310174229,10.375,1.9699999999999989,-0.6127860626601704,0
Goaso,Ahafo,2019-12-15,0.6564179986730657,3.8000000000000003,30.585714285714285,22.928571428571427,98.28571428571429,22.28,27.503466015771664,-0.04831099302855446,-6.199999999999999,-18.48,-0.8310700484371951,0
Goaso,Ahafo,2019-12-22,0.6280123353558431,0.9,32.128571428571426,23.442857142857143,97.71428571428571,24.73,28.431859513008817,-0.044509327660074094,-6.85,-23.830000000000002,-0.9269489605572518,0
Goaso,Ahafo,2019-12-29,0.5996066720386206,0.0,32.74285714285714,21.771428571428572,97.28571428571429,27.95,27.74677579954249,-0.042608494975833855,-7.675,-27.95,-0.958537366662276,0
Goaso,Ahafo,2020-01-05,0.5842606101172355,0.0,32.614285714285714,19.400000000000002,69.28571428571429,34.56,26.269615107595712,-0.03281379392895578,-1.175,-34.56,-1.3283849548085984,0
Goaso,Ahafo,2020-01-12,0.49798611327897424,4.1,34.05714285714286,20.82857142857143,85.85714285714286,29.15,28.67547391298865,-0.07948031941869416,2.8499999999999996,-25.049999999999997,-1.3949028484336006,1
Goaso,Ahafo,2020-01-19,0.5248903800508609,2.1,35.471428571428575,22.085714285714285,85.85714285714286,32.17,27.46626707438827,-0.02679556382056192,0.5500000000000003,-30.07,-1.4580796606436488,0
Goaso,Ahafo,2020-01-26,0.4076843096164571,4.6000000000000005,34.885714285714286,23.599999999999998,95.71428571428571,29.73,29.10826836325981,-0.09602104364942488,1.9000000000000004,-25.13,-1.4295286012794926,1
Goaso,Ahafo,2020-02-02,0.4414772857345434,0.0,35.91428571428572,22.228571428571428,94.71428571428571,33.64,30.889117754836548,-0.02653223643566549,-2.7,-33.64,-1.4202140712741647,0
Goaso,Ahafo,2020-02-09,0.5523146049859889,0.2,36.15714285714286,21.014285714285712,74.28571428571429,38.74,29.14807111537948,0.07072295988902638,-1.5250000000000004,-38.54,-1.5567934297218486,0
Goaso,Ahafo,2020-02-16,0.5249087597907168,9.0,35.44285714285714,22.185714285714287,93.0,33.410000000000004,27.40702447592241,0.04331251975879025,5.55,-24.410000000000004,-1.4994888212108115,0
Goaso,Ahafo,2020-02-23,0.5124532664389312,2.0,36.18571428571429,25.542857142857144,89.85714285714286,33.06,30.589334851588543,0.004664787201386078,-0.8000000000000003,-31.060000000000002,-1.5595270417886298,0
Goaso,Ahafo,2020-03-01,0.4999977730871456,0.7,37.214285714285715,26.2,86.42857142857143,35.89,30.426079050784097,-0.022420827988549996,-2.2750000000000004,-35.19,-1.5752199999497793,0
Goaso,Ahafo,2020-03-08,0.5455482901329682,20.799999999999997,34.542857142857144,24.814285714285713,94.57142857142857,28.36,31.090566092571635,0.024821267770527733,12.674999999999997,-7.560000000000002,-1.2615633265095092,0
Goaso,Ahafo,2020-03-15,0.5910988071787909,24.0,33.48571428571429,25.014285714285712,94.71428571428571,26.75,27.01593062158838,0.05382427296933201,12.125,-2.75,-1.0422668918188618,0
Goaso,Ahafo,2020-03-22,0.6230069907256155,26.200000000000003,34.2,25.042857142857144,92.28571428571429,30.16,30.212940493511496,0.0580940254444855,8.275000000000002,-3.9599999999999973,-0.7678932362271471,0
Goaso,Ahafo,2020-03-29,0.6549151742724402,34.699999999999996,32.385714285714286,24.028571428571432,95.57142857142857,27.22,29.05000000000001,0.051272858694986434,8.274999999999999,7.479999999999997,-0.33588128478439944,0
Goaso,Ahafo,2020-04-05,0.6868233578192647,3.2,33.528571428571425,24.2,93.85714285714286,28.740000000000002,29.18433073453042,0.0478622753202369,-18.825,-25.540000000000003,-0.5179195994537363,0
Goaso,Ahafo,2020-04-12,0.7187315413660893,33.7,32.785714285714285,23.82857142857143,97.28571428571429,27.759999999999998,29.318661469060828,0.0478622753202369,9.25,5.940000000000005,-0.4299377888599355,0
Goaso,Ahafo,2020-04-19,0.613017530400197,25.1,33.01428571428572,24.25714285714286,95.71428571428571,29.75,29.442069252878586,-0.0553543705643007,0.9250000000000007,-4.649999999999999,-0.4369236863639312,0
Goaso,Ahafo,2020-04-26,0.632704540404293,16.0,32.457142857142856,23.82857142857143,95.0,28.07,30.720141144063177,-0.030114702093168022,-3.5000000000000036,-12.07,-0.6348574489771422,0
Goaso,Ahafo,2020-05-03,0.652391550408389,31.6,34.0,24.357142857142858,94.42857142857143,32.49,29.012220144303114,-0.0018197402363531179,5.0,-0.8900000000000006,-0.38528879176918046,0
Goaso,Ahafo,2020-05-10,0.6540324005706233,16.5,32.7,24.514285714285712,96.71428571428571,28.94,29.58627838407051,0.01599589512474764,-5.800000000000004,-12.440000000000001,-0.5713769020930076,0
Goaso,Ahafo,2020-05-17,0.6556732507328575,50.4,32.214285714285715,23.814285714285713,96.14285714285714,27.27,24.79731257681283,0.006972815203816873,21.774999999999995,23.13,-0.29011859388865957,0
Goaso,Ahafo,2020-05-24,0.6573141008950918,17.9,32.67142857142857,24.228571428571428,93.57142857142857,29.299999999999997,29.03118846104144,0.0024612752433513796,-11.200000000000003,-11.399999999999999,-0.2833351861673884,0
Goaso,Ahafo,2020-05-31,0.658954951057326,41.5,30.47142857142857,23.685714285714287,97.28571428571429,23.64,28.793404298606028,0.0024612752433513796,9.924999999999997,17.86,-0.09350101486315773,0
Goaso,Ahafo,2020-06-07,0.6705690245617459,18.1,30.685714285714287,23.557142857142857,96.57142857142857,24.56,28.555620136170617,0.009941192749990613,-13.875,-6.459999999999997,-0.032956569828528404,0
Goaso,Ahafo,2020-06-14,0.6821830980661658,55.8,30.271428571428572,22.885714285714283,97.42857142857143,22.369999999999997,28.317835973735203,0.014927804421083435,22.474999999999994,33.43,0.07132566827459566,0
Goaso,Ahafo,2020-06-21,0.6840731891920201,38.2,29.5,23.142857142857142,96.71428571428571,20.939999999999998,28.080051811299793,0.010128123472705641,-0.20000000000000284,17.260000000000005,0.36149352691882236,0
Goaso,Ahafo,2020-06-28,0.6859632803178742,35.8,29.74285714285714,22.942857142857143,96.42857142857143,23.78,27.84226764886438,0.005266132283422653,-1.1750000000000043,12.019999999999996,0.30236651036326456,0
Goaso,Ahafo,2020-07-05,0.6878533714437285,44.9,27.714285714285715,22.8,95.28571428571429,17.18,27.222572371970177,0.0028351366887813256,1.2249999999999943,27.72,0.6484215490394567,0
Goaso,Ahafo,2020-07-12,0.6897434625695826,48.199999999999996,28.442857142857143,22.67142857142857,95.85714285714286,18.94,26.60287709507598,0.0028351366887813256,6.424999999999997,29.259999999999994,0.6062024293413958,0
Goaso,Ahafo,2020-07-19,0.6916335536954369,21.8,28.32857142857143,22.285714285714285,93.85714285714286,20.4,25.983181818181777,0.0028351366887813256,-15.875000000000004,1.4000000000000021,0.44562803164085724,0
Goaso,Ahafo,2020-07-26,0.693523644821291,37.5,29.085714285714285,22.542857142857144,93.71428571428571,22.85,26.314215681102098,0.0028351366887812146,-0.5999999999999943,14.649999999999999,0.47225543806913073,0
Goaso,Ahafo,2020-08-02,0.6954137359471453,10.2,29.942857142857143,22.285714285714285,92.0,25.810000000000002,26.64524954402242,0.0028351366887813256,-19.225,-15.610000000000003,0.033561323796473905,0
Goaso,Ahafo,2020-08-09,0.6973038270729994,4.2,29.714285714285715,20.385714285714283,92.71428571428571,28.94,26.164256591057068,0.0028351366887813256,-14.225000000000001,-24.740000000000002,-0.5131610895597103,0
Goaso,Ahafo,2020-08-16,0.6991939181988537,8.8,29.95714285714286,22.02857142857143,91.28571428571429,25.64,25.68326363809172,0.0028351366887813256,-6.375,-16.84,-0.6978317714044658,0
Goaso,Ahafo,2020-08-23,0.7010840093247079,9.1,30.428571428571427,22.642857142857142,89.85714285714286,25.55,26.024750198743817,0.0028351366887813256,1.0250000000000004,-16.450000000000003,-1.0127033835410832,0
Goaso,Ahafo,2020-08-30,0.7029741004505621,9.7,30.228571428571428,22.357142857142858,91.28571428571429,25.14,26.36623675939591,0.0028351366887812146,1.75,-15.440000000000001,-1.0109822203879248,0
Goaso,Ahafo,2020-09-06,0.7048641915764163,29.2,30.357142857142858,23.0,90.85714285714286,24.21,26.707723320048007,0.0028351366887813256,15.0,4.989999999999998,-0.7099811583679366,0
Goaso,Ahafo,2020-09-13,0.7067542827022705,26.9,29.357142857142858,23.157142857142855,94.42857142857143,21.88,27.049209880700104,0.0028351366887812146,8.174999999999997,5.02,-0.4886598258500443,0
Goaso,Ahafo,2020-09-20,0.7086443738281247,34.2,28.942857142857143,22.62857142857143,95.28571428571429,20.7,27.3906964413522,0.0028351366887813256,9.200000000000003,13.500000000000004,-0.18543137622008649,0
Goaso,Ahafo,2020-09-27,0.7105344649539789,72.7,29.67142857142857,22.8,96.57142857142857,22.48,27.732183002004295,0.0028351366887813256,31.950000000000003,50.22,0.47934258046448874,0
Goaso,Ahafo,2020-10-04,0.7124245560798331,44.5,29.185714285714287,22.599999999999998,96.57142857142857,22.95,28.07366956265639,0.0028351366887813256,-0.07500000000000284,21.55,0.6470041205603853,0
Goaso,Ahafo,2020-10-11,0.7143146472056873,75.8,28.75714285714286,22.571428571428573,98.14285714285714,20.58,20.449304520616067,0.0028351366887813256,18.999999999999993,55.22,1.155253475198912,0
Goaso,Ahafo,2020-10-18,0.7162047383315415,38.0,29.557142857142857,22.6,97.85714285714286,24.06,28.92486413357108,0.0028351366887813256,-19.75,13.940000000000001,1.1597082504188514,0
Goaso,Ahafo,2020-10-25,0.7180948294573957,23.2,30.12857142857143,23.12857142857143,97.85714285714286,24.5,25.90182236774791,0.0028351366887812146,-22.175,-1.3000000000000007,0.6380945701205066,0
Goaso,Ahafo,2020-11-01,0.7199849205832499,26.0,30.414285714285715,23.185714285714287,98.14285714285714,24.72,27.49087044172842,0.0028351366887813256,-14.75,1.2800000000000011,0.43287117532921304,0
Goaso,Ahafo,2020-11-08,0.7203156934762461,14.9,30.785714285714285,23.442857142857143,97.85714285714286,24.81,28.853986909109324,0.0016656480141378216,-10.625000000000002,-9.909999999999998,-0.22653680211316254,0
Goaso,Ahafo,2020-11-15,0.7206464663692423,22.1,30.942857142857143,23.085714285714285,98.14285714285714,26.4,28.860120463476562,0.0008859888977087449,0.5499999999999972,-4.299999999999997,-0.41120748395791806,0
Goaso,Ahafo,2020-11-22,0.6896787125530071,8.6,31.32857142857143,23.642857142857142,96.28571428571429,26.29,28.8662540178438,-0.022977735692429224,-9.300000000000002,-17.689999999999998,-0.5771478609006562,0
Goaso,Ahafo,2020-11-29,0.6587109587367717,11.2,30.842857142857145,23.357142857142858,96.57142857142857,22.48,27.34756870659476,-0.03862699904704514,-3.0000000000000036,-11.280000000000001,-0.7043114444516501,0
Goaso,Ahafo,2020-12-06,0.6277432049205364,1.4,31.842857142857145,23.74285714285714,95.57142857142857,24.67,28.306557163089,-0.04645163072435299,-9.425000000000002,-23.270000000000003,-0.8395746193116247,0
Goaso,Ahafo,2020-12-13,0.5967754511043011,26.6,30.62857142857143,23.085714285714285,98.0,19.82,27.77743532954122,-0.04645163072435299,14.649999999999999,6.780000000000001,-0.7273952796822447,0
Goaso,Ahafo,2020-12-20,0.5658076972880657,13.900000000000002,30.642857142857142,23.02857142857143,97.85714285714286,20.11,27.248313495993443,-0.04645163072435299,0.6249999999999982,-6.209999999999997,-0.6111661443983744,0
Goaso,Ahafo,2020-12-27,0.5348399434718304,20.4,31.7,23.514285714285712,97.71428571428571,24.25,28.29714120278993,-0.04645163072435299,4.824999999999994,-3.8500000000000014,-0.5359411901162179,0
Goaso,Ahafo,2021-01-03,0.5039149463334583,0.6,33.22857142857143,23.67142857142857,96.28571428571429,28.0,28.45405460609669,-0.04641956321595553,-14.775000000000006,-27.4,-0.5777553302488297,0
Goaso,Ahafo,2021-01-10,0.47298994919508636,11.4,32.285714285714285,23.642857142857142,95.57142857142857,24.36,26.8272071624329,-0.04639818487702391,-0.17500000000000426,-12.959999999999999,-0.7776127457979238,0
Goaso,Ahafo,2021-01-17,0.4420649520567143,10.5,33.05714285714286,23.357142857142858,95.42857142857143,27.189999999999998,26.442254640569104,-0.04638749570755801,-0.2250000000000032,-16.689999999999998,-0.8837173919455684,0
Goaso,Ahafo,2021-01-24,0.5995638006672135,5.800000000000001,33.15714285714286,21.97142857142857,93.0,28.43,27.481079872123786,0.0949303886040953,-1.275000000000003,-22.63,-1.0738552979238858,0
Goaso,Ahafo,2021-01-31,0.6021305494544072,0.0,34.785714285714285,23.342857142857145,94.0,30.6,28.519905103678468,0.07294323661105184,-6.925000000000003,-30.6,-1.1062536631598079,0
Goaso,Ahafo,2021-02-07,0.4570629646651197,5.6,35.74285714285714,24.8,90.28571428571429,30.689999999999998,28.589013341133693,-0.06814260204574402,0.12499999999999645,-25.089999999999996,-1.229063716382225,1
Goaso,Ahafo,2021-02-14,0.4252431940680999,1.5,36.15714285714286,24.8,89.0,32.41,28.10880882458264,-0.09575693314561023,-1.7250000000000036,-30.909999999999997,-1.3730339518993533,1
Goaso,Ahafo,2021-02-21,0.3759751457042585,56.2,33.542857142857144,23.228571428571428,97.28571428571429,28.759999999999998,27.71732306448166,-0.08912781776871281,40.375,27.440000000000005,-0.8661007808485356,0
Goaso,Ahafo,2021-02-28,0.5578401358447198,8.8,35.2,23.400000000000002,92.57142857142857,33.36,29.58254763647659,0.10380977577417028,-9.225000000000005,-24.56,-0.8049488664657329,0
Goaso,Ahafo,2021-03-07,0.5715195077405056,17.700000000000003,34.94285714285714,24.714285714285715,93.14285714285714,30.85,30.976519162486284,0.08887501190110969,-3.350000000000005,-13.149999999999999,-0.6840624661791989,0
Goaso,Ahafo,2021-03-14,0.5851988796362914,36.8,32.55714285714286,24.24285714285714,96.28571428571429,25.63,32.530212822630176,0.0625654624048475,6.92499999999999,11.169999999999998,-0.2580239633268242,0
Goaso,Ahafo,2021-03-21,0.5988782515320772,27.0,31.97142857142857,23.37142857142857,94.28571428571429,27.05,32.38919649332274,0.02051905784367869,4.424999999999997,-0.05000000000000071,-0.5363461696816669,0
Goaso,Ahafo,2021-03-28,0.612557623427863,42.8,32.51428571428572,23.085714285714285,96.28571428571429,29.28,32.24818016401531,0.0205190578436788,11.724999999999994,13.519999999999996,-0.15080562337419487,0
Goaso,Ahafo,2021-04-04,0.6262369953236487,9.2,33.55714285714286,24.585714285714285,94.14285714285714,32.25,32.085757088923344,0.02051905784367869,-19.750000000000004,-23.05,-0.25103806582282867,0
Goaso,Ahafo,2021-04-11,0.6399163672194346,18.2,33.68571428571429,24.642857142857142,94.71428571428571,28.29,31.92333401383138,0.02051905784367869,-6.100000000000005,-10.09,-0.4662847048589856,0
Goaso,Ahafo,2021-04-18,0.5692443363872506,23.7,33.98571428571429,24.400000000000002,95.57142857142857,31.67,32.69734145508363,-0.042744494202298644,0.22499999999999432,-7.970000000000002,-0.5464706588178927,0
Goaso,Ahafo,2021-04-25,0.4985723055550665,20.9,32.77142857142857,24.342857142857145,96.57142857142857,29.37,27.59106554235342,-0.08492019556628361,2.899999999999995,-8.470000000000002,-0.7691081749234943,0
Goaso,Ahafo,2021-05-02,0.4279002747228825,24.7,34.128571428571426,24.67142857142857,94.57142857142857,32.32,29.459539807924187,-0.10600804624827598,2.8249999999999957,-7.620000000000001,-0.6128873075515328,0
Goaso,Ahafo,2021-05-09,0.43823359806715534,23.1,32.142857142857146,24.0,93.57142857142857,25.7,31.328014073494955,-0.045254030615933416,0.0,-2.599999999999998,-0.5370548839212028,0
Goaso,Ahafo,2021-05-16,0.4485669214114282,52.4,33.25714285714286,24.099999999999998,93.57142857142857,29.45,29.674290507479355,-0.004751353527704949,22.124999999999993,22.95,-0.22400567982910616,0
Goaso,Ahafo,2021-05-23,0.45890024475570107,30.3,31.97142857142857,23.685714285714287,97.71428571428571,27.080000000000002,28.020566941463755,0.015499985016409312,-2.3250000000000064,3.219999999999999,-0.10565040182662849,0
Goaso,Ahafo,2021-05-30,0.4692335680999739,33.099999999999994,32.82857142857143,24.25714285714286,96.14285714285714,29.59,29.36930566791989,0.015499985016409257,-1.6250000000000142,3.5099999999999945,0.007035162259562768,0
Goaso,Ahafo,2021-06-06,0.47956689144424675,17.5,30.985714285714288,23.7,96.85714285714286,25.0,27.00593898951388,0.015499985016409257,-15.825000000000003,-7.5,-0.04257483450794286,0
Goaso,Ahafo,2021-06-13,0.4899002147885196,29.2,30.914285714285715,23.114285714285717,98.28571428571429,25.65,26.927733333333435,0.015499985016409312,1.6749999999999972,3.5500000000000007,-0.23898992375072015,0
Goaso,Ahafo,2021-06-20,0.5002335381327925,43.2,30.557142857142857,23.32857142857143,96.0,24.53,24.551783333333418,0.015499985016409257,12.45,18.67,-0.08256656659603408,0
Goaso,Ahafo,2021-06-27,0.5105668614770653,60.8,28.67142857142857,22.0,98.0,21.35,22.1758333333334,0.015499985016409257,23.124999999999993,39.449999999999996,0.28130757295991526,0
Goaso,Ahafo,2021-07-04,0.5209001848213382,64.6,29.25714285714286,22.514285714285712,97.28571428571429,22.36,27.132691883372782,0.015499985016409257,15.149999999999991,42.239999999999995,0.7848996625957783,0
Goaso,Ahafo,2021-07-11,0.531233508165611,35.7,29.828571428571426,22.285714285714285,96.28571428571429,25.68,26.79678489899271,0.015499985016409257,-15.375,10.020000000000003,0.8504051073071581,0
Goaso,Ahafo,2021-07-18,0.5415668315098838,86.3,28.785714285714285,22.5,94.85714285714286,20.83,26.460877914612638,0.015499985016409257,24.449999999999996,65.47,1.3242311988825177,0
Goaso,Ahafo,2021-07-25,0.5519001548541567,8.1,29.457142857142856,22.271428571428572,92.85714285714286,24.310000000000002,26.124970930232564,0.015499985016409257,-40.575,-16.21,0.7607021335601989,0
Goaso,Ahafo,2021-08-01,0.5622334781984295,37.7,29.271428571428572,22.5,93.85714285714286,22.7,27.24390443046451,0.015499985016409257,-4.250000000000007,15.000000000000004,0.48491104948941277,0
Goaso,Ahafo,2021-08-08,0.5725668015427023,28.4,29.728571428571428,22.599999999999998,94.85714285714286,23.09,22.42115417800494,0.015499985016409257,-11.725000000000001,5.309999999999999,0.43722470565779,0
Goaso,Ahafo,2021-08-15,0.5829001248869753,46.4,28.771428571428572,22.114285714285717,94.71428571428571,21.39,23.36761694082719,0.015499985016409368,16.249999999999993,25.009999999999998,0.027587875206100707,0
Goaso,Ahafo,2021-08-22,0.5932334482312481,42.9,28.685714285714287,22.185714285714287,94.14285714285714,20.75,24.31407970364944,0.015499985016409257,4.04999999999999,22.15,0.41596327847171605,0
Goaso,Ahafo,2021-08-29,0.603566771575521,125.30000000000001,29.185714285714287,22.714285714285715,97.28571428571429,19.92,25.26054246647169,0.015499985016409368,64.55000000000001,105.38000000000001,1.331014606603789,0
Goaso,Ahafo,2021-09-05,0.6139000949197938,57.8,28.657142857142855,22.857142857142858,96.85714285714286,21.34,26.20700522929394,0.015499985016409257,-10.300000000000011,36.459999999999994,1.6463924431972174,0
Goaso,Ahafo,2021-09-12,0.6242334182640666,39.1,29.428571428571427,22.714285714285715,96.85714285714286,23.03,27.15346799211619,0.015499985016409257,-27.175000000000004,16.07,1.5558795103193601,0
Goaso,Ahafo,2021-09-19,0.6345667416083395,151.29999999999998,29.157142857142855,22.7,97.42857142857143,22.5,28.09993075493844,0.015499985016409257,57.92499999999998,128.79999999999998,2.635656276697824,0
Goaso,Ahafo,2021-09-26,0.6449000649526123,72.5,28.785714285714285,22.599999999999998,98.0,20.59,29.04639351776069,0.015499985016409257,-7.674999999999997,51.91,2.094299842583839,0
Goaso,Ahafo,2021-10-03,0.6552333882968853,94.9,29.771428571428572,22.457142857142856,97.71428571428571,23.28,27.973817690468763,0.015499985016409368,5.450000000000017,71.62,2.4502768806135324,0
Goaso,Ahafo,2021-10-10,0.6655667116411581,44.2,29.914285714285715,22.842857142857145,98.57142857142857,23.35,28.180796121301967,0.015499985016409257,-46.525000000000006,20.85,2.498671938684691,0
Goaso,Ahafo,2021-10-17,0.6759000349854309,14.5,30.714285714285715,23.214285714285715,97.42857142857143,28.2,28.06758622357671,0.015499985016409257,-42.025000000000006,-13.7,1.0559322367725386,0
Goaso,Ahafo,2021-10-24,0.6862333583297038,49.3,29.52857142857143,22.47142857142857,98.28571428571429,22.810000000000002,27.98493393022943,0.015499985016409257,-1.4250000000000043,26.489999999999995,0.7985677229296829,0
Goaso,Ahafo,2021-10-31,0.6965666816739766,24.4,30.285714285714285,22.3,98.28571428571429,24.67,27.976113523701542,0.015499985016409257,-8.700000000000003,-0.2700000000000031,0.07071819892642196,0
Goaso,Ahafo,2021-11-07,0.7069000050182495,23.599999999999998,30.900000000000002,22.457142857142856,97.71428571428571,27.27,27.967293117173654,0.015499985016409257,-4.350000000000001,-3.6700000000000017,-0.17753427469383057,0
Goaso,Ahafo,2021-11-14,0.7172333283625223,35.2,30.428571428571427,22.52857142857143,98.42857142857143,24.76,29.6641417000468,0.015499985016409257,2.075000000000003,10.440000000000001,0.06687089305465627,0
Goaso,Ahafo,2021-11-21,0.7001122806066233,40.0,31.514285714285712,22.314285714285713,98.57142857142857,27.48,28.57657198094489,-0.005090793308719643,9.2,12.52,-0.07456822017841583,0
Goaso,Ahafo,2021-11-28,0.6775379103897381,9.4,31.74285714285714,22.714285714285715,97.85714285714286,26.76,29.441281921682105,-0.0229079707045452,-17.650000000000006,-17.36,-0.24759573951651187,0
Goaso,Ahafo,2021-12-05,0.6549635401728529,2.6,32.77142857142857,23.342857142857145,96.57142857142857,28.78,28.52898383548052,-0.03249822471008135,-19.2,-26.18,-0.47549798997295084,0
Goaso,Ahafo,2021-12-12,0.6323891699559676,7.9,33.614285714285714,23.842857142857145,94.85714285714286,29.85,26.867269285994094,-0.03386155532532786,-7.074999999999999,-21.950000000000003,-0.8034301930952992,0
Goaso,Ahafo,2021-12-19,0.6098147997390825,2.2,34.114285714285714,23.12857142857143,93.85714285714286,30.4,27.805113408054297,-0.03386155532532775,-3.325,-28.2,-1.215699390722407,0
Goaso,Ahafo,2021-12-26,0.5872404295221972,0.0,35.285714285714285,22.157142857142855,79.42857142857143,34.52,27.96253683663882,-0.03386155532532775,-3.175,-34.52,-1.389435624300039,0
Goaso,Ahafo,2022-01-02,0.5950791440809354,0.0,34.74285714285714,23.285714285714285,95.57142857142857,31.39,28.11996026522334,-0.011051741743610233,-2.5250000000000004,-31.39,-1.4421842126997746,0
Goaso,Ahafo,2022-01-09,0.5843974863733759,0.9,35.628571428571426,23.314285714285713,88.57142857142857,34.93,29.33829300344962,-0.009735478555521926,0.125,-34.03,-1.5644880414653803,0
Goaso,Ahafo,2022-01-16,0.3661727837969658,0.0,36.05714285714286,22.442857142857143,90.0,36.57,28.758554947623907,-0.1670496771464028,-0.225,-36.57,-1.6492300155355886,1
Goaso,Ahafo,2022-01-23,0.561036619866702,0.0,35.214285714285715,20.842857142857145,66.42857142857143,39.99,28.178816891798192,0.03436511133720721,-0.225,-39.99,-1.704610971110743,0
Goaso,Ahafo,2022-01-30,0.4939498974545747,0.0,36.31428571428571,20.828571428571426,70.71428571428571,42.57,28.186762405388208,-0.007439299418329937,-0.225,-42.57,-1.8178027596537458,0
Goaso,Ahafo,2022-02-06,0.41089228608100764,0.3,36.285714285714285,21.314285714285713,75.42857142857143,38.11,29.85312462881785,-0.047120610718804856,0.22499999999999998,-37.81,-1.8560733285886784,0
Goaso,Ahafo,2022-02-13,0.36681141873907686,14.900000000000002,36.31428571428571,24.414285714285715,90.85714285714286,33.81,28.614360429118392,-0.0913611367962634,11.100000000000001,-18.91,-1.6772748504429338,1
Goaso,Ahafo,2022-02-20,0.39920621957963937,4.7,35.75714285714286,24.457142857142856,90.85714285714286,32.32,29.20913206570947,-0.018508735883935257,-0.27500000000000036,-27.62,-1.5520349198278227,0
Goaso,Ahafo,2022-02-27,0.4316010204202019,14.399999999999999,35.18571428571429,24.87142857142857,90.14285714285714,31.12,29.61328331823313,0.02947328421522044,5.824999999999999,-16.720000000000002,-1.2903168756563899,0
Goaso,Ahafo,2022-03-06,0.46399582126076433,38.5,34.24285714285714,23.814285714285713,91.28571428571429,30.6,29.21288802145574,0.04859220126084374,20.375,7.899999999999999,-0.8275264772395162,0
Goaso,Ahafo,2022-03-13,0.4963906221013269,25.4,34.54285714285714,24.814285714285713,93.71428571428571,30.189999999999998,29.57404361395774,0.04859220126084379,4.649999999999999,-4.789999999999999,-0.6845686906360102,0
Goaso,Ahafo,2022-03-20,0.5287854229418893,23.7,34.32857142857143,24.2,92.14285714285714,28.99,29.935199206459743,0.04859220126084374,-1.7999999999999972,-5.289999999999999,-0.45848884822409186,0
Goaso,Ahafo,2022-03-27,0.5611802237824519,41.4,33.91428571428572,23.900000000000002,95.14285714285714,28.71,29.02529667917264,0.04859220126084374,9.149999999999999,12.689999999999998,-0.16072762272769595,0
Goaso,Ahafo,2022-04-03,0.5935750246230144,31.5,33.31428571428571,24.485714285714288,95.85714285714286,27.81,28.115394151885543,0.04859220126084374,1.0,3.6900000000000013,-0.20335172199120585,0
Goaso,Ahafo,2022-04-10,0.6259698254635768,64.8,33.72857142857143,23.97142857142857,95.85714285714286,29.62,27.20549162459844,0.04859220126084374,24.450000000000003,35.17999999999999,0.2013241087837327,0
Goaso,Ahafo,2022-04-17,0.6583646263041394,78.4,32.07142857142857,23.7,96.28571428571429,24.84,28.69553734568302,0.04859220126084374,24.375,53.56,0.7971502944506114,0
Goaso,Ahafo,2022-04-24,0.690759427144702,76.89999999999999,32.08571428571428,23.614285714285717,97.0,27.259999999999998,29.979105169851263,0.04859220126084385,13.999999999999993,49.63999999999999,1.1712501680341485,0
Goaso,Ahafo,2022-05-01,0.7231542279852644,48.9,31.871428571428574,23.042857142857144,97.14285714285714,29.13,29.50511416621396,0.04859220126084374,-18.35,19.77,1.3340519533446566,0
Goaso,Ahafo,2022-05-08,0.7204926946037831,56.8,32.01428571428571,23.071428571428573,98.42857142857143,25.68,27.16542360777865,0.02229995059431089,-8.450000000000003,31.119999999999997,1.2929465274515806,0
Goaso,Ahafo,2022-05-15,0.7178311612223017,73.3,32.27142857142857,23.614285714285717,97.28571428571429,25.27,24.82573304934334,0.004771783483288994,9.324999999999996,48.03,1.236958102528253,0
Goaso,Ahafo,2022-05-22,0.7151696278408204,154.8,31.685714285714287,23.357142857142858,96.28571428571429,24.49,26.636453946802334,-0.003992300072222066,71.35000000000001,130.31,2.0537006411475747,0
Goaso,Ahafo,2022-05-29,0.712508094459339,32.5,30.842857142857138,22.457142857142856,97.28571428571429,27.23,28.44717484426133,-0.003992300072222066,-46.85000000000001,5.27,1.9068955486723032,0
Goaso,Ahafo,2022-06-05,0.7098465610778577,27.2,31.728571428571428,22.7,97.28571428571429,27.65,26.74333333333334,-0.003992300072221955,-44.75,-0.4499999999999993,1.5872654266416597,0
Goaso,Ahafo,2022-06-12,0.7071850276963764,53.900000000000006,30.52857142857143,22.214285714285715,97.71428571428571,25.19,27.82002196997433,-0.003992300072222066,-13.200000000000003,28.710000000000004,1.3916602965297804,0
Goaso,Ahafo,2022-06-19,0.704523494314895,111.19999999999999,29.3,22.02857142857143,95.85714285714286,21.04,24.734614841612935,-0.003992300072221955,54.999999999999986,90.16,0.9851620577103213,0
Goaso,Ahafo,2022-06-26,0.7018619609334137,47.4,29.357142857142858,21.87142857142857,97.57142857142857,21.990000000000002,24.497999820071563,-0.003992300072222066,-12.524999999999999,25.409999999999997,1.1890692689139055,0
Goaso,Ahafo,2022-07-03,0.6992004275519323,104.1,28.428571428571427,21.97142857142857,97.71428571428571,20.88,24.26138479853019,-0.003992300072222066,24.94999999999999,83.22,2.036185274941904,0
Goaso,Ahafo,2022-07-10,0.696538894170451,57.9,29.12857142857143,22.099999999999998,97.0,23.02,24.02476977698882,-0.003992300072221955,-22.249999999999993,34.879999999999995,2.098653372912416,0
Goaso,Ahafo,2022-07-17,0.6938773607889697,18.4,29.099999999999998,22.142857142857142,95.71428571428571,24.07,25.45343619683075,-0.003992300072222066,-38.54999999999999,-5.670000000000002,1.128423578987914,0
Goaso,Ahafo,2022-07-24,0.6912158274074884,2.1,29.385714285714283,20.571428571428573,92.57142857142857,27.0,25.62804552202283,-0.003992300072221955,-43.525,-24.9,0.6190605305444025,0
Goaso,Ahafo,2022-07-31,0.6885542940260071,11.799999999999999,30.057142857142857,21.485714285714288,94.0,26.13,25.80265484721491,-0.003992300072221955,-10.749999999999998,-14.33,-0.36858338469440827,0
Goaso,Ahafo,2022-08-07,0.6858927606445258,14.8,29.24285714285714,20.67142857142857,93.85714285714286,25.27,25.97726417240699,-0.003992300072221955,3.025000000000002,-10.469999999999999,-0.8277289670222407,0
Goaso,Ahafo,2022-08-14,0.6832312272630444,7.3,29.857142857142858,22.47142857142857,90.57142857142857,24.99,26.15187349759907,-0.003992300072221955,-1.7000000000000002,-17.689999999999998,-0.9494253264396726,0
Goaso,Ahafo,2022-08-21,0.6805696938815631,8.9,29.37142857142857,21.599999999999998,93.85714285714286,24.81,26.32648282279115,-0.003992300072221955,-1.799999999999999,-15.909999999999998,-0.8584061691050042,0
Goaso,Ahafo,2022-08-28,0.6779081605000817,43.9,28.614285714285717,22.2,93.28571428571429,22.12,26.345594830038277,-0.003992300072222066,25.174999999999997,21.779999999999998,-0.4928108663958968,0
Goaso,Ahafo,2022-09-04,0.6752466271186004,19.8,29.37142857142857,22.12857142857143,96.14285714285714,22.0,26.364706837285407,-0.003992300072221955,-0.1750000000000007,-2.1999999999999993,-0.4090813412393107,0
Goaso,Ahafo,2022-09-11,0.672585093737119,18.900000000000002,29.557142857142857,22.37142857142857,93.14285714285714,23.17,26.383818844532534,-0.003992300072222066,-3.974999999999998,-4.27,-0.2732106970311627,0
Goaso,Ahafo,2022-09-18,0.6699235603556377,65.30000000000001,29.271428571428572,22.12857142857143,96.42857142857143,22.5,26.402930851779665,-0.003992300072222066,28.32500000000001,42.80000000000001,0.32119806015664437,0
Goaso,Ahafo,2022-09-25,0.6672620269741564,45.1,29.014285714285712,22.185714285714287,97.28571428571429,22.32,26.422042859026792,-0.003992300072222066,7.825000000000003,22.78,0.33132254929287003,0
Goaso,Ahafo,2022-10-02,0.664600493592675,82.60000000000001,27.342857142857145,21.87142857142857,97.28571428571429,18.22,26.441154866273923,-0.003992300072221955,29.625,64.38000000000001,1.0054110359827728,0
Goaso,Ahafo,2022-10-09,0.6619389602111937,54.6,29.67142857142857,21.8,98.42857142857143,24.11,26.46026687352105,-0.003992300072221955,-7.300000000000004,30.490000000000002,1.357338278357976,0
Goaso,Ahafo,2022-10-16,0.6592774268297124,57.1,29.3,21.157142857142855,98.85714285714286,24.869999999999997,27.26513573251778,-0.003992300072221955,-2.750000000000007,32.230000000000004,1.250322428188071,0
Goaso,Ahafo,2022-10-23,0.7029485915318217,46.7,29.914285714285715,22.057142857142857,98.42857142857143,25.130000000000003,28.070004591514515,0.030757223490470942,-13.550000000000004,21.57,1.238071796333238,0
Goaso,Ahafo,2022-10-30,0.7269855996071461,26.900000000000002,30.7,22.3,98.28571428571429,28.22,28.874873450511245,0.039197955062177714,-19.425,-1.3199999999999967,0.5728928600832137,0
Goaso,Ahafo,2022-11-06,0.7074886305961929,26.9,30.24285714285714,22.32857142857143,98.14285714285714,25.18,27.23491734699047,0.008313568454974662,-12.500000000000007,1.7199999999999989,0.28161130763400205,0
Goaso,Ahafo,2022-11-13,0.6879916615852398,46.900000000000006,30.414285714285715,22.114285714285717,98.57142857142857,24.72,27.54598114679044,-0.018361959244860393,10.050000000000004,22.180000000000007,0.17986019181493446,0
Goaso,Ahafo,2022-11-20,0.6684946925742867,6.8,30.085714285714285,21.75714285714286,98.0,27.14,25.7179145546707,-0.02924545351642971,-20.075,-20.34,-0.24445714788428183,0
Goaso,Ahafo,2022-11-27,0.6489977235633335,1.5,31.02857142857143,22.428571428571427,98.0,27.53,27.90584835111736,-0.02924545351642971,-19.025,-26.03,-0.49463327444041727,0
Goaso,Ahafo,2022-12-04,0.6295007545523803,36.1,30.057142857142857,22.099999999999998,98.42857142857143,22.23,27.490162535451475,-0.02924545351642982,13.274999999999999,13.870000000000001,-0.3716207314352758,0
Goaso,Ahafo,2022-12-11,0.6100037855414272,7.5,31.185714285714287,22.114285714285717,97.57142857142857,26.5,26.868592873230966,-0.02924545351642971,-5.475,-19.0,-0.7885471940650475,0
Goaso,Ahafo,2022-12-18,0.633437929364675,2.0,31.771428571428572,22.357142857142858,97.28571428571429,26.630000000000003,27.370706487285872,0.002952881109220984,-9.775,-24.630000000000003,-0.8319812524594555,0
Goaso,Ahafo,2022-12-25,0.6568720731879227,0.1,32.51428571428571,19.814285714285713,77.85714285714286,31.189999999999998,27.87282010134078,0.024418437526321446,-11.325000000000001,-31.089999999999996,-0.883211167488757,0
Goaso,Ahafo,2023-01-01,0.6187345574987838,0.0,33.542857142857144,19.599999999999998,73.71428571428571,33.45,27.48823626783269,-0.011027528899418382,-2.4,-33.45,-1.362301993414954,0
Goaso,Ahafo,2023-01-08,0.6102175004575562,0.0,34.07142857142857,19.514285714285712,68.85714285714286,34.769999999999996,26.620889826760617,-0.019598014669678254,-0.525,-34.769999999999996,-1.5219651870932325,0
Goaso,Ahafo,2023-01-15,0.5891594437757004,0.3,34.47142857142857,21.557142857142857,98.28571428571429,32.32,25.753543385688545,-0.029586449954290384,0.19999999999999998,-32.02,-1.5967851618099398,0
Goaso,Ahafo,2023-01-22,0.5682291680578535,0.0,34.971428571428575,22.557142857142857,93.0,32.47,27.88904800414491,-0.028355999389619968,-0.07500000000000001,-32.47,-1.6107569568179314,0
Goaso,Ahafo,2023-01-29,0.5472988923400067,36.0,33.728571428571435,23.485714285714288,94.28571428571429,27.66,28.954770846232638,-0.03142735881777248,26.925,8.34,-1.187654555815062,0
Goaso,Ahafo,2023-02-05,0.5836330548982698,1.3,35.74285714285714,23.285714285714285,96.14285714285714,33.53,29.575584604303856,0.011552915130312202,-8.099999999999998,-32.230000000000004,-1.1619383534090488,0
Goaso,Ahafo,2023-02-12,0.5837803559837194,8.8,33.84285714285714,23.5,96.42857142857143,30.740000000000002,28.04989259404357,0.013044988163756988,-2.7249999999999996,-21.94,-1.0598835029158946,0
Goaso,Ahafo,2023-02-19,0.3554339023814681,0.6000000000000001,35.371428571428574,22.928571428571427,88.42857142857143,36.74,26.46496961043249,-0.16210264901939797,-11.075000000000001,-36.14,-1.0970403780458426,1
Goaso,Ahafo,2023-02-26,0.4970135214979394,11.2,36.957142857142856,24.314285714285713,90.71428571428571,35.4,27.464165371477424,-0.007951687192409684,5.725,-24.2,-1.426491254538625,0
Goaso,Ahafo,2023-03-05,0.6385931406144107,33.6,34.1,24.142857142857142,93.85714285714286,30.13,28.463361132522362,0.11988791049502634,20.05,3.4700000000000024,-1.0650469923753696,0
Goaso,Ahafo,2023-03-12,0.6373346560181165,31.6,33.9,24.271428571428572,94.14285714285714,28.720000000000002,29.462556893567296,0.1052408508901328,12.350000000000001,2.879999999999999,-0.8137571720142494,0
Goaso,Ahafo,2023-03-19,0.6360761714218222,1.9,34.01428571428571,23.8,94.14285714285714,33.76,27.505104405343506,0.03382179903374993,-17.675,-31.86,-0.7704243585112036,0
Goaso,Ahafo,2023-03-26,0.6348176868255279,49.7,32.34285714285714,23.385714285714283,96.28571428571429,27.79,27.92380401829297,-0.0018877268944413883,20.5,21.910000000000004,-0.3035841644398397,0
Goaso,Ahafo,2023-04-02,0.6335592022292337,43.5,32.75714285714286,23.685714285714287,94.71428571428571,27.86,27.925651701436664,-0.0018877268944413883,11.825000000000003,15.64,-0.18036913165197377,0
Goaso,Ahafo,2023-04-09,0.6323007176329394,35.7,32.91428571428572,23.67142857142857,96.57142857142857,29.36,29.767688487009707,-0.0018877268944413883,3.0,6.340000000000003,-0.14533839924063302,0
Goaso,Ahafo,2023-04-16,0.6310422330366451,37.7,33.542857142857144,23.714285714285715,96.57142857142857,30.03,29.17331028147106,-0.0018877268944413883,-3.9499999999999957,7.670000000000002,0.2548826563143663,0
Goaso,Ahafo,2023-04-23,0.6297837484403508,33.400000000000006,32.81428571428571,23.599999999999998,96.57142857142857,29.84,29.502499356778287,-0.0018877268944414993,-4.174999999999997,3.560000000000006,0.0690982806646259,0
Goaso,Ahafo,2023-04-30,0.714368528955986,40.699999999999996,31.185714285714287,22.985714285714288,97.71428571428571,25.97,29.831688432085514,0.06249472193950578,3.8249999999999957,14.729999999999997,0.059884995550660604,0
Goaso,Ahafo,2023-05-07,0.6180855447360412,33.1,32.31428571428571,23.442857142857143,97.57142857142857,29.91,30.16087750739274,-0.03023446905621463,-3.125,3.1900000000000013,0.027992854771549797,0
Goaso,Ahafo,2023-05-14,0.5218025605160962,56.7,32.7,23.82857142857143,97.57142857142857,30.31,28.572036591740694,-0.09920753514602232,15.725000000000001,26.390000000000004,0.21752329140169366,0
Goaso,Ahafo,2023-05-21,0.529965145422341,58.6,31.657142857142855,23.67142857142857,98.0,26.23,26.95131085552225,-0.06609029948527512,11.325000000000003,32.370000000000005,0.5092098234163542,0
Goaso,Ahafo,2023-05-28,0.5381277303285857,53.6,31.314285714285713,23.414285714285715,98.14285714285714,23.88,26.13403607116743,-0.013867514922180302,3.1000000000000014,29.720000000000002,0.6609759155683764,0
Goaso,Ahafo,2023-06-04,0.5462903152348306,36.0,31.228571428571428,23.25714285714286,97.28571428571429,25.65,26.189575405994105,0.012243877359367272,-15.224999999999994,10.350000000000001,0.7334672577837521,0
Goaso,Ahafo,2023-06-11,0.5544529001410754,79.5,30.2,22.97142857142857,98.0,21.72,26.24511474082078,0.012243877359367272,22.575000000000003,57.78,1.0512749717698748,0
Goaso,Ahafo,2023-06-18,0.5626154850473202,3.7,30.142857142857142,22.142857142857142,92.57142857142857,26.3,25.952897006701033,0.012243877359367161,-39.49999999999999,-22.6,0.49473180395155164,0
Goaso,Ahafo,2023-06-25,0.570778069953565,146.7,28.685714285714287,22.785714285714285,97.0,18.35,25.66067927258128,0.012243877359367161,80.225,128.35,1.4933101674574858,0
Goaso,Ahafo,2023-07-02,0.5789406548598097,31.599999999999998,29.3,22.442857142857143,95.57142857142857,23.56,25.36846153846153,0.012243877359367161,-33.775000000000006,8.04,1.4699225975528045,0
Goaso,Ahafo,2023-07-09,0.5871032397660545,66.69999999999999,29.885714285714283,22.457142857142856,97.28571428571429,22.66,27.81793001581872,0.012243877359367161,4.524999999999999,44.03999999999999,1.3308121168210643,0
Goaso,Ahafo,2023-07-16,0.5952658246722994,72.0,29.17142857142857,22.457142857142856,97.28571428571429,20.27,24.98908867460767,0.012243877359367272,-7.25,51.730000000000004,2.0833653943167154,0
Goaso,Ahafo,2023-07-23,0.6034284095785442,43.9,28.728571428571428,22.642857142857142,96.42857142857143,21.68,24.772019214272262,0.012243877359367272,-9.649999999999999,22.22,1.008853362289089,0
Goaso,Ahafo,2023-07-30,0.6115909944847889,46.7,29.52857142857143,22.857142857142858,96.42857142857143,22.43,24.554949753936853,0.012243877359367272,-10.624999999999993,24.270000000000003,1.1731738209700313,0
Goaso,Ahafo,2023-08-06,0.6197535793910337,37.4,29.614285714285717,22.87142857142857,94.71428571428571,20.78,24.337880293601444,0.012243877359367161,-12.600000000000001,16.619999999999997,0.8955603288547245,0
Goaso,Ahafo,2023-08-13,0.6279161642972786,49.8,29.414285714285715,22.47142857142857,95.42857142857143,21.74,24.120810833266034,0.012243877359367272,5.349999999999994,28.06,0.6559136710002637,0
Goaso,Ahafo,2023-08-20,0.6360787492035234,86.5,28.657142857142855,22.12857142857143,97.42857142857143,19.259999999999998,23.90374137293063,0.012243877359367161,31.400000000000006,67.24000000000001,1.1117181719131417,0
Goaso,Ahafo,2023-08-27,0.6442413341097681,29.3,29.900000000000002,23.342857142857145,95.57142857142857,23.85,23.68667191259522,0.012243877359367161,-21.45,5.449999999999999,0.9211752863693753,0
Goaso,Ahafo,2023-09-03,0.6524039190160129,42.6,29.7,22.87142857142857,96.0,22.25,23.46960245225981,0.012243877359367161,-9.449999999999996,20.35,0.9589396308474969,0
Goaso,Ahafo,2023-09-10,0.6605665039222577,34.3,30.099999999999998,22.442857142857143,96.42857142857143,25.459999999999997,23.2525329919244,0.012243877359367161,-13.875,8.84,0.7643469496492402,0
Goaso,Ahafo,2023-09-17,0.6687290888285025,47.7,29.37142857142857,22.785714285714285,96.57142857142857,22.9,23.877026130886154,0.012243877359367161,9.225000000000001,24.800000000000004,0.3346636307078242,0
Goaso,Ahafo,2023-09-24,0.6768916737347472,44.1,29.842857142857145,22.5,97.71428571428571,25.87,24.501519269847904,0.012243877359367161,1.9249999999999972,18.23,0.46405460186878794,0
Goaso,Ahafo,2023-10-01,0.6850542586409921,32.3,30.714285714285715,23.12857142857143,97.14285714285714,26.59,25.126012408809657,0.012243877359367272,-7.300000000000004,5.709999999999997,0.3158320809144445,0
Goaso,Ahafo,2023-10-08,0.6932168435472369,92.1,29.442857142857143,22.8,97.71428571428571,21.07,25.75050554777141,0.012243877359367272,38.05,71.03,0.9454740602963166,0
Goaso,Ahafo,2023-10-15,0.7013794284534817,98.3,29.428571428571427,22.228571428571428,98.28571428571429,22.86,25.728793707432345,0.012243877359367161,31.599999999999994,75.44,1.4581781901547826,0
Goaso,Ahafo,2023-10-22,0.7095420133597264,40.5,30.557142857142857,22.785714285714285,98.28571428571429,26.86,25.70708186709328,0.012243877359367161,-25.299999999999997,13.64,1.411706785019507,0
Goaso,Ahafo,2023-10-29,0.7177045982659713,20.4,30.714285714285715,22.8,98.0,27.1,28.322668848556987,0.012243877359367161,-42.425000000000004,-6.700000000000003,1.286061874838947,0
Goaso,Ahafo,2023-11-05,0.7258671831722161,36.7,31.385714285714283,22.8,98.42857142857143,28.41,27.68030215567802,0.012243877359367161,-12.274999999999999,8.290000000000003,0.6508514264321507,0
Goaso,Ahafo,2023-11-12,0.7340297680784609,73.8,31.02857142857143,22.385714285714283,98.42857142857143,26.57,25.855343361238056,0.012243877359367161,30.94999999999999,47.23,0.36523958789922545,0
Goaso,Ahafo,2023-11-19,0.7299632117962283,22.400000000000002,31.114285714285717,22.485714285714288,98.85714285714286,25.97,27.0767530564587,0.003072021468009112,-15.925,-3.5699999999999967,0.1909971298647823,0
Goaso,Ahafo,2023-11-26,0.7258966555139957,53.7,31.12857142857143,23.25714285714286,97.85714285714286,24.830000000000002,27.778711289727767,-0.003042549126229477,7.049999999999997,28.87,0.5511252084403281,0
Goaso,Ahafo,2023-12-03,0.7218300992317631,14.9,30.657142857142855,22.2,98.42857142857143,24.98,27.400697127838495,-0.006099834423348827,-26.30000000000001,-10.08,0.36513834300786313,0
Goaso,Ahafo,2023-12-10,0.703928195926141,5.4,31.72857142857143,22.342857142857145,98.57142857142857,27.11,27.187189122935706,-0.016476344690890987,-18.700000000000003,-21.71,-0.3328439380435319,0
Goaso,Ahafo,2023-12-17,0.6860262926205187,0.0,32.51428571428571,20.542857142857144,82.42857142857143,30.57,26.973681118032918,-0.02339401820258591,-18.500000000000004,-30.57,-0.606205144721624,0
Goaso,Ahafo,2023-12-24,0.6515092480755522,0.0,33.48571428571428,18.82857142857143,69.57142857142857,33.2,26.854594447744034,-0.039314210887941514,-5.075000000000004,-33.2,-1.2346321854071491,0
Goaso,Ahafo,2023-12-31,0.4962267016624854,0.2,33.44285714285714,21.7,89.42857142857143,29.85,27.55963646242691,-0.13819590790868896,-1.2000000000000037,-29.650000000000002,-1.432768437803085,1
Ho,Volta,2019-01-06,0.3433881079804038,0.1,35.916666666666664,22.266666666666666,96.83333333333333,27.439999999999998,32.50397311162226,0.0,0.0,-27.339999999999996,-0.40610744742452065,0
Ho,Volta,2019-01-13,0.36939549354218326,3.3,35.84285714285714,23.057142857142857,98.0,29.119999999999997,32.89169416997299,0.013003692780889753,1.5999999999999999,-25.819999999999997,-0.6559151885974663,0
Ho,Volta,2019-01-20,0.2780707629790745,3.6,35.41428571428572,24.37142857142857,96.28571428571429,26.56,34.661384094412426,-0.05221402518814605,1.2666666666666666,-22.959999999999997,-0.8780525138232924,0
Ho,Volta,2019-01-27,0.3181936297973227,1.5,35.01428571428572,24.042857142857144,96.42857142857143,28.29,36.322503580521925,-0.009068368777423397,-0.625,-26.79,-1.1372449764887924,0
Ho,Volta,2019-02-03,0.3583164966155709,15.4,34.642857142857146,24.599999999999998,98.0,25.59,31.78181016400873,0.027322400882033027,9.45,-10.19,-0.9713192305121845,0
Ho,Volta,2019-02-10,0.3767010817895268,4.8,34.27142857142857,24.414285714285715,98.85714285714286,27.08,30.354956154759805,0.04388058899415309,-1.5250000000000004,-22.279999999999998,-0.9370698345496661,0
Ho,Volta,2019-02-17,0.39508566696348274,0.9,35.971428571428575,24.414285714285715,98.71428571428571,31.84,31.009966115962726,0.03301144817200696,-4.75,-30.94,-1.014276100024496,0
Ho,Volta,2019-02-24,0.4134702521374386,5.0,34.957142857142856,25.17142857142857,94.71428571428571,29.59,31.664976077165647,0.02757687776093387,-1.5250000000000004,-24.59,-0.9929911646805579,0
Ho,Volta,2019-03-03,0.4318548373113945,15.200000000000001,34.22857142857143,24.099999999999998,95.71428571428571,26.47,36.01013899067493,0.027576877760933816,8.725000000000001,-11.269999999999998,-1.0034401329403093,0
Ho,Volta,2019-03-10,0.4502394224853504,22.0,35.357142857142854,24.514285714285712,95.85714285714286,29.65,33.77312173056026,0.02757687776093387,11.225,-7.649999999999999,-0.8618953129031214,0
Ho,Volta,2019-03-17,0.46878088836535486,8.5,35.31428571428571,24.428571428571427,97.57142857142857,31.7,31.15932551616072,0.02769453829047025,-4.175000000000001,-23.2,-0.787011040374903,0
Ho,Volta,2019-03-24,0.4873223542453593,20.3,34.34285714285714,24.37142857142857,97.42857142857143,27.990000000000002,32.06342144499752,0.02777297864349454,3.8000000000000007,-7.690000000000001,-0.6235040370510152,0
Ho,Volta,2019-03-31,0.5058638201253637,29.799999999999997,34.65714285714286,24.657142857142855,96.28571428571429,30.34,34.786247089439826,0.02781219882000663,9.649999999999999,-0.5400000000000027,-0.5196916023962629,0
Ho,Volta,2019-04-07,0.5244052860053682,17.3,35.51428571428571,25.071428571428573,96.57142857142857,31.619999999999997,30.938325407563184,0.02781219882000674,-1.6750000000000007,-14.319999999999997,-0.5842236563708386,0
Ho,Volta,2019-04-14,0.5429467518853726,20.6,33.22857142857143,24.228571428571428,97.28571428571429,26.86,33.152123203323754,0.02781219882000663,-1.3999999999999986,-6.259999999999998,-0.42032965422251567,0
Ho,Volta,2019-04-21,0.4977974046198225,12.6,34.128571428571426,24.285714285714285,98.71428571428571,31.47,35.365920999084324,-0.019955911039159224,-7.475,-18.869999999999997,-0.5284958256521644,0
Ho,Volta,2019-04-28,0.45264805735427244,17.599999999999998,33.642857142857146,24.414285714285715,99.28571428571429,28.63,30.94060191790237,-0.05180131761193646,0.5749999999999993,-11.030000000000001,-0.6299862673603054,0
Ho,Volta,2019-05-05,0.4074987100887224,18.900000000000002,33.51428571428571,24.47142857142857,98.14285714285714,27.119999999999997,32.23793735044592,-0.06772402089832508,1.4750000000000014,-8.219999999999995,-0.5709689466339317,0
Ho,Volta,2019-05-12,0.3623493628231723,33.0,33.528571428571425,24.32857142857143,99.14285714285714,29.19,29.896168005733387,-0.06772402089832508,12.475000000000001,3.8099999999999987,-0.47354199258236074,0
Ho,Volta,2019-05-19,0.3172000155576223,33.4,32.01428571428572,23.74285714285714,99.28571428571429,25.9,28.75111578947377,-0.06772402089832508,7.674999999999997,7.5,-0.21841301757343068,0
Ho,Volta,2019-05-26,0.3668467040581867,52.099999999999994,31.714285714285715,23.47142857142857,99.42857142857143,25.19,28.548213642970694,0.0033730059262608303,17.749999999999993,26.909999999999993,0.1486553674033917,0
Ho,Volta,2019-06-02,0.4164933925587512,50.8,30.242857142857144,23.285714285714285,99.57142857142857,23.38,28.345311496467616,0.05077102380931808,8.474999999999994,27.419999999999998,0.4934713199751879,0
Ho,Volta,2019-06-09,0.4661400810593156,52.4,29.728571428571428,23.2,98.0,22.669999999999998,28.692132677177483,0.07447003275084663,5.225000000000001,29.73,0.7442465582092215,0
Ho,Volta,2019-06-16,0.46670647740725046,75.39999999999999,29.285714285714285,22.900000000000002,97.28571428571429,21.72,29.03895385788735,0.037659813636374495,17.724999999999994,53.67999999999999,1.1910367010197027,0
Ho,Volta,2019-06-23,0.4672728737551854,11.0,30.571428571428573,22.685714285714287,99.0,25.990000000000002,26.93868267780499,0.013119667560059722,-36.4,-14.990000000000002,0.7856554324237918,0
Ho,Volta,2019-06-30,0.46783927010312026,64.0,29.142857142857142,22.157142857142855,99.71428571428571,21.89,26.798220994475173,0.0008495945219023082,13.299999999999997,42.11,0.9277807506976329,0
Ho,Volta,2019-07-07,0.46840566645105514,40.6,29.914285714285715,22.8,99.14285714285714,22.73,26.35785618977019,0.0008495945219023082,-7.149999999999999,17.87,0.813035599252585,0
Ho,Volta,2019-07-14,0.46897206279899006,44.4,28.557142857142857,21.785714285714285,99.85714285714286,21.6,27.864363808668827,0.0008495945219023082,4.399999999999999,22.799999999999997,0.5142725067885819,0
Ho,Volta,2019-07-21,0.46953845914692494,88.4,28.985714285714288,22.057142857142857,99.42857142857143,20.81,26.57868363179404,0.0008495945219023082,29.049999999999997,67.59,1.3132315798351293,0
Ho,Volta,2019-07-28,0.4701048554948598,61.1,29.157142857142855,22.142857142857142,100.0,23.29,27.318885011895304,0.0008495945219023082,2.4749999999999943,37.81,1.2716292062083412,0
Ho,Volta,2019-08-04,0.47067125184279474,36.9,28.900000000000002,22.014285714285712,99.57142857142857,20.59,28.46474575492678,0.0008495945219023082,-20.800000000000004,16.31,1.256536252055367,0
Ho,Volta,2019-08-11,0.4712376481907296,11.5,28.87142857142857,21.571428571428573,98.0,24.69,29.61060649795826,0.0008495945219023637,-37.97500000000001,-13.190000000000001,0.9083340597697622,0
Ho,Volta,2019-08-18,0.4718040445386645,12.799999999999999,29.285714285714285,21.714285714285715,98.0,24.33,29.54283598181405,0.0008495945219023082,-17.775000000000006,-11.53,0.14285038503686315,0
Ho,Volta,2019-08-25,0.4723704408865994,23.2,29.357142857142858,22.3,98.14285714285714,22.68,29.475065465669843,0.0008495945219023637,2.099999999999998,0.5199999999999996,-0.21792926904288668,0
Ho,Volta,2019-09-01,0.4729368372345343,51.0,29.857142857142858,22.24285714285714,99.28571428571429,24.02,29.407294949525635,0.0008495945219023637,26.374999999999996,26.98,-0.11469733262478718,0
Ho,Volta,2019-09-08,0.4735032335824692,100.80000000000001,28.957142857142856,22.357142857142858,100.0,20.87,29.339524433381428,0.0008495945219023637,53.85000000000001,79.93,0.786235930660445,0
Ho,Volta,2019-09-15,0.4740696299304041,63.5,29.3,22.228571428571428,99.85714285714286,22.49,28.82633119088307,0.0008495945219023637,3.875,41.010000000000005,1.294558886556129,0
Ho,Volta,2019-09-22,0.47463602627833895,81.10000000000001,29.857142857142858,22.771428571428572,99.57142857142857,22.38,28.313137948384714,0.0008495945219023082,7.0,58.72000000000001,1.857642176109399,0
Ho,Volta,2019-09-29,0.4752024226262739,51.7,30.3,22.842857142857145,100.0,21.95,27.799944705886354,0.0008495945219023637,-22.575000000000003,29.750000000000004,1.8844418447015394,0
Ho,Volta,2019-10-06,0.47576881897420875,80.5,28.599999999999998,22.3,99.85714285714286,18.28,27.286751463387997,0.0008495945219023082,11.299999999999997,62.22,1.7130981151828382,0
Ho,Volta,2019-10-13,0.4763352153221436,119.9,28.457142857142856,22.400000000000002,100.0,18.78,26.77355822088964,0.0008495945219023082,36.599999999999994,101.12,2.2946605986028907,0
Ho,Volta,2019-10-20,0.47690161167007855,71.5,29.914285714285715,22.8,99.85714285714286,23.45,32.22896614020209,0.0008495945219023082,-9.400000000000006,48.05,2.1914286621847907,0
Ho,Volta,2019-10-27,0.4774680080180134,62.2,30.085714285714285,22.428571428571427,100.0,22.57,31.112292643075136,0.0008495945219023082,-21.325000000000003,39.63,2.2870173718202946,0
Ho,Volta,2019-11-03,0.4780344043659483,56.6,29.757142857142856,22.3,100.0,22.72,29.68657490631421,0.0008495945219023082,-20.95000000000001,33.88,2.012828704707929,0
Ho,Volta,2019-11-10,0.4786008007138832,27.8,32.028571428571425,22.914285714285715,100.0,27.450000000000003,31.78311389654033,0.0008495945219023637,-26.725000000000005,0.34999999999999787,1.0378819162494577,0
Ho,Volta,2019-11-17,0.4791671970618181,10.0,31.75714285714286,22.82857142857143,99.71428571428571,25.38,30.979452629450805,0.0008495945219023082,-29.150000000000006,-15.379999999999999,0.42419853040128064,0
Ho,Volta,2019-11-24,0.5009658315723297,1.2999999999999998,32.128571428571426,23.642857142857142,99.85714285714286,25.77,31.043436733971816,0.01677377314383488,-22.625000000000004,-24.47,-0.1959670857561869,0
Ho,Volta,2019-12-01,0.5227644660828412,0.2,34.0,24.071428571428573,99.85714285714286,30.1,31.10742083849283,0.027389892225123225,-9.625000000000004,-29.900000000000002,-0.8130367113181727,0
Ho,Volta,2019-12-08,0.5345410276345022,7.6,33.65714285714286,23.957142857142856,100.0,25.7,31.1039741224634,0.02518139704662936,2.8249999999999957,-18.1,-0.9915399190889257,0
Ho,Volta,2019-12-15,0.5463175891861631,4.8,33.72857142857143,23.099999999999998,99.42857142857143,26.46,31.427121882186498,0.020170360567204115,1.3249999999999966,-21.66,-1.052298734525258,0
Ho,Volta,2019-12-22,0.48861755055808287,0.1,35.357142857142854,24.02857142857143,99.42857142857143,29.08,32.1009893608956,-0.03444260780731445,-3.0750000000000033,-28.979999999999997,-1.095932851980331,0
Ho,Volta,2019-12-29,0.48389006166390264,0.0,35.47142857142857,21.814285714285713,98.57142857142857,30.939999999999998,31.649135983422184,-0.029451495596760136,-3.1250000000000036,-30.939999999999998,-1.105994821415647,0
Ho,Volta,2020-01-05,0.44095056013331735,0.0,34.48571428571429,19.514285714285712,75.85714285714286,35.67,30.10121452578909,-0.04899338025204919,-1.2250000000000034,-35.67,-1.2759840550488248,0
Ho,Volta,2020-01-12,0.30072458081388054,6.699999999999999,35.542857142857144,22.714285714285715,92.14285714285714,28.37,30.180152889742544,-0.1278211074784153,4.9999999999999964,-21.67,-1.276080804754934,1
Ho,Volta,2020-01-19,0.34474487947179716,0.6,35.714285714285715,24.114285714285717,99.0,27.86,33.65224305678396,-0.04783264104892726,-1.2250000000000032,-27.259999999999998,-1.2594398553042185,0
Ho,Volta,2020-01-26,0.34838092947900157,0.0,36.74285714285714,22.271428571428572,88.85714285714286,34.74,33.17231381567302,-0.010319307995497629,-1.8250000000000033,-34.74,-1.2962047436255661,0
Ho,Volta,2020-02-02,0.29931369918201134,0.3,36.699999999999996,23.014285714285712,95.85714285714286,33.41,36.74289959819072,-0.02397732305466127,-1.6000000000000034,-33.11,-1.271436818861711,0
Ho,Volta,2020-02-09,0.35048055733431305,0.0,37.214285714285715,22.32857142857143,96.0,36.29,33.961014126506825,0.014750540967532255,-0.22500000000000353,-36.29,-1.41288488919279,0
Ho,Volta,2020-02-16,0.26629502525698323,0.0,37.785714285714285,22.514285714285712,88.71428571428571,36.36,31.17912865482293,-0.049822527556094065,-0.07500000000000355,-36.36,-1.5009271217518065,0
Ho,Volta,2020-02-23,0.18210949317965336,1.9000000000000001,37.628571428571426,25.585714285714285,95.14285714285714,33.46,33.233589509228864,-0.09244020055858687,1.3499999999999965,-31.560000000000002,-1.470160715209205,1
Ho,Volta,2020-03-01,0.21836738378431875,1.9,38.199999999999996,25.900000000000002,94.57142857142857,33.980000000000004,36.95338202218801,-0.035945731104498335,0.9499999999999964,-32.080000000000005,-1.460195495479998,0
Ho,Volta,2020-03-08,0.30227110350187153,12.4,34.371428571428574,25.071428571428573,96.42857142857143,26.34,32.29816709206244,0.06001035207116481,8.349999999999998,-13.94,-1.2439599023268093,0
Ho,Volta,2020-03-15,0.3861748232194243,24.5,35.24285714285714,25.085714285714285,98.28571428571429,29.85,33.212035076192024,0.11394412229810735,14.324999999999996,-5.350000000000001,-0.9439390636833918,0
Ho,Volta,2020-03-22,0.4700785429369771,7.4,35.2,24.82857142857143,96.42857142857143,31.72,32.761908655712205,0.1258555795763292,-4.150000000000004,-24.32,-0.8738922764606136,0
Ho,Volta,2020-03-29,0.5539822626545299,15.600000000000001,33.32857142857143,24.014285714285712,97.85714285714286,27.09,28.21016080605102,0.1258555795763292,0.6249999999999964,-11.489999999999998,-0.6746846315825753,0
Ho,Volta,2020-04-05,0.520730871645773,7.3,35.614285714285714,24.142857142857142,96.57142857142857,33.14,29.849573498070185,0.037989246531596965,-6.400000000000003,-25.84,-0.7898167818520584,0
Ho,Volta,2020-04-12,0.5168059397072359,14.100000000000001,34.357142857142854,24.5,97.28571428571429,30.27,31.48898619008935,0.0014065354711069178,2.9999999999999982,-16.169999999999998,-0.89449996386179,0
Ho,Volta,2020-04-19,0.5128810077686987,27.7,34.971428571428575,24.642857142857142,98.14285714285714,30.75,27.96677090856565,-0.01321901267536063,11.524999999999995,-3.0500000000000007,-0.6887133389683526,0
Ho,Volta,2020-04-26,0.5183783004206076,8.3,33.34285714285714,24.099999999999998,98.28571428571429,28.74,34.2757823781418,0.0011792705350287536,-6.0500000000000025,-20.439999999999998,-0.775304325935737,0
Ho,Volta,2020-05-03,0.5238755930725165,25.0,34.55714285714286,23.885714285714283,98.57142857142857,32.489999999999995,32.290586426447874,0.005890382830251895,6.224999999999998,-7.489999999999995,-0.5977686152260718,0
Ho,Volta,2020-05-10,0.5293728857244254,29.4,34.08571428571428,24.342857142857145,98.28571428571429,29.18,32.28461178547792,0.008245938977863299,6.799999999999997,0.21999999999999886,-0.4391958469137335,0
Ho,Volta,2020-05-17,0.5348701783763344,18.3,32.614285714285714,23.985714285714288,99.14285714285714,28.44,28.073809161177223,0.00824593897786341,-1.9500000000000028,-10.14,-0.5077913885448792,0
Ho,Volta,2020-05-24,0.5403674710282433,15.3,33.07142857142857,24.014285714285712,97.57142857142857,27.52,31.12690780433292,0.00824593897786341,-6.700000000000003,-12.219999999999999,-0.428263130123438,0
Ho,Volta,2020-05-31,0.5458647636801522,93.9,30.785714285714285,23.142857142857142,100.0,23.15,29.409727143880332,0.00824593897786341,54.675,70.75,0.3287065704718858,0
Ho,Volta,2020-06-07,0.5513620563320611,31.6,31.214285714285715,23.142857142857142,99.28571428571429,24.36,27.692546483427748,0.008245938977863299,-8.175000000000004,7.240000000000002,0.39662486416027,0
Ho,Volta,2020-06-14,0.5489862649987817,65.2,29.685714285714287,22.714285714285715,98.85714285714286,21.42,27.921219187659858,0.0023411259889720704,13.700000000000003,43.78,0.9182992794989696,0
Ho,Volta,2020-06-21,0.5466104736655021,46.8,29.38571428571429,22.857142857142858,99.71428571428571,20.66,28.14989189189197,-0.0015954160036222298,-12.575000000000003,26.139999999999997,1.289431152132362,0
Ho,Volta,2020-06-28,0.5442346823322226,60.5,29.414285714285715,22.37142857142857,99.71428571428571,21.57,27.961850320446672,-0.003563686999919269,9.474999999999994,38.93,0.9815735872941308,0
Ho,Volta,2020-07-05,0.5418588909989431,76.4,27.900000000000002,22.314285714285713,99.57142857142857,18.13,27.288636202827604,-0.003563686999919269,14.174999999999997,58.27000000000001,1.4752873375673847,0
Ho,Volta,2020-07-12,0.5394830996656635,49.0,27.62857142857143,22.400000000000002,99.42857142857143,16.15,26.615422085208536,-0.003563686999919269,-9.174999999999997,32.85,1.369539908790456,0
Ho,Volta,2020-07-19,0.5371073083323841,14.1,28.8,21.657142857142855,98.14285714285714,21.24,25.942207967589468,-0.003563686999919269,-35.9,-7.139999999999999,1.0475568868603389,0
Ho,Volta,2020-07-26,0.5347315169991046,66.7,28.857142857142858,21.87142857142857,98.85714285714286,20.65,27.13036440013455,-0.003563686999919269,15.150000000000006,46.050000000000004,1.1164426776098113,0
Ho,Volta,2020-08-02,0.532355725665825,10.9,28.857142857142858,21.571428571428573,97.14285714285714,24.07,28.318520832679628,-0.003563686999919269,-24.275000000000006,-13.17,0.4252627771684775,0
Ho,Volta,2020-08-09,0.5299799343325455,2.0,29.771428571428572,20.228571428571428,96.0,27.55,29.50667726522471,-0.003563686999919269,-21.425,-25.55,-0.13975550650696872,0
Ho,Volta,2020-08-16,0.508067046491951,18.6,29.414285714285715,21.2,98.0,24.89,30.448533333333444,-0.018216509380405532,-5.949999999999999,-6.289999999999999,-0.13153178148771993,0
Ho,Volta,2020-08-23,0.48615415865135636,13.1,29.54285714285714,22.114285714285717,95.0,24.790000000000003,32.50662084765179,-0.027985057634063115,1.9499999999999993,-11.690000000000003,-0.6901645845599849,0
Ho,Volta,2020-08-30,0.4642412708107618,9.7,29.47142857142857,21.985714285714288,96.71428571428571,23.43,31.609824374914467,-0.03286933176089185,-1.1500000000000004,-13.73,-0.6955825681020781,0
Ho,Volta,2020-09-06,0.47464246938431104,24.2,28.67142857142857,22.485714285714288,95.14285714285714,20.03,30.713027902177146,-0.008633766950284005,7.800000000000001,4.169999999999998,-0.40804244154669694,0
Ho,Volta,2020-09-13,0.4850436679578603,145.3,28.814285714285713,22.385714285714283,98.71428571428571,20.56,29.816231429439824,0.007523276256787892,97.22500000000001,124.74000000000001,0.8596689575970312,0
Ho,Volta,2020-09-20,0.49544486653140957,39.7,28.87142857142857,22.014285714285712,99.42857142857143,21.51,28.919434956702503,0.015601797860323896,-15.025000000000006,18.19,1.1487570794501534,0
Ho,Volta,2020-09-27,0.5058460651049588,53.699999999999996,29.7,22.114285714285717,99.71428571428571,23.69,28.02263848396518,0.01560179786032384,-12.024999999999999,30.009999999999994,1.5719402939700853,0
Ho,Volta,2020-10-04,0.516247263678508,35.7,29.32857142857143,22.228571428571428,99.42857142857143,21.99,28.64673684210527,0.015601797860323785,-32.900000000000006,13.710000000000004,1.6642395135978894,0
Ho,Volta,2020-10-11,0.5266484622520573,99.2,29.2,22.24285714285714,99.85714285714286,20.05,30.35436547078888,0.015601797860323896,42.125,79.15,1.2231576034478275,0
Ho,Volta,2020-10-18,0.5370496608256066,47.1,30.342857142857145,22.099999999999998,100.0,24.88,30.177824895572314,0.015601797860323896,-11.825000000000003,22.220000000000002,1.262147735009678,0
Ho,Volta,2020-10-25,0.5474508593991558,25.4,31.285714285714285,22.87142857142857,100.0,26.09,30.152927365960124,0.015601797860323896,-26.450000000000003,-0.6900000000000013,0.9651261372556333,0
Ho,Volta,2020-11-01,0.5491877465529218,33.8,31.37142857142857,23.185714285714287,99.85714285714286,26.55,31.10308265269441,0.009103564295486422,-17.575000000000003,7.2499999999999964,0.9026258271093425,0
Ho,Volta,2020-11-08,0.5509246337066878,16.799999999999997,32.01428571428572,23.571428571428573,99.71428571428571,26.91,30.338235071137888,0.004771408585594772,-13.975000000000001,-10.110000000000003,0.03903795038211075,0
Ho,Volta,2020-11-15,0.5604282021514972,9.6,32.25714285714285,23.12857142857143,100.0,27.93,30.749112781933945,0.008430341698931532,-11.799999999999999,-18.33,-0.3532821078891109,0
Ho,Volta,2020-11-22,0.4842565876504442,5.1,32.22857142857143,23.228571428571428,99.42857142857143,26.990000000000002,31.159990492730003,-0.05194270486494357,-11.225,-21.89,-0.5583914848397865,0
Ho,Volta,2020-11-29,0.4738836496627616,7.4,31.942857142857147,22.885714285714283,99.57142857142857,24.66,28.641276066771752,-0.0434896186300861,-2.3249999999999993,-17.259999999999998,-0.7955250145124781,0
Ho,Volta,2020-12-06,0.4967339421484759,0.30000000000000004,33.27142857142857,23.042857142857144,99.57142857142857,28.94,32.46422026231329,-0.007091653254818864,-5.3,-28.64,-0.9748022199321018,0
Ho,Volta,2020-12-13,0.48395755603051005,12.6,33.07142857142857,22.957142857142856,99.28571428571429,24.71,32.216091582219235,-0.0007503778425378971,6.25,-12.110000000000001,-0.9146239027324224,0
Ho,Volta,2020-12-20,0.4711811699125443,8.5,33.028571428571425,22.871428571428574,100.0,26.29,30.105150488994468,-0.010257909526028619,1.3000000000000007,-17.79,-0.8749565232278106,0
Ho,Volta,2020-12-27,0.42064515131467384,9.2,33.357142857142854,23.571428571428573,99.71428571428571,25.89,31.15487301306501,-0.04748430353687716,1.549999999999999,-16.69,-0.8694417899796085,0
Ho,Volta,2021-01-03,0.37010913271680346,0.30000000000000004,34.91428571428572,23.557142857142857,99.57142857142857,28.91,30.653773470470924,-0.06636411977682943,-7.35,-28.61,-0.869151540861282,0
Ho,Volta,2021-01-10,0.4868862135287216,1.4,34.785714285714285,23.7,98.28571428571429,26.87,32.70156579313135,0.04968079666053582,-3.4500000000000006,-25.470000000000002,-0.9984091482226513,0
Ho,Volta,2021-01-17,0.4819939048147761,1.6,34.25714285714286,23.52857142857143,97.85714285714286,27.47,32.46174218493343,0.042085304221032405,-1.525,-25.869999999999997,-1.0765829107585692,0
Ho,Volta,2021-01-24,0.3441967139637713,4.8,34.25714285714286,23.02857142857143,99.28571428571429,28.0,31.491321674963984,-0.07659977729224687,2.775,-23.2,-1.1395669694354038,1
Ho,Volta,2021-01-31,0.32155735732747504,3.3,35.042857142857144,23.62857142857143,99.42857142857143,29.87,30.52090116499454,-0.08710119008121098,0.5249999999999999,-26.57,-1.119830029389207,1
Ho,Volta,2021-02-07,0.3602381867249797,4.2,35.01428571428572,24.385714285714283,98.14285714285714,29.439999999999998,31.56891915796922,-0.01675835398277087,0.7250000000000005,-25.24,-1.1176047861487042,0
Ho,Volta,2021-02-14,0.28953349921516175,3.4000000000000004,35.957142857142856,24.74285714285714,96.28571428571429,31.07,33.40926436026382,-0.03934794009268522,-0.5249999999999995,-27.67,-1.1350197332482899,0
Ho,Volta,2021-02-21,0.21882881170534382,6.5,35.08571428571428,23.828571428571426,98.14285714285714,31.29,28.9276305611761,-0.07871065203789626,2.1500000000000004,-24.79,-1.1504029365195907,1
Ho,Volta,2021-02-28,0.1481241241955259,8.9,35.3,24.02857142857143,95.57142857142857,31.55,32.94897500694958,-0.10605703126472688,3.1500000000000004,-22.65,-1.1124770517249374,1
Ho,Volta,2021-03-07,0.3947421477746582,2.5,36.41428571428571,25.0,94.42857142857143,33.12,30.0667294977618,0.13193500205198583,-2.825000000000001,-30.619999999999997,-1.1645283936114768,0
Ho,Volta,2021-03-14,0.3728592487370211,27.3,34.68571428571429,24.457142857142856,95.85714285714286,27.79,31.218372696600056,0.08922066563388381,16.0,-0.48999999999999844,-0.9015626924077331,0
Ho,Volta,2021-03-21,0.4781869153772587,43.199999999999996,34.0,23.514285714285712,98.71428571428571,28.259999999999998,31.260719920865768,0.12970880635614274,22.724999999999998,14.939999999999998,-0.5171761100374337,0
Ho,Volta,2021-03-28,0.42657642123565076,34.7,33.028571428571425,23.285714285714285,98.42857142857143,27.07,31.30306714513148,0.008485237954503622,7.775000000000002,7.630000000000003,-0.22421799993995925,0
Ho,Volta,2021-04-04,0.37496592709404286,4.0,34.7,24.414285714285715,98.14285714285714,32.3,29.576497953010342,-0.03818120101695044,-23.299999999999997,-28.299999999999997,-0.20177206812271548,0
Ho,Volta,2021-04-11,0.40258056635498385,3.0,34.55714285714286,24.657142857142855,97.71428571428571,31.84,31.572133618515352,-0.017996891160500184,-18.224999999999998,-28.84,-0.47605748494118977,0
Ho,Volta,2021-04-18,0.43019520561592484,41.5,34.07142857142857,24.24285714285714,97.85714285714286,29.72,31.504303744107855,0.02161567554077426,20.7,11.780000000000001,-0.5066303920715735,0
Ho,Volta,2021-04-25,0.4578098448768658,18.2,34.114285714285714,24.228571428571428,98.57142857142857,31.84,25.01943339461809,0.041421958891411426,1.5249999999999986,-13.64,-0.7124170169650109,0
Ho,Volta,2021-05-02,0.4854244841378068,15.899999999999999,34.614285714285714,24.214285714285715,98.14285714285714,33.019999999999996,29.82743449116396,0.041421958891411426,-3.75,-17.119999999999997,-0.604250845535362,0
Ho,Volta,2021-05-09,0.5130391233987478,18.2,32.18571428571429,24.0,97.14285714285714,24.9,31.93504904304672,0.04142195889141148,-5.25,-6.699999999999999,-0.39004699621045835,0
Ho,Volta,2021-05-16,0.5406537626596888,6.5,34.05714285714286,23.5,97.71428571428571,31.18,30.571275219680274,0.04142195889141148,-8.2,-24.68,-0.742796424683177,0
Ho,Volta,2021-05-23,0.5682684019206298,23.200000000000003,33.34285714285714,23.599999999999998,98.85714285714286,29.89,29.20750139631383,0.041421958891411426,7.2500000000000036,-6.689999999999998,-0.6755553789375546,0
Ho,Volta,2021-05-30,0.549073973825226,20.4,33.91428571428571,24.37142857142857,97.0,29.7,30.33965778802116,0.006315158374152863,3.3249999999999957,-9.3,-0.5998971087604656,0
Ho,Volta,2021-06-06,0.5298795457298222,7.9,32.8,23.814285714285713,97.42857142857143,28.35,30.0273716835473,-0.01708937530401955,-6.6,-20.450000000000003,-0.7329279546600785,0
Ho,Volta,2021-06-13,0.5106851176344185,52.8,32.08571428571428,22.75714285714286,99.71428571428571,25.94,28.05473670782743,-0.02879164214310559,26.724999999999998,26.859999999999996,-0.23427996937527545,0
Ho,Volta,2021-06-20,0.49149068953901476,72.7,31.185714285714287,23.17142857142857,98.57142857142857,21.22,28.03072619047623,-0.02879164214310559,34.25,51.480000000000004,0.32851307105966815,0
Ho,Volta,2021-06-27,0.4916308411202173,61.900000000000006,28.542857142857144,21.957142857142856,99.71428571428571,17.03,26.26002182637467,-0.014290707385650914,13.075000000000003,44.870000000000005,0.8526062290510881,0
Ho,Volta,2021-07-04,0.4917709927014199,85.5,30.2,22.042857142857144,100.0,22.87,26.13537122434872,-0.004623417547347741,17.275000000000006,62.629999999999995,1.6564027874030758,0
Ho,Volta,2021-07-11,0.4919111442826225,24.2,29.642857142857142,22.214285714285715,98.71428571428571,24.64,26.794636040412144,0.00021022737180387274,-36.875,-0.4400000000000013,1.3922760897260265,0
Ho,Volta,2021-07-18,0.49205129586382507,109.3,29.0,22.142857142857142,98.0,21.61,27.45390085647557,0.00021022737180387274,39.07499999999999,87.69,1.7426067755460248,0
Ho,Volta,2021-07-25,0.49219144744502763,16.7,29.12857142857143,21.900000000000002,96.71428571428571,23.27,29.62030321077623,0.00021022737180387274,-42.224999999999994,-6.57,1.24492628732231,0
Ho,Volta,2021-08-01,0.4923315990262302,6.6000000000000005,29.67142857142857,22.0,95.0,25.08,22.41927632348927,0.00021022737180387274,-32.599999999999994,-18.479999999999997,0.46018942107375765,0
Ho,Volta,2021-08-08,0.49247175060743276,32.1,29.914285714285715,22.428571428571427,97.85714285714286,21.41,29.098522920203838,0.00021022737180387274,-9.074999999999996,10.690000000000001,0.5678718439728624,0
Ho,Volta,2021-08-15,0.4926119021886353,21.3,29.428571428571427,22.1,97.57142857142857,23.57,29.843388087166943,0.00021022737180381723,2.125,-2.2699999999999996,-0.3024885121819859,0
Ho,Volta,2021-08-22,0.49275205376983794,92.6,29.185714285714283,22.042857142857144,98.28571428571429,18.89,30.020105174642737,0.00021022737180392825,54.449999999999996,73.71,0.474218128459535,0
Ho,Volta,2021-08-29,0.4928922053510405,51.1,30.0,22.271428571428572,99.28571428571429,24.49,30.19682226211853,0.00021022737180387274,1.8250000000000028,26.610000000000003,0.9104625533041559,0
Ho,Volta,2021-09-05,0.49303235693224307,114.5,27.857142857142858,22.2,100.0,18.21,30.34123013522075,0.00021022737180381723,44.625,96.28999999999999,1.7386400375955633,0
Ho,Volta,2021-09-12,0.49317250851344563,32.4,29.728571428571428,22.2,100.0,23.0,30.48563800832297,0.00021022737180387274,-40.24999999999999,9.399999999999999,1.8515469446245436,0
Ho,Volta,2021-09-19,0.4933126600946482,60.1,29.52857142857143,22.214285714285715,100.0,22.07,30.63004588142519,0.00021022737180381723,-4.425000000000004,38.03,1.5063439932283123,0
Ho,Volta,2021-09-26,0.49345281167585076,78.1,29.228571428571428,22.485714285714288,100.0,20.98,29.861764208236423,0.00021022737180381723,6.824999999999989,57.11999999999999,1.8015273465662893,0
Ho,Volta,2021-10-03,0.4935929632570534,58.8,29.928571428571427,22.400000000000002,100.0,23.64,32.24000000000001,0.00021022737180387274,1.4500000000000028,35.16,1.210096393123138,0
Ho,Volta,2021-10-10,0.49373311483825594,47.0,30.885714285714283,23.042857142857144,100.0,24.92,31.03836504222187,0.00021022737180387274,-14.0,22.08,1.3327750204691085,0
Ho,Volta,2021-10-17,0.4938732664194585,24.400000000000002,31.742857142857144,22.75714285714286,100.0,27.74,29.71514736049818,0.00021022737180387274,-27.674999999999994,-3.3399999999999963,0.9325214862969643,0
Ho,Volta,2021-10-24,0.4969278670281526,81.60000000000001,30.085714285714285,22.228571428571428,99.85714285714286,22.12,30.601764639257052,0.0023960641424225493,28.650000000000006,59.480000000000004,0.9553544169386434,0
Ho,Volta,2021-10-31,0.49998246763684673,25.6,31.599999999999998,22.185714285714287,100.0,26.4,30.353215725492646,0.0038532886561682966,-19.049999999999997,-0.7999999999999972,0.6074424737713655,0
Ho,Volta,2021-11-07,0.5030370682455408,33.1,32.25714285714286,22.214285714285715,100.0,27.85,30.10466681172824,0.00458190091304117,-8.07500000000001,5.25,0.4446127183902394,0
Ho,Volta,2021-11-14,0.506091668854235,29.3,31.642857142857142,22.785714285714285,100.0,24.09,30.03005534355958,0.004581900913041226,-13.100000000000005,5.210000000000001,0.5273337171132714,0
Ho,Volta,2021-11-21,0.4186990196804956,9.5,32.91428571428572,23.042857142857144,99.85714285714286,28.18,29.716436279093276,-0.0632535364237839,-14.875,-18.68,-0.22886198583318204,0
Ho,Volta,2021-11-28,0.2838798377995626,6.8,33.1,23.17142857142857,99.57142857142857,27.7,29.32410174117399,-0.14404706084539592,-12.875,-20.9,-0.4233288951118887,0
Ho,Volta,2021-12-05,0.33460962626149615,4.3999999999999995,33.94285714285714,23.47142857142857,99.42857142857143,28.77,29.62929468550209,-0.05121041188745118,-8.100000000000001,-24.37,-0.7099015246061818,0
Ho,Volta,2021-12-12,0.2396475067020249,0.3,35.028571428571425,23.842857142857145,99.28571428571429,30.77,31.08316924009995,-0.07956149090886994,-4.95,-30.47,-1.0551044760024135,1
Ho,Volta,2021-12-19,0.44637441476209416,0.8,35.142857142857146,23.214285714285715,97.71428571428571,31.35,29.6116155770639,0.12024656838079972,-2.2749999999999995,-30.55,-1.16994637715357,0
Ho,Volta,2021-12-26,0.43667600078497354,0.0,35.94285714285714,21.714285714285715,82.42857142857143,34.27,30.940952212478805,0.07234911365732638,-1.375,-34.27,-1.2993007342210479,0
Ho,Volta,2022-01-02,0.4223962313916738,3.5000000000000004,36.042857142857144,23.7,98.14285714285714,29.82,32.27028884789371,0.036122692981482185,2.3500000000000005,-26.32,-1.318166926912266,0
Ho,Volta,2022-01-09,0.40811646199837404,0.5,35.77142857142857,23.114285714285717,97.71428571428571,30.009999999999998,31.7286413477504,-0.02027431523590484,-0.7000000000000002,-29.509999999999998,-1.3088789551258202,0
Ho,Volta,2022-01-16,0.37714314147791617,5.2,35.98571428571429,23.714285714285715,97.71428571428571,29.240000000000002,32.83167618675074,-0.033939817435318265,2.9000000000000004,-24.040000000000003,-1.2458948964489853,0
Ho,Volta,2022-01-23,0.34616982095745824,0.1,35.58571428571429,21.571428571428573,81.71428571428571,36.48,33.934711025751085,-0.04228659299889731,-2.225,-36.379999999999995,-1.2663090844379439,0
Ho,Volta,2022-01-30,0.2241799525683752,0.0,37.042857142857144,21.571428571428573,86.42857142857143,38.75,34.68265775441597,-0.1147223916821557,-1.45,-38.75,-1.386568969131194,1
Ho,Volta,2022-02-06,0.3592412619369129,0.6000000000000001,37.128571428571426,22.17142857142857,86.85714285714286,36.84,34.51045058249736,0.03255771770174726,-0.875,-36.24,-1.4516815213424226,0
Ho,Volta,2022-02-13,0.2393728194827927,15.200000000000001,36.81428571428571,24.571428571428573,96.42857142857143,31.94,32.4990442495768,-0.05286814425359204,11.225000000000001,-16.740000000000002,-1.381054235882992,1
Ho,Volta,2022-02-20,0.2766662046101819,19.6,35.42857142857143,23.485714285714288,99.0,29.41,33.042319880720584,0.0018011449606161745,10.75,-9.809999999999999,-1.1239902667518857,0
Ho,Volta,2022-02-27,0.3139595897375711,5.1,35.528571428571425,24.071428571428573,97.85714285714286,32.839999999999996,32.19670516287175,0.01664962079570642,-5.025000000000002,-27.739999999999995,-1.0174688403260868,0
Ho,Volta,2022-03-06,0.4505637086117385,43.3,35.3,23.642857142857142,98.0,29.14,35.16307850813939,0.13042312800116745,22.499999999999996,14.159999999999997,-0.5298503215376877,0
Ho,Volta,2022-03-13,0.46762026286097247,7.7,34.98571428571429,24.32857142857143,97.57142857142857,31.02,32.60673070070618,0.09041782140585647,-11.225000000000001,-23.32,-0.5935116281572842,0
Ho,Volta,2022-03-20,0.4846768171102065,28.8,34.714285714285715,23.885714285714283,97.14285714285714,30.580000000000002,30.050382893272968,0.055471722530084366,7.574999999999999,-1.7800000000000011,-0.5158216141519104,0
Ho,Volta,2022-03-27,0.49704596047084326,9.1,35.385714285714286,24.47142857142857,96.42857142857143,31.47,30.35231454859121,0.022069273207403095,-13.124999999999998,-22.369999999999997,-0.4638670219714799,0
Ho,Volta,2022-04-03,0.50941510383148,23.6,34.57142857142857,24.614285714285717,96.71428571428571,30.799999999999997,30.356689976689893,0.019725567763104468,6.299999999999997,-7.199999999999996,-0.6705243942198964,0
Ho,Volta,2022-04-10,0.5217842471921168,7.8999999999999995,33.82857142857143,23.82857142857143,98.0,30.119999999999997,30.993972606201453,0.018553715040955154,-9.450000000000003,-22.22,-0.6598819265479274,0
Ho,Volta,2022-04-17,0.5341533905527536,41.199999999999996,33.285714285714285,23.414285714285715,99.14285714285714,26.85,32.66738443292144,0.018553715040955154,20.749999999999993,14.349999999999994,-0.503824650594418,0
Ho,Volta,2022-04-24,0.5465225339133903,36.900000000000006,32.81428571428571,23.3,98.85714285714286,25.669999999999998,31.090046869399117,0.018553715040955154,9.5,11.230000000000008,-0.17874563806881885,0
Ho,Volta,2022-05-01,0.5588916772740271,41.1,32.84285714285714,22.857142857142858,98.85714285714286,26.939999999999998,29.5127093058768,0.018553715040955154,9.325,14.160000000000004,0.0279117341795978,0
Ho,Volta,2022-05-08,0.5712608206346639,36.5,32.271428571428565,22.728571428571428,99.14285714285714,26.990000000000002,28.02783192566565,0.018553715040955154,-2.424999999999997,9.509999999999998,0.33489855166284965,0
Ho,Volta,2022-05-15,0.5836299639953006,49.0,33.27142857142857,23.885714285714283,99.42857142857143,27.349999999999998,26.542954545454503,0.018553715040955154,8.125,21.650000000000002,0.4055258371222805,0
Ho,Volta,2022-05-22,0.5842387766579602,74.9,32.528571428571425,23.085714285714285,99.57142857142857,24.48,28.90755683912988,0.009733467017472242,24.525000000000006,50.42,0.784687935362704,0
Ho,Volta,2022-05-29,0.5848475893206198,39.4,31.285714285714285,22.357142857142858,99.42857142857143,26.64,28.367818856980136,0.003853301668483633,-10.550000000000004,12.759999999999998,0.7711429765074707,0
Ho,Volta,2022-06-05,0.5854564019832793,56.3,31.971428571428568,22.62857142857143,99.57142857142857,24.73,27.546985599218885,0.0009132189939893287,1.3999999999999915,31.569999999999997,0.9845728281835039,0
Ho,Volta,2022-06-12,0.5807906650531709,51.0,30.542857142857144,22.400000000000002,99.14285714285714,23.45,29.20688785733381,-0.003042693200586699,-4.400000000000006,27.55,1.0416551547877013,0
Ho,Volta,2022-06-19,0.5761249281230625,112.2,29.47142857142857,21.97142857142857,99.85714285714286,20.57,25.573159441586995,-0.00567996799697057,47.47500000000001,91.63,1.4403606936621045,0
Ho,Volta,2022-06-26,0.5714591911929541,53.9,29.785714285714285,21.47142857142857,100.0,21.95,27.92500602500371,-0.006998605395162616,-14.449999999999996,31.95,1.6260233796849095,0
Ho,Volta,2022-07-03,0.5667934542628457,53.6,29.614285714285717,21.900000000000002,99.0,20.85,27.985782337805148,-0.006998605395162616,-14.07500000000001,32.75,1.637439845005749,0
Ho,Volta,2022-07-10,0.5621277173327374,82.1,30.114285714285717,21.5,99.71428571428571,23.14,28.046558650606585,-0.006998605395162505,6.6499999999999915,58.959999999999994,1.941330671893519,0
Ho,Volta,2022-07-17,0.557461980402629,38.6,29.3,21.614285714285717,98.42857142857143,23.630000000000003,28.10733496340802,-0.006998605395162616,-18.449999999999996,14.969999999999999,1.1996474248633868,0
Ho,Volta,2022-07-24,0.5527962434725205,8.6,29.485714285714288,20.814285714285713,96.57142857142857,26.78,28.16811127620946,-0.006998605395162616,-37.12499999999999,-18.18,0.714641148139926,0
Ho,Volta,2022-07-31,0.5481305065424121,34.1,29.957142857142856,21.271428571428572,96.85714285714286,25.35,28.877249517460882,-0.006998605395162616,-6.75,8.75,0.48244185347878377,0
Ho,Volta,2022-08-07,0.5434647696123037,3.1,29.228571428571428,19.985714285714288,96.57142857142857,25.47,29.586387758712306,-0.006998605395162616,-18.0,-22.369999999999997,-0.30442350630416215,0
Ho,Volta,2022-08-14,0.543797092929389,33.5,30.47142857142857,21.685714285714287,96.85714285714286,25.36,30.166858168761223,-0.003250060209767258,13.674999999999997,8.14,-0.37050355557647885,0
Ho,Volta,2022-08-21,0.5441294162464743,31.5,29.52857142857143,21.314285714285713,97.57142857142857,24.310000000000002,28.847297247730356,-0.000751030086170501,5.949999999999996,7.189999999999998,-0.12504955117842972,0
Ho,Volta,2022-08-28,0.5444617395635596,46.599999999999994,28.25714285714286,21.400000000000002,99.42857142857143,21.130000000000003,28.442516589008754,0.0004984849756279885,17.924999999999997,25.46999999999999,0.036715957435499304,0
Ho,Volta,2022-09-04,0.5447940628806449,30.3,29.442857142857143,22.0,98.85714285714286,21.58,28.037735930287152,0.0004984849756279885,-5.175000000000001,8.720000000000002,0.3375107937277874,0
Ho,Volta,2022-09-11,0.5451263861977302,13.3,29.214285714285715,21.985714285714288,98.0,23.33,27.63295527156555,0.0004984849756279885,-17.125,-10.029999999999998,0.16171657772808093,0
Ho,Volta,2022-09-18,0.5454587095148156,73.4,29.114285714285717,21.74285714285714,99.57142857142857,22.27,28.303523916860474,0.0004984849756279885,32.50000000000001,51.13000000000001,0.586834786370189,0
Ho,Volta,2022-09-25,0.5457910328319008,70.8,28.914285714285715,21.785714285714285,100.0,20.78,28.974092562155402,0.0004984849756278775,23.849999999999994,50.019999999999996,0.8243553148673157,0
Ho,Volta,2022-10-02,0.5461233561489861,83.2,28.157142857142855,21.47142857142857,100.0,18.5,29.644661207450326,0.0004984849756278775,23.025,64.7,1.3659601696644303,0
Ho,Volta,2022-10-09,0.5464556794660714,29.3,30.285714285714285,21.942857142857143,99.71428571428571,25.34,29.427992885397984,0.0004984849756279885,-34.875,3.960000000000001,1.5013130085106547,0
Ho,Volta,2022-10-16,0.5467880027831566,30.400000000000002,30.185714285714287,21.485714285714288,99.85714285714286,23.62,29.21132456334564,0.0004984849756278775,-23.024999999999995,6.780000000000001,1.0722280619180853,0
Ho,Volta,2022-10-23,0.547120326100242,27.1,31.67142857142857,22.442857142857143,100.0,27.23,28.994656241293303,0.0004984849756278775,-15.399999999999999,-0.129999999999999,0.5870282857824067,0
Ho,Volta,2022-10-30,0.5474526494173273,34.9,32.271428571428565,22.357142857142858,100.0,29.07,28.77798791924096,0.0004984849756279885,4.474999999999998,5.829999999999998,0.017462765919846343,0
Ho,Volta,2022-11-06,0.5354836097207825,10.0,32.5,22.957142857142856,99.85714285714286,28.61,31.56415760980724,-0.008727537284594633,-15.600000000000001,-18.61,-0.20090132076773623,0
Ho,Volta,2022-11-13,0.5235145700242377,34.5,32.17142857142857,22.228571428571428,99.85714285714286,27.43,31.37224836370069,-0.014878218791409714,7.875,7.07,-0.19809557929058078,0
Ho,Volta,2022-11-20,0.511545530327693,9.600000000000001,32.42857142857143,22.285714285714285,99.85714285714286,28.55,30.298696014758264,-0.017953559544817144,-12.649999999999999,-18.95,-0.38017852618735987,0
Ho,Volta,2022-11-27,0.4995764906311482,1.2,32.92857142857143,22.714285714285715,99.14285714285714,30.009999999999998,30.328646483535863,-0.017953559544817255,-12.625000000000002,-28.81,-0.7153195081482752,0
Ho,Volta,2022-12-04,0.4876074509346034,16.2,32.6,22.214285714285715,99.85714285714286,25.45,30.32711531171833,-0.0179535595448172,0.8249999999999993,-9.25,-0.6247617832304297,0
Ho,Volta,2022-12-11,0.2689784201104238,1.8,33.32857142857143,22.599999999999998,99.71428571428571,28.57,29.32831265320567,-0.17294855289054328,-5.4,-26.77,-0.9521627887026404,0
Ho,Volta,2022-12-18,0.5261774926136845,2.2,34.1,22.74285714285714,99.71428571428571,28.54,30.20490700260288,0.08059252904121955,-3.1499999999999995,-26.34,-1.0236608215170504,0
Ho,Volta,2022-12-25,0.5069870487146606,0.0,33.92857142857143,20.985714285714288,91.85714285714286,32.18,31.08150135200009,0.05954944562131753,-5.05,-32.18,-1.056265472475719,0
Ho,Volta,2023-01-01,0.4574914481409833,0.0,35.114285714285714,19.814285714285713,76.57142857142857,35.18,30.956941447019204,0.01758284574604524,-1.0,-35.18,-1.3071374604158614,0
Ho,Volta,2023-01-08,0.4111848036643977,0.0,35.74285714285714,20.900000000000002,84.57142857142857,33.6,31.428389098076778,-0.06427539461903387,-0.55,-33.6,-1.3732175096881785,1
Ho,Volta,2023-01-15,0.3929421546543579,0.0,36.25714285714286,22.542857142857144,99.57142857142857,32.22,31.89983674913435,-0.04920920913924198,0.0,-32.22,-1.430106336880158,0
Ho,Volta,2023-01-22,0.37469950564431814,1.0,36.74285714285714,23.014285714285712,99.42857142857143,31.42,30.83487680371985,-0.0343799723816961,0.75,-30.42,-1.4130783886050076,0
Ho,Volta,2023-01-29,0.35971072083394173,13.1,34.75714285714286,23.714285714285715,96.0,27.67,32.18958454423682,-0.024923575365312145,9.575,-14.570000000000002,-1.2136772443147519,0
Ho,Volta,2023-02-05,0.34472193602356527,2.0,35.114285714285714,23.728571428571428,98.42857142857143,29.07,31.5756326602816,-0.023296643265480477,-2.0250000000000004,-27.07,-1.1504996862256993,0
Ho,Volta,2023-02-12,0.3362654607244695,2.8,35.75714285714286,24.014285714285712,97.42857142857143,32.07,29.10062040383093,-0.017583945082104147,-1.9249999999999998,-29.27,-1.1219585229236009,0
Ho,Volta,2023-02-19,0.34611271736444316,0.8,37.142857142857146,22.928571428571427,89.71428571428571,37.65,27.29771863551673,-0.0005899913721617578,-3.875,-36.85,-1.184168583951565,0
Ho,Volta,2023-02-26,0.3559599740044168,10.9,37.699999999999996,24.442857142857143,96.0,33.41,30.022887330170025,0.010194951975193156,6.775,-22.509999999999998,-1.2609878506019594,0
Ho,Volta,2023-03-05,0.36580723064439047,27.3,35.457142857142856,24.271428571428572,98.42857142857143,30.060000000000002,30.541701429609475,0.014770884959960484,16.85,-2.7600000000000016,-1.0257893150514443,0
Ho,Volta,2023-03-12,0.3756544872843641,22.4,33.3,24.3,97.28571428571429,22.73,31.060515529048928,0.014770884959960484,7.049999999999997,-0.33000000000000185,-0.7457956655725501,0
Ho,Volta,2023-03-19,0.3855017439243378,10.3,34.52857142857143,23.571428571428573,98.28571428571429,31.86,31.48161987313944,0.014770884959960484,-7.425000000000001,-21.56,-0.5978653649321807,0
Ho,Volta,2023-03-26,0.40319951849811847,35.4,32.285714285714285,23.014285714285712,98.85714285714286,26.68,29.571281230853003,0.020658773410315745,11.549999999999997,8.719999999999999,-0.29571603275436936,0
Ho,Volta,2023-04-02,0.42089729307189916,32.4,34.01428571428571,23.785714285714285,97.85714285714286,29.34,31.162326956609604,0.02458403237721929,7.274999999999999,3.0599999999999987,-0.23940770379904236,0
Ho,Volta,2023-04-09,0.4385950676456799,24.8,33.57142857142857,23.957142857142856,97.57142857142857,28.93,29.857092201845436,0.02654666186067106,-0.9249999999999972,-4.129999999999999,-0.27617259212038986,0
Ho,Volta,2023-04-16,0.4562928422194606,43.8,34.614285714285714,24.114285714285717,98.14285714285714,30.23,28.336869905081016,0.02654666186067106,9.700000000000003,13.569999999999997,0.06370912543985713,0
Ho,Volta,2023-04-23,0.4739906167932413,34.6,33.94285714285714,24.157142857142855,96.85714285714286,28.84,31.725227060220675,0.02654666186067106,0.7000000000000028,5.760000000000002,0.0350712124316496,0
Ho,Volta,2023-04-30,0.491688391367022,57.7,33.1,23.228571428571428,99.71428571428571,25.73,29.76155608690206,0.02654666186067106,17.475,31.970000000000002,0.3147746127922173,0
Ho,Volta,2023-05-07,0.5093861659408027,19.8,33.51428571428571,23.099999999999998,97.85714285714286,29.509999999999998,27.797885113583447,0.026546661860671006,-19.174999999999994,-9.709999999999997,0.26078827678350175,0
Ho,Volta,2023-05-14,0.5270839405145834,24.0,33.77142857142857,24.228571428571428,98.0,29.72,23.94812625815285,0.026546661860671006,-10.024999999999999,-5.719999999999999,0.07415809369960864,0
Ho,Volta,2023-05-21,0.5259958377977855,42.0,31.62857142857143,23.414285714285715,99.28571428571429,22.8,28.40694916332643,0.012457253892737108,6.125,19.2,0.20418969870984835,0
Ho,Volta,2023-05-28,0.5249077350809876,42.7,31.942857142857143,23.599999999999998,99.28571428571429,23.05,29.75732564811443,0.0030643152474478796,10.575000000000003,19.650000000000002,0.08499406078379526,0
Ho,Volta,2023-06-04,0.5238196323641897,34.6,31.67142857142857,23.342857142857145,98.71428571428571,22.85,27.57432668329176,-0.001632154075196901,-1.2250000000000014,11.75,0.2926189300933,0
Ho,Volta,2023-06-11,0.5227315296473918,76.5,29.900000000000002,22.771428571428572,99.85714285714286,20.02,27.274805670985018,-0.001632154075196901,27.549999999999997,56.480000000000004,0.8944021020900937,0
Ho,Volta,2023-06-18,0.5216434269305938,25.9,30.542857142857144,22.342857142857145,97.85714285714286,23.26,26.41796568541859,-0.001632154075196901,-19.025000000000006,2.639999999999997,0.7341845887739055,0
Ho,Volta,2023-06-25,0.520555324213796,93.2,28.928571428571427,22.142857142857142,99.85714285714286,18.75,25.56112569985216,-0.00163215407519679,35.650000000000006,74.45,1.2643729782501805,0
Ho,Volta,2023-07-02,0.5194672214969981,37.599999999999994,29.571428571428573,21.771428571428572,98.28571428571429,22.33,24.70428571428573,-0.00163215407519679,-20.700000000000003,15.269999999999996,1.2984288748004813,0
Ho,Volta,2023-07-09,0.5183791187802002,52.6,30.014285714285712,22.214285714285715,99.85714285714286,22.62,26.495200927602585,-0.001632154075196901,0.2750000000000057,29.98,1.0420421536121365,0
Ho,Volta,2023-07-16,0.5172910160634023,55.8,29.32857142857143,22.085714285714285,100.0,20.759999999999998,25.916405112356586,-0.00163215407519679,-4.0,35.04,1.3555112014046788,0
Ho,Volta,2023-07-23,0.5162029133466044,72.1,29.942857142857143,22.342857142857145,99.57142857142857,23.07,26.547528197922258,-0.00163215407519679,17.574999999999996,49.029999999999994,1.1095734484760855,0
Ho,Volta,2023-07-30,0.5151148106298065,26.3,29.357142857142858,22.342857142857145,99.28571428571429,22.15,27.178651283487934,-0.001632154075196901,-25.400000000000002,4.150000000000002,1.0019877752830895,0
Ho,Volta,2023-08-06,0.5140267079130086,57.1,29.41428571428571,22.157142857142855,99.57142857142857,21.740000000000002,27.809774369053606,-0.00163215407519679,4.274999999999999,35.36,1.0540391171696288,0
Ho,Volta,2023-08-13,0.5129386051962107,35.900000000000006,29.828571428571426,22.25714285714286,98.28571428571429,23.67,28.440897454619282,-0.00163215407519679,-11.949999999999996,12.230000000000004,0.833353037535435,0
Ho,Volta,2023-08-20,0.5118505024794128,54.2,29.042857142857144,21.87142857142857,99.85714285714286,21.009999999999998,29.072020540184955,-0.00163215407519679,10.825000000000003,33.190000000000005,0.6801015030590811,0
Ho,Volta,2023-08-27,0.510762399762615,40.6,30.3,22.52857142857143,99.14285714285714,26.14,29.70314362575063,-0.00163215407519679,-6.350000000000001,14.46,0.7798504500572635,0
Ho,Volta,2023-09-03,0.509674297045817,104.0,29.214285714285715,22.24285714285714,99.71428571428571,20.82,30.334266711316303,-0.001632154075196901,45.324999999999996,83.18,1.2425075446695897,0
Ho,Volta,2023-09-10,0.5085861943290191,98.0,29.814285714285713,21.82857142857143,100.0,22.25,30.96538979688198,-0.001632154075196901,23.799999999999997,75.75,1.857061677872746,0
Ho,Volta,2023-09-17,0.5074980916122211,49.5,29.428571428571427,22.52857142857143,99.42857142857143,20.759999999999998,31.59651288244765,-0.001632154075196901,-23.525000000000006,28.740000000000002,1.814008058654326,0
Ho,Volta,2023-09-24,0.5064099888954233,45.4,30.214285714285715,22.014285714285712,100.0,24.06,30.45428016022504,-0.00163215407519679,-28.824999999999996,21.34,1.880571856457187,0
Ho,Volta,2023-10-01,0.5053218861786254,31.0,32.0,22.75714285714286,99.85714285714286,27.74,29.312047438002423,-0.00163215407519679,-24.975,3.2600000000000016,1.107348205235583,0
Ho,Volta,2023-10-08,0.4805409816802105,97.9,30.642857142857142,22.685714285714287,100.0,23.48,27.6205777390926,-0.019401755411409594,41.95,74.42,1.0944804943231112,0
Ho,Volta,2023-10-15,0.4557600771817955,40.199999999999996,31.042857142857144,22.52857142857143,100.0,23.7,29.28408740247474,-0.031248156302218166,-13.425000000000004,16.499999999999996,0.9760588540459287,0
Ho,Volta,2023-10-22,0.4309791726833806,41.3,31.985714285714288,22.157142857142855,100.0,27.82,30.947597065856883,-0.0371713567476224,-11.300000000000004,13.479999999999997,0.9000135850444045,0
Ho,Volta,2023-10-29,0.4061982681849656,10.2,31.87142857142857,23.142857142857142,99.71428571428571,28.03,30.06446675620157,-0.0371713567476224,-37.2,-17.830000000000002,0.6959684548609257,0
Ho,Volta,2023-11-05,0.3814173636865507,6.7,32.357142857142854,22.900000000000002,99.57142857142857,27.7,28.71974798947485,-0.0371713567476224,-17.9,-21.0,-0.22721724082933242,0
Ho,Volta,2023-11-12,0.3545862479001026,15.4,32.91428571428571,23.071428571428573,99.85714285714286,28.38,30.53794124475684,-0.03870901521364728,-2.9999999999999982,-12.979999999999999,-0.5124353744381022,0
Ho,Volta,2023-11-19,0.3277551321136546,8.9,32.871428571428574,22.942857142857143,99.28571428571429,28.43,32.688225973566375,-0.03973412085766381,-1.4000000000000004,-19.53,-0.8318061543032816,0
Ho,Volta,2023-11-26,0.4254224640475436,33.5,32.01428571428571,23.071428571428573,99.57142857142857,26.07,29.733178337671404,0.05312716211058066,17.375,7.43,-0.5874163966724294,0
Ho,Volta,2023-12-03,0.5230897959814326,14.9,32.8,22.599999999999998,99.85714285714286,28.8,29.60591746480992,0.11537638597074923,-3.2750000000000004,-13.9,-0.5187241053351748,0
Ho,Volta,2023-12-10,0.5630651292291309,2.1,33.714285714285715,22.914285714285715,99.71428571428571,28.82,29.444978014202235,0.1032319988861905,-12.75,-26.72,-0.6516582015286787,0
Ho,Volta,2023-12-17,0.5403339422895109,0.2,34.214285714285715,21.3,90.57142857142857,31.67,29.28403856359455,0.027356109402606466,-12.475000000000001,-31.470000000000002,-0.7671773506225972,0
Ho,Volta,2023-12-24,0.5231772532011657,0.0,35.4,20.985714285714288,94.57142857142857,32.64,30.528370776578697,-0.014239276974144288,-4.3,-32.64,-1.1548534230005958,0
Ho,Volta,2023-12-31,0.46765680576537993,0.0,35.17142857142857,22.914285714285715,98.71428571428571,30.2,31.422412625407503,-0.055901476855916954,-0.5750000000000001,-30.2,-1.3125554439579552,1
Koforidua,Eastern,2019-01-06,0.44778820668896974,0.1,33.48333333333333,21.883333333333336,98.16666666666667,24.63,29.498130521047983,0.0,0.0,-24.529999999999998,-0.32409934105727345,0
Koforidua,Eastern,2019-01-13,0.44778820668896974,2.1,33.08571428571428,22.442857142857143,98.28571428571429,26.240000000000002,30.695182423637448,0.0,1.0,-24.14,-0.6492157448295446,0
Koforidua,Eastern,2019-01-20,0.373628124592926,5.3999999999999995,32.471428571428575,23.62857142857143,99.0,23.94,29.2939449506502,-0.04944005473069579,2.8666666666666663,-18.540000000000003,-0.8989116075444539,0
Koforidua,Eastern,2019-01-27,0.4253649154818654,24.900000000000002,33.114285714285714,23.042857142857144,99.0,25.65,29.42442887342673,0.0017225521186826631,16.775000000000002,-0.7499999999999964,-0.9090125728646361,0
Koforidua,Eastern,2019-02-03,0.4633619189430045,4.3999999999999995,31.914285714285715,23.714285714285715,98.85714285714286,23.77,28.619071091989326,0.03582612751631309,-4.800000000000002,-19.37,-0.839517931461781,0
Koforidua,Eastern,2019-02-10,0.4612826810719071,10.8,32.18571428571429,23.87142857142857,99.85714285714286,24.939999999999998,29.378018114282952,0.030373271049481343,-0.5749999999999993,-14.139999999999997,-0.704838393859349,0
Koforidua,Eastern,2019-02-17,0.45920344320080975,1.1,33.785714285714285,23.942857142857143,99.28571428571429,30.75,29.92215503060089,0.0069002035264130734,-9.200000000000001,-29.65,-0.8544673601356509,0
Koforidua,Eastern,2019-02-24,0.4080839916917727,8.5,33.357142857142854,24.442857142857143,98.0,27.15,30.46629194691883,-0.03989901703510079,2.299999999999999,-18.65,-1.0955437324440045,0
Koforidua,Eastern,2019-03-03,0.42913892083698385,39.1,32.114285714285714,23.3,97.57142857142857,25.3,31.06381844835647,-0.010288338363384497,24.225,13.8,-0.6488117062167371,0
Koforidua,Eastern,2019-03-10,0.44288495857072774,15.6,32.94285714285714,23.685714285714287,98.0,28.91,32.17002031736246,0.008057129995654222,-0.47499999999999964,-13.31,-0.6376333045957354,0
Koforidua,Eastern,2019-03-17,0.45663099630447157,6.9,33.699999999999996,24.0,98.85714285714286,29.87,31.17952498835064,0.022446279453482654,-10.625000000000002,-22.97,-0.5476673734773106,0
Koforidua,Eastern,2019-03-24,0.4703770340382154,23.900000000000002,32.785714285714285,23.75714285714286,98.71428571428571,26.27,30.465178000480197,0.020619056600615804,2.5249999999999986,-2.3699999999999974,-0.32840908626055126,0
Koforidua,Eastern,2019-03-31,0.4841230717719593,26.799999999999997,32.357142857142854,23.814285714285713,98.85714285714286,28.64,31.676618100744065,0.020619056600615804,8.499999999999996,-1.8400000000000034,-0.5390478830707551,0
Koforidua,Eastern,2019-04-07,0.4812798977120051,28.200000000000003,33.41428571428572,24.285714285714285,98.28571428571429,30.11,29.06507049908879,0.008177147755342284,6.75,-1.9099999999999966,-0.38551321020398244,0
Koforidua,Eastern,2019-04-14,0.4654304429151328,49.9,31.357142857142858,23.25714285714286,98.0,25.369999999999997,30.764201962462437,-0.009872168694195382,17.699999999999996,24.53,0.25421459340757,0
Koforidua,Eastern,2019-04-21,0.44958098811826047,9.9,32.32857142857143,23.74285714285714,99.28571428571429,29.509999999999998,32.46333342583608,-0.020522612011078967,-18.800000000000004,-19.61,0.022027070580977075,0
Koforidua,Eastern,2019-04-28,0.4337315333213882,12.3,31.814285714285713,23.942857142857143,99.28571428571429,28.95,30.24591481859875,-0.023774182195308413,-12.775000000000002,-16.65,-0.1774333246082248,0
Koforidua,Eastern,2019-05-05,0.423852419348752,16.4,31.25714285714286,23.82857142857143,99.0,27.0,32.10434081979395,-0.019296426577131376,-5.725000000000001,-10.600000000000001,-0.29446984278473837,0
Koforidua,Eastern,2019-05-12,0.4139733053761158,23.5,31.599999999999998,23.74285714285714,99.28571428571429,29.17,30.867000266442687,-0.016311256165013333,7.975,-5.670000000000002,-0.7012020463440833,0
Koforidua,Eastern,2019-05-19,0.4040941914034796,36.9,30.157142857142855,23.02857142857143,99.57142857142857,23.03,29.629659713091428,-0.014818670958954283,14.625,13.869999999999997,-0.25029495445114075,0
Koforidua,Eastern,2019-05-26,0.3942150774308434,47.5,30.342857142857145,23.157142857142855,99.57142857142857,24.65,26.50250269222488,-0.014818670958954283,16.424999999999997,22.85,0.28168921907846606,0
Koforidua,Eastern,2019-06-02,0.3843359634582072,53.5,29.114285714285717,22.714285714285715,99.14285714285714,21.44,26.69088057118148,-0.014818670958954283,13.149999999999999,32.06,0.8562321264904416,0
Koforidua,Eastern,2019-06-09,0.374456849485571,19.7,28.7,22.657142857142855,98.0,22.38,27.231814539812632,-0.014818670958954283,-19.7,-2.6799999999999997,0.8965013082335686,0
Koforidua,Eastern,2019-06-16,0.3645777355129348,32.199999999999996,27.928571428571427,22.214285714285715,97.57142857142857,19.46,27.772748508443783,-0.014818670958954283,-6.024999999999999,12.739999999999995,0.8812825204844937,0
Koforidua,Eastern,2019-06-23,0.35469862154029863,12.2,29.47142857142857,22.485714285714288,99.0,24.71,26.93677459575292,-0.014818670958954283,-17.2,-12.510000000000002,0.4050556755222939,0
Koforidua,Eastern,2019-06-30,0.3448195075676624,41.199999999999996,28.114285714285717,22.014285714285712,99.28571428571429,21.759999999999998,24.898156761412565,-0.014818670958954339,14.875,19.439999999999998,0.2350900990680245,0
Koforidua,Eastern,2019-07-07,0.3349403935950262,36.3,28.957142857142856,22.342857142857145,99.28571428571429,22.5,26.43019102825912,-0.014818670958954339,5.824999999999999,13.799999999999997,0.4570419770368326,0
Koforidua,Eastern,2019-07-14,0.33010176936868657,32.2,27.599999999999998,21.414285714285715,99.71428571428571,20.43,26.63000000000005,-0.011038303649231918,1.725000000000005,11.770000000000003,0.44397806188939687,0
Koforidua,Eastern,2019-07-21,0.32526314514234694,35.1,28.385714285714283,21.842857142857145,98.42857142857143,21.14,27.788684210526355,-0.008518058776083581,-1.0999999999999943,13.96,0.8004747979230346,0
Koforidua,Eastern,2019-07-28,0.32042452091600737,29.5,28.042857142857144,21.900000000000002,98.71428571428571,23.39,25.470108534780536,-0.007257936339509441,-3.7749999999999986,6.109999999999999,0.6209469742989926,0
Koforidua,Eastern,2019-08-04,0.31558589668966774,19.1,27.957142857142856,21.685714285714287,98.0,21.3,26.300776932805547,-0.007257936339509441,-9.875,-2.1999999999999993,0.4054597141351013,0
Koforidua,Eastern,2019-08-11,0.3107472724633281,12.600000000000001,27.785714285714285,21.314285714285713,98.57142857142857,23.7,27.13144533083056,-0.007257936339509441,-11.475000000000001,-11.099999999999998,0.09744761163833907,0
Koforidua,Eastern,2019-08-18,0.3059086482369885,9.9,28.514285714285712,21.385714285714283,98.14285714285714,24.33,28.67589837079436,-0.007257936339509441,-7.875000000000002,-14.429999999999998,-0.2849075956149657,0
Koforidua,Eastern,2019-08-25,0.33028217495283924,31.7,28.24285714285714,21.857142857142858,98.57142857142857,22.74,27.812261904761897,0.014651176867133353,13.374999999999996,8.96,-0.24652392739827253,0
Koforidua,Eastern,2019-09-01,0.35465570166869,35.3,28.842857142857145,21.8,98.85714285714286,23.72,27.657901469098277,0.029257252338228512,12.924999999999997,11.579999999999998,-0.06093552458212108,0
Koforidua,Eastern,2019-09-08,0.37902922838454073,81.5,28.099999999999998,22.142857142857142,99.14285714285714,20.88,27.503541033434658,0.03656029007377609,41.9,60.620000000000005,0.9049861191025219,0
Koforidua,Eastern,2019-09-15,0.4034027551003915,42.6,28.514285714285712,21.942857142857143,99.57142857142857,21.17,27.34918059777104,0.03656029007377615,-5.174999999999997,21.43,1.3879469409448435,0
Koforidua,Eastern,2019-09-22,0.4277762818162422,54.7,28.82857142857143,22.24285714285714,99.14285714285714,22.669999999999998,27.19482016210742,0.03656029007377609,1.1750000000000043,32.03,1.698652634193654,0
Koforidua,Eastern,2019-09-29,0.45214980853209297,38.6,29.485714285714288,22.457142857142856,99.71428571428571,23.54,27.0404597264438,0.03656029007377609,-15.75,15.060000000000002,1.7455211132793007,0
Koforidua,Eastern,2019-10-06,0.47652333524794377,56.4,27.97142857142857,22.042857142857144,99.71428571428571,18.97,26.88609929078018,0.0365602900737762,8.324999999999996,37.43,1.4331992655792605,0
Koforidua,Eastern,2019-10-13,0.5008968619637945,75.3,27.928571428571427,22.157142857142855,99.71428571428571,19.13,28.13767028533005,0.03656029007377609,19.049999999999997,56.17,1.9010759792101097,0
Koforidua,Eastern,2019-10-20,0.5252703886796453,46.300000000000004,29.24285714285714,22.314285714285713,99.85714285714286,23.29,29.252853140555885,0.03656029007377615,-7.849999999999994,23.010000000000005,1.7795950362927162,0
Koforidua,Eastern,2019-10-27,0.549643915395496,51.6,29.02857142857143,22.32857142857143,100.0,21.93,29.89448742896184,0.036560290073776036,-5.799999999999997,29.67,1.9763618407298695,0
Koforidua,Eastern,2019-11-03,0.5740174421113468,40.9,28.885714285714283,22.0,99.85714285714286,21.25,29.185643595283462,0.03656029007377615,-12.625,19.65,1.736901622872745,0
Koforidua,Eastern,2019-11-10,0.5577713563277789,20.3,30.571428571428573,22.357142857142858,100.0,26.81,30.0060803245334,0.006095580699212122,-19.474999999999998,-6.509999999999998,0.8927302811807006,0
Koforidua,Eastern,2019-11-17,0.5415252705442108,10.3,30.342857142857145,22.62857142857143,99.85714285714286,25.32,29.243490123722097,-0.014214225550497228,-20.474999999999998,-15.02,0.3805439996786513,0
Koforidua,Eastern,2019-11-24,0.525279184760643,5.2,30.47142857142857,23.042857142857144,100.0,24.85,29.165468538715317,-0.024369128675351903,-13.975000000000001,-19.650000000000002,-0.28369547977654386,0
Koforidua,Eastern,2019-12-01,0.6336057648654846,1.2,32.1,23.47142857142857,100.0,28.560000000000002,29.087446953708536,0.06906037074095528,-8.05,-27.360000000000003,-0.9168239860455772,0
Koforidua,Eastern,2019-12-08,0.5296653062971687,8.2,30.74285714285714,23.32857142857143,100.0,23.490000000000002,29.077136700830465,-0.027853575319708113,1.9749999999999996,-15.290000000000003,-1.0350726200605127,0
Koforidua,Eastern,2019-12-15,0.5238670328190791,7.1,31.042857142857144,22.67142857142857,99.85714285714286,24.1,29.43481972475331,-0.029237289366514707,1.6749999999999998,-17.0,-1.0617391685057942,0
Koforidua,Eastern,2019-12-22,0.5180687593409894,1.0,32.82857142857143,23.514285714285712,100.0,26.39,30.34699073664541,-0.033232956489691046,-3.375,-25.39,-1.1390452230895902,0
Koforidua,Eastern,2019-12-29,0.4288611106396911,0.0,33.57142857142857,21.728571428571428,99.14285714285714,29.3,30.34448571320246,-0.07125444163454098,-4.075,-29.3,-1.165173053384462,1
Koforidua,Eastern,2020-01-05,0.4649460773216503,0.0,32.800000000000004,20.771428571428572,78.71428571428571,34.29,29.063418342200805,-0.018989667708702196,-2.025,-34.29,-1.421064174829083,0
Koforidua,Eastern,2020-01-12,0.40719410888027446,4.8,34.042857142857144,22.342857142857145,94.57142857142857,28.080000000000002,28.99969960444338,-0.047573405165376836,3.3499999999999996,-23.28,-1.5056429244434104,0
Koforidua,Eastern,2020-01-19,0.45062877830663295,2.3,33.871428571428574,23.67142857142857,99.85714285714286,27.48,29.93512909300017,0.01272125951957076,0.5249999999999999,-25.18,-1.5028146541537595,0
Koforidua,Eastern,2020-01-26,0.1611721982454055,0.2,34.857142857142854,22.657142857142855,98.0,32.16,30.39951256808501,-0.2098130924430853,-1.625,-31.959999999999997,-1.5386394111560062,1
Koforidua,Eastern,2020-02-02,0.30670468414881774,0.0,35.471428571428575,22.685714285714287,99.57142857142857,32.4,32.54385256985432,-0.0247202582464649,-1.825,-32.4,-1.5131849785491465,0
Koforidua,Eastern,2020-02-09,0.2168241348522488,0.9,35.48571428571429,22.857142857142858,98.0,33.97,30.430956033818262,-0.06700831403602744,0.050000000000000044,-33.07,-1.6450362458619274,1
Koforidua,Eastern,2020-02-16,0.3539359793819822,0.2,35.91428571428572,22.62857142857143,91.71428571428571,34.54,28.3180594977822,0.0942767302248686,-0.125,-34.339999999999996,-1.7684027023057551,0
Koforidua,Eastern,2020-02-23,0.3851817245232222,9.0,35.84285714285714,24.928571428571427,97.0,30.810000000000002,30.06149150998982,0.06952009379665447,6.475,-21.810000000000002,-1.6317029716392866,0
Koforidua,Eastern,2020-03-01,0.41642746966446215,3.9,35.857142857142854,25.014285714285712,97.0,31.54,31.94496164490897,0.07333514255898332,0.3999999999999999,-27.64,-1.5675955117405291,0
Koforidua,Eastern,2020-03-08,0.4476732148057021,10.9,32.68571428571429,24.32857142857143,98.85714285714286,25.09,30.388371772674983,0.04686861771185996,4.9,-14.19,-1.3133205447471372,0
Koforidua,Eastern,2020-03-15,0.4789189599469421,25.299999999999997,33.8,24.457142857142856,97.28571428571429,27.83,32.246862085961084,0.04686861771186002,13.024999999999999,-2.530000000000001,-0.8849049356338008,0
Koforidua,Eastern,2020-03-22,0.4589112321644544,8.8,33.67142857142857,24.442857142857143,97.0,31.1,32.09769806265723,0.008428513019064221,-3.424999999999999,-22.3,-0.8915042329763199,0
Koforidua,Eastern,2020-03-29,0.4398669260983118,7.0,32.44285714285714,23.32857142857143,98.0,28.36,27.77294547787045,-0.016475657155540835,-6.0,-21.36,-0.8069254833619925,0
Koforidua,Eastern,2020-04-05,0.4208226200321692,5.1,33.75714285714286,23.52857142857143,98.14285714285714,31.75,30.156356476075246,-0.02880731452830021,-6.449999999999999,-26.65,-0.9747361872146231,0
Koforidua,Eastern,2020-04-12,0.4017783139660266,15.2,33.31428571428571,24.042857142857144,98.57142857142857,30.009999999999998,32.53976747428004,-0.028566459099213903,6.174999999999999,-14.809999999999999,-1.1401226593904097,0
Koforidua,Eastern,2020-04-19,0.382734007899884,17.400000000000002,33.385714285714286,24.042857142857144,97.85714285714286,30.89,34.11440167321723,-0.028566459099213903,6.225000000000001,-13.489999999999998,-1.0214699867626669,0
Koforidua,Eastern,2020-04-26,0.4355894270693814,10.4,32.371428571428574,23.542857142857144,97.85714285714286,27.740000000000002,29.891545242006828,0.02535833482751615,-1.625,-17.340000000000003,-0.9673288126464892,0
Koforidua,Eastern,2020-05-03,0.4884448462388788,13.3,32.885714285714286,23.400000000000002,98.85714285714286,31.07,33.14131797444679,0.06130819744533611,-0.7749999999999986,-17.77,-0.8477333832555294,0
Koforidua,Eastern,2020-05-10,0.48404430483121036,45.1,32.44285714285714,23.914285714285715,98.42857142857143,29.68,34.870000344500966,0.03634115832137169,23.55,15.420000000000002,-0.4405971410833771,0
Koforidua,Eastern,2020-05-17,0.4796437634235419,37.300000000000004,31.3,23.5,99.14285714285714,28.23,32.274446277912375,0.007713178032788759,10.775000000000006,9.070000000000004,-0.13676010425229035,0
Koforidua,Eastern,2020-05-24,0.4752432220158735,15.2,31.314285714285713,23.428571428571427,99.0,27.95,28.6523934969141,-0.006600812111502652,-12.524999999999999,-12.75,-0.07494219649277398,0
Koforidua,Eastern,2020-05-31,0.47084268060820506,67.1,29.585714285714285,22.75714285714286,99.85714285714286,22.060000000000002,26.815007842909836,-0.006600812111502652,25.924999999999997,45.03999999999999,0.770979979188102,0
Koforidua,Eastern,2020-06-07,0.4664421392005366,24.5,29.985714285714288,22.771428571428572,99.42857142857143,23.63,24.97762218890557,-0.006600812111502652,-11.524999999999999,0.870000000000001,0.5750212519765633,0
Koforidua,Eastern,2020-06-14,0.46204159779286824,56.6,28.585714285714285,22.228571428571428,99.0,20.42,25.30776261937245,-0.006600812111502652,15.750000000000007,36.18,0.9401374784167564,0
Koforidua,Eastern,2020-06-21,0.4576410563851998,44.8,28.657142857142855,22.571428571428573,98.85714285714286,21.21,24.323565144533006,-0.006600812111502652,-3.450000000000003,23.589999999999996,1.4295629180639946,0
Koforidua,Eastern,2020-06-28,0.4532405149775314,47.9,27.814285714285713,22.24285714285714,98.85714285714286,21.3,24.76050265376216,-0.006600812111502652,4.450000000000003,26.599999999999998,1.18121385072511,0
Koforidua,Eastern,2020-07-05,0.44883997356986294,48.5,26.857142857142858,22.042857142857144,98.57142857142857,17.380000000000003,25.070013287891452,-0.006600812111502652,-0.9499999999999957,31.119999999999997,1.588619451972467,0
Koforidua,Eastern,2020-07-12,0.4444394321621945,43.6,27.557142857142857,21.900000000000002,98.42857142857143,18.32,25.379523922020745,-0.006600812111502652,-2.5999999999999943,25.28,1.441818755985816,0
Koforidua,Eastern,2020-07-19,0.44003889075452607,16.3,27.985714285714288,21.485714285714288,97.57142857142857,21.3,25.689034556150038,-0.006600812111502652,-22.774999999999995,-5.0,1.0567699579804628,0
Koforidua,Eastern,2020-07-26,0.43563834934685763,38.5,28.485714285714288,21.62857142857143,98.14285714285714,22.1,27.21277279372407,-0.006600812111502652,1.7750000000000057,16.4,0.919396829625982,0
Koforidua,Eastern,2020-08-02,0.4312378079391892,10.7,28.37142857142857,21.157142857142855,97.71428571428571,22.96,28.736511031298107,-0.006600812111502652,-16.575,-12.260000000000002,0.3351569955066317,0
Koforidua,Eastern,2020-08-09,0.42683726653152076,2.4,28.900000000000002,19.97142857142857,97.28571428571429,27.669999999999998,28.94756788375861,-0.006600812111502652,-14.574999999999998,-25.27,-0.34564806707366263,0
Koforidua,Eastern,2020-08-16,0.4384066385220118,9.3,28.52857142857143,20.642857142857142,98.28571428571429,24.58,29.15862473621911,0.005376622937116937,-5.924999999999995,-15.279999999999998,-0.4840986317289627,0
Koforidua,Eastern,2020-08-23,0.4271481233667927,15.3,28.599999999999998,21.642857142857142,96.57142857142857,23.09,29.22063732011128,-0.0037593357230858993,5.8750000000000036,-7.789999999999999,-0.809888433189246,0
Koforidua,Eastern,2020-08-30,0.4158896082115736,13.6,28.62857142857143,21.37142857142857,98.0,23.23,28.645180182742887,-0.01118080094640106,3.450000000000003,-9.63,-0.7744677147998063,0
Koforidua,Eastern,2020-09-06,0.40463109305635453,14.700000000000001,28.157142857142855,21.97142857142857,97.0,21.68,28.069723045374495,-0.0168877727328286,1.4750000000000032,-6.979999999999999,-0.528138840524958,0
Koforidua,Eastern,2020-09-13,0.39337257790113545,44.2,28.642857142857142,21.914285714285715,98.0,22.11,27.494265908006106,-0.0168877727328286,22.250000000000007,22.090000000000003,-0.024841408504669257,0
Koforidua,Eastern,2020-09-20,0.3821140627459163,49.8,28.342857142857145,21.842857142857145,98.71428571428571,22.18,26.918808770637714,-0.016887772732828654,19.225,27.619999999999997,0.4520588341455428,0
Koforidua,Eastern,2020-09-27,0.3708555475906973,53.8,28.714285714285715,21.885714285714283,99.14285714285714,22.78,26.34335163326932,-0.0168877727328286,13.174999999999997,31.019999999999996,0.9995311544994292,0
Koforidua,Eastern,2020-10-04,0.35959703243547814,48.3,27.771428571428572,21.857142857142858,99.42857142857143,20.67,28.911926172633912,-0.016887772732828654,-0.7249999999999943,27.629999999999995,1.4656570341414465,0
Koforidua,Eastern,2020-10-11,0.34833851728025905,99.0,28.814285714285713,21.885714285714283,99.28571428571429,21.04,25.51520000000005,-0.016887772732828654,36.275000000000006,77.96000000000001,2.218111610726235,0
Koforidua,Eastern,2020-10-18,0.33708000212503997,48.9,28.942857142857143,21.857142857142858,99.57142857142857,24.66,28.326171648230968,-0.016887772732828654,-13.599999999999994,24.24,2.172589927016613,0
Koforidua,Eastern,2020-10-25,0.3258214869698209,14.2,29.599999999999998,22.514285714285712,100.0,23.1,28.572875632231785,-0.0168877727328286,-38.39999999999999,-8.900000000000002,1.634949212907704,0
Koforidua,Eastern,2020-11-01,0.39648845876508054,30.799999999999997,29.885714285714283,22.514285714285712,100.0,25.21,28.41266691401557,0.04455634248003043,-17.424999999999997,5.589999999999996,1.3381155120319435,0
Koforidua,Eastern,2020-11-08,0.46715543056034026,17.4,30.185714285714287,23.071428571428573,99.71428571428571,25.17,29.363077697623453,0.08551908595526986,-10.424999999999994,-7.770000000000003,0.183507836166293,0
Koforidua,Eastern,2020-11-15,0.4910600665514129,17.1,30.400000000000002,22.514285714285712,99.85714285714286,26.82,29.41746276256083,0.07092870583974925,-2.7749999999999915,-9.719999999999999,-0.2738638735315664,0
Koforidua,Eastern,2020-11-22,0.517365768787748,26.5,29.8,22.985714285714288,100.0,24.05,29.47184782749821,0.04934833762160257,3.550000000000008,2.4499999999999993,-0.12100259835280593,0
Koforidua,Eastern,2020-11-29,0.5537265489639746,21.0,29.428571428571427,22.52857142857143,99.71428571428571,23.16,27.327079290732627,0.04639959524810566,0.5000000000000071,-2.16,-0.22537923999469078,0
Koforidua,Eastern,2020-12-06,0.5385020553199593,3.0999999999999996,30.457142857142856,22.885714285714283,99.57142857142857,25.330000000000002,29.620081006963343,0.013338445414185607,-13.824999999999994,-22.230000000000004,-0.4201258513678076,0
Koforidua,Eastern,2020-12-13,0.3397641087242123,8.7,30.17142857142857,22.8,99.71428571428571,23.07,27.626893029261964,-0.14757551172476124,-6.124999999999993,-14.370000000000001,-0.48275183635293845,0
Koforidua,Eastern,2020-12-20,0.5002660683297573,13.8,30.24285714285714,22.614285714285717,100.0,23.330000000000002,27.71729669274248,0.017201372995281405,2.1500000000000092,-9.530000000000001,-0.6440979224006522,0
Koforidua,Eastern,2020-12-27,0.48216740687795645,28.5,30.571428571428573,23.042857142857144,99.85714285714286,23.09,28.85356040917168,0.016992497064985124,14.975000000000009,5.41,-0.542145512435611,0
Koforidua,Eastern,2021-01-03,0.3795617843781599,1.4000000000000001,31.785714285714285,23.085714285714285,99.57142857142857,25.99,28.079038377236717,-0.045878057699361596,-11.699999999999992,-24.59,-0.573929883309785,0
Koforidua,Eastern,2021-01-10,0.5271829366845119,5.6000000000000005,31.142857142857142,23.2,99.57142857142857,23.15,28.761893995880317,0.0548883876169155,-6.724999999999993,-17.549999999999997,-0.6167579762673584,0
Koforidua,Eastern,2021-01-17,0.520912613665557,1.9,32.02857142857143,22.900000000000002,99.0,25.27,28.118975470434407,0.04345642826401064,-7.449999999999992,-23.37,-0.8031544563091243,0
Koforidua,Eastern,2021-01-24,0.4536100125655046,2.6,32.0,22.414285714285715,99.57142857142857,26.71,28.41737311624169,-0.016706824257928743,-0.2749999999999919,-24.11,-1.200728451311504,0
Koforidua,Eastern,2021-01-31,0.3031219944475268,9.8,32.971428571428575,22.857142857142858,99.57142857142857,27.61,28.715770762048976,-0.14808489489324828,4.825000000000008,-17.81,-1.109415724817055,1
Koforidua,Eastern,2021-02-07,0.4899746986994555,6.199999999999999,32.82857142857143,23.74285714285714,99.57142857142857,26.8,28.55430916604536,0.04806986885494452,1.0750000000000082,-20.6,-1.1504929837857967,0
Koforidua,Eastern,2021-02-14,0.2443238055375894,6.0,33.25714285714286,23.857142857142858,98.71428571428571,28.8,29.486642038551224,-0.12843382227492964,-0.14999999999999147,-22.8,-1.1428162501424584,1
Koforidua,Eastern,2021-02-21,0.3759676564473067,8.2,33.028571428571425,23.042857142857144,99.42857142857143,29.049999999999997,26.812989016413667,0.022620617664337095,0.6500000000000075,-20.849999999999998,-1.0989107208840654,0
Koforidua,Eastern,2021-02-28,0.3580061832846011,6.6,33.22857142857143,23.099999999999998,98.71428571428571,29.45,27.901074849617657,-0.00906190270763707,-0.14999999999999147,-22.85,-1.1667892078356912,0
Koforidua,Eastern,2021-03-07,0.3600301348719671,5.3,34.128571428571426,24.214285714285715,97.85714285714286,29.46,29.92302266632873,0.02544818983660102,-1.2249999999999917,-24.16,-1.2147351232221573,0
Koforidua,Eastern,2021-03-14,0.370903034992319,18.5,32.55714285714286,23.585714285714285,97.28571428571429,25.869999999999997,28.08774217697265,0.004676282593270575,8.850000000000009,-7.369999999999997,-1.006924596701604,0
Koforidua,Eastern,2021-03-21,0.38177593511267094,21.3,32.3,22.87142857142857,97.85714285714286,29.1,29.763026834167444,0.014097113047281395,8.375000000000009,-7.800000000000001,-0.8311678001304302,0
Koforidua,Eastern,2021-03-28,0.39264883523302285,27.200000000000003,31.242857142857144,22.75714285714286,98.14285714285714,26.759999999999998,31.43831149136224,0.01630935018052787,9.12500000000001,0.44000000000000483,-0.5174991570543659,0
Koforidua,Eastern,2021-04-04,0.4035217353533748,10.4,32.528571428571425,23.7,99.42857142857143,30.29,27.894936288614133,0.016309350180527926,-8.949999999999994,-19.89,-0.4599909944981273,0
Koforidua,Eastern,2021-04-11,0.41439463547372674,3.9,32.45714285714286,24.014285714285712,99.28571428571429,29.34,30.96911958162616,0.01630935018052787,-11.799999999999992,-25.44,-0.7033569189457222,0
Koforidua,Eastern,2021-04-18,0.43004314281669365,28.9,32.22857142857143,23.457142857142856,99.28571428571429,29.29,30.639862755822605,0.01989105559748916,11.300000000000004,-0.39000000000000057,-0.60355938158232,0
Koforidua,Eastern,2021-04-25,0.4456916501596606,23.1,32.285714285714285,23.571428571428573,98.71428571428571,30.25,29.530473275144487,0.022278859208796686,6.525000000000009,-7.149999999999999,-0.705781150622566,0
Koforidua,Eastern,2021-05-02,0.4613401575026275,24.7,32.371428571428574,23.614285714285717,99.42857142857143,30.79,28.42108379446637,0.023472761014450394,4.550000000000008,-6.09,-0.5199233887312098,0
Koforidua,Eastern,2021-05-09,0.4442923107889194,34.3,31.25714285714286,23.17142857142857,97.42857142857143,25.95,31.01719560565391,-0.0010495045280559112,6.550000000000004,8.349999999999998,-0.06484123117259168,0
Koforidua,Eastern,2021-05-16,0.4272444640752112,6.4,32.72857142857143,23.099999999999998,98.0,31.39,30.05516395604829,-0.01739768155639343,-15.724999999999993,-24.990000000000002,-0.3961528936745747,0
Koforidua,Eastern,2021-05-23,0.535769145453681,29.3,31.414285714285715,23.02857142857143,98.85714285714286,27.7,29.09313230644267,0.06860762599857123,5.625000000000007,1.6000000000000014,-0.2783082982724466,0
Koforidua,Eastern,2021-05-30,0.5504185174283277,23.9,31.67142857142857,23.7,99.0,28.23,29.76033535453541,0.06098740799179292,0.42500000000000426,-4.330000000000002,-0.25460469965441856,0
Koforidua,Eastern,2021-06-06,0.5650678894029744,23.599999999999998,30.542857142857144,23.099999999999998,99.28571428571429,24.88,28.965819234785727,0.04544288531292584,2.8000000000000043,-1.2800000000000011,-0.38430109436556065,0
Koforidua,Eastern,2021-06-13,0.5797172613776209,36.2,30.32857142857143,22.54285714285714,99.85714285714286,26.419999999999998,29.04198280952687,0.02197405796196994,7.95000000000001,9.780000000000005,0.08397965787809586,0
Koforidua,Eastern,2021-06-20,0.5943666333522676,41.5,29.7,22.457142857142856,98.57142857142857,22.21,27.929868040277398,0.02197405796196994,10.200000000000006,19.29,0.3222277598967982,0
Koforidua,Eastern,2021-06-27,0.5904657516725857,68.2,28.0,21.685714285714287,99.57142857142857,18.27,26.817753271027925,0.008061367721223567,25.825000000000003,49.93000000000001,1.052998930927595,0
Koforidua,Eastern,2021-07-04,0.586564869992904,80.4,29.0,21.67142857142857,99.57142857142857,22.240000000000002,27.03140636811139,-0.0012137591059404595,23.825000000000003,58.160000000000004,1.8535341024364516,0
Koforidua,Eastern,2021-07-11,0.5826639883132222,33.6,28.785714285714285,21.75714285714286,98.71428571428571,25.03,27.12402784110813,-0.005851322519522695,-22.324999999999996,8.57,1.837237878386557,0
Koforidua,Eastern,2021-07-18,0.5787631066335405,69.80000000000001,28.414285714285715,21.685714285714287,98.14285714285714,22.060000000000002,27.21664931410487,-0.005851322519522584,6.800000000000011,47.74000000000001,2.2204011628654765,0
Koforidua,Eastern,2021-07-25,0.5748622249538586,6.8999999999999995,28.657142857142855,21.47142857142857,96.57142857142857,25.39,26.42152229279816,-0.005851322519522695,-40.775000000000006,-18.490000000000002,1.298923766589636,0
Koforidua,Eastern,2021-08-01,0.5709613432741769,8.9,28.52857142857143,21.457142857142856,97.42857142857143,24.56,27.531060950131742,-0.005851322519522695,-20.9,-15.659999999999998,0.3047194200084822,0
Koforidua,Eastern,2021-08-08,0.5670604615944951,20.6,28.7,22.0,98.71428571428571,21.12,28.101661000625086,-0.005851322519522695,-5.949999999999999,-0.5199999999999996,0.18229572032787136,0
Koforidua,Eastern,2021-08-15,0.5631595799148134,20.7,28.400000000000002,21.642857142857142,98.14285714285714,24.14,28.672261051118426,-0.005851322519522584,6.4250000000000025,-3.4400000000000013,-0.5069941531213762,0
Koforidua,Eastern,2021-08-22,0.5592586982351315,34.8,28.8,21.342857142857145,98.28571428571429,19.91,28.011200121400236,-0.005851322519522695,13.55,14.889999999999997,-0.05743385660445794,0
Koforidua,Eastern,2021-08-29,0.5553578165554498,72.3,28.67142857142857,21.87142857142857,99.0,22.400000000000002,27.350139191682047,-0.005851322519522695,35.2,49.89999999999999,0.8255251919170867,0
Koforidua,Eastern,2021-09-05,0.551456934875768,89.60000000000001,28.071428571428573,21.928571428571427,99.57142857142857,18.54,29.578361410787636,-0.005851322519522695,35.250000000000014,71.06,1.7895613220752955,0
Koforidua,Eastern,2021-09-12,0.5475560531960862,26.5,29.342857142857145,22.142857142857142,99.57142857142857,24.72,31.806583629893225,-0.005851322519522584,-29.299999999999997,1.7800000000000011,1.8598640407037654,0
Koforidua,Eastern,2021-09-19,0.5436551715164044,64.7,28.585714285714285,21.914285714285715,99.42857142857143,21.15,29.529930014174283,-0.005851322519522695,1.4250000000000043,43.550000000000004,2.2458555954723356,0
Koforidua,Eastern,2021-09-26,0.5397542898367227,47.3,29.12857142857143,22.214285714285715,99.42857142857143,21.57,29.881609178531107,-0.005851322519522695,-9.725000000000009,25.729999999999997,1.9203351530872574,0
Koforidua,Eastern,2021-10-03,0.5358534081570409,47.4,29.3,22.014285714285712,99.85714285714286,23.7,29.5424504249292,-0.005851322519522695,0.9250000000000043,23.7,1.282492863002139,0
Koforidua,Eastern,2021-10-10,0.531952526477359,30.9,29.785714285714285,22.571428571428573,100.0,24.4,29.496728528008475,-0.005851322519522695,-16.674999999999997,6.5,1.346061604750487,0
Koforidua,Eastern,2021-10-17,0.5280516447976773,12.200000000000001,30.5,22.728571428571428,99.85714285714286,27.799999999999997,28.72456851127089,-0.005851322519522695,-22.249999999999993,-15.599999999999996,0.5494321398321012,0
Koforidua,Eastern,2021-10-24,0.49378278488850685,45.1,28.52857142857143,21.87142857142857,100.0,19.19,29.421191687055,-0.028627306191639168,11.200000000000003,25.91,0.5518563715089451,0
Koforidua,Eastern,2021-10-31,0.4595139249793364,19.299999999999997,30.057142857142857,22.24285714285714,100.0,25.21,29.237038083866082,-0.0438112953063835,-7.574999999999996,-5.910000000000004,0.15307026066814353,0
Koforidua,Eastern,2021-11-07,0.4034735144616567,19.6,30.285714285714285,21.885714285714283,99.85714285714286,26.549999999999997,29.052884480677164,-0.06773195282013761,-4.449999999999996,-6.949999999999996,-0.028073717407127604,0
Koforidua,Eastern,2021-11-14,0.5404252222582355,34.8,30.2,22.571428571428573,99.71428571428571,23.71,26.52495948039569,0.06612636061130167,5.100000000000001,11.089999999999996,0.33138596845376356,0
Koforidua,Eastern,2021-11-21,0.4143499616298574,11.799999999999999,30.985714285714288,22.32857142857143,100.0,25.439999999999998,29.07035933541601,-0.04009069420241412,-9.574999999999998,-13.639999999999999,-0.20127160276385536,0
Koforidua,Eastern,2021-11-28,0.3402367399788627,30.8,30.957142857142856,22.914285714285715,100.0,25.19,27.78052581426448,-0.08438461960329036,6.550000000000001,5.609999999999999,-0.04612077544585355,0
Koforidua,Eastern,2021-12-05,0.4693691906891716,15.1,31.25714285714286,22.7,100.0,26.1,28.898666860443257,0.028273912050139793,-8.024999999999997,-11.000000000000002,-0.10066598817483864,0
Koforidua,Eastern,2021-12-12,0.5985016413994805,3.1999999999999997,32.22857142857143,23.428571428571427,99.71428571428571,27.48,28.611390714131065,0.14288725797513746,-12.024999999999997,-24.28,-0.5770275126746409,0
Koforidua,Eastern,2021-12-19,0.5199903365556293,1.0,32.58571428571429,22.785714285714285,99.0,28.240000000000002,27.95519152270361,0.037965859399843316,-11.524999999999997,-27.240000000000002,-0.7601916838139486,0
Koforidua,Eastern,2021-12-26,0.4414790317117781,0.30000000000000004,33.98571428571429,21.514285714285712,89.85714285714286,31.8,29.27003287538288,-0.06585601837723681,-4.599999999999996,-31.5,-1.2599874478565742,1
Koforidua,Eastern,2022-01-02,0.3137219010337028,9.2,33.22857142857143,22.985714285714288,98.85714285714286,26.34,30.584874228062148,-0.15470132664144487,5.775000000000003,-17.14,-1.3426806839444674,1
Koforidua,Eastern,2022-01-09,0.40690816158743676,10.0,33.58571428571428,22.957142857142856,98.57142857142857,27.03,28.51385686886647,-0.013616696134700013,4.8750000000000036,-17.03,-1.2450380191827042,0
Koforidua,Eastern,2022-01-16,0.4082696205658104,0.7,34.5,23.185714285714287,98.42857142857143,28.14,29.646310393007298,0.015674941841128387,-4.349999999999996,-27.44,-1.2477316099347528,0
Koforidua,Eastern,2022-01-23,0.409631079544184,0.2,34.07142857142857,21.728571428571428,88.57142857142857,33.68,30.77876391714813,0.02499838886140049,-4.824999999999996,-33.48,-1.2743981583800346,0
Koforidua,Eastern,2022-01-30,0.404072113283498,0.2,35.31428571428571,21.514285714285712,95.85714285714286,35.82,31.09091774191512,-0.0031481304617342887,-2.574999999999996,-35.62,-1.523285943869329,0
Koforidua,Eastern,2022-02-06,0.3504068663846197,3.2,35.31428571428571,21.599999999999998,94.0,32.69,30.100237460349604,-0.042688053559908345,2.1250000000000036,-29.49,-1.6910966477219591,0
Koforidua,Eastern,2022-02-13,0.274716251839624,11.100000000000001,34.58571428571428,23.67142857142857,98.28571428571429,29.25,30.039239596102675,-0.08499032592335742,7.425000000000004,-18.15,-1.5659793572893,1
Koforidua,Eastern,2022-02-20,0.3222115805344941,25.6,33.528571428571425,22.87142857142857,99.0,27.310000000000002,28.321383555471755,-0.015640122476064888,15.575000000000003,-1.7100000000000009,-1.138102466326373,0
Koforidua,Eastern,2022-02-27,0.3697069092293642,5.6,33.72857142857143,23.542857142857144,98.71428571428571,30.3,29.663476764199743,0.040446507232338724,-5.774999999999997,-24.700000000000003,-0.9910324112645172,0
Koforidua,Eastern,2022-03-06,0.45665104509941346,21.9,33.471428571428575,22.814285714285713,99.0,29.2,28.31342588331546,0.10082959842368949,5.850000000000001,-7.300000000000001,-0.6921785173247204,0
Koforidua,Eastern,2022-03-13,0.5110500423222616,10.299999999999999,33.528571428571425,23.914285714285715,98.0,29.07,28.15909491394038,0.09614514802587826,-5.549999999999997,-18.770000000000003,-0.7005286486560711,0
Koforidua,Eastern,2022-03-20,0.5654490395451097,25.4,33.614285714285714,23.62857142857143,98.0,27.97,28.004763944565298,0.08973478049607247,9.600000000000003,-2.5700000000000003,-0.7121110888898803,0
Koforidua,Eastern,2022-03-27,0.4854500607350994,28.1,33.32857142857143,23.685714285714287,98.14285714285714,28.11,29.450425960900414,-0.01919998619037161,6.675000000000004,-0.00999999999999801,-0.3795873105494754,0
Koforidua,Eastern,2022-04-03,0.4717145069135305,25.3,33.07142857142857,24.02857142857143,98.0,28.82,30.423521739733133,-0.036701405465469794,3.0250000000000057,-3.5199999999999996,-0.3286784453357561,0
Koforidua,Eastern,2022-04-10,0.4579789530919617,15.6,32.77142857142857,23.24285714285714,99.28571428571429,28.89,29.216819484240773,-0.03716918697946364,-7.999999999999998,-13.290000000000001,-0.25487405872962327,0
Koforidua,Eastern,2022-04-17,0.4442433992703928,30.2,32.25714285714286,23.37142857142857,98.71428571428571,26.869999999999997,31.22814586733938,-0.02060333073235332,5.400000000000002,3.330000000000002,-0.17541313154418828,0
Koforidua,Eastern,2022-04-24,0.46830072332197803,27.4,31.728571428571428,23.057142857142857,99.14285714285714,27.82,30.093144068487902,0.007741327672512233,2.775000000000002,-0.4200000000000017,-0.18093499258588805,0
Koforidua,Eastern,2022-05-01,0.4923580473735633,29.8,31.314285714285713,22.457142857142856,98.85714285714286,27.65,28.958142269636426,0.026637766609089397,4.050000000000004,2.150000000000002,-0.10457169476530902,0
Koforidua,Eastern,2022-05-08,0.5164153714251485,33.6,31.285714285714285,22.37142857142857,99.14285714285714,25.69,27.823140470784953,0.03608598607737784,3.350000000000005,7.91,0.18094892495184706,0
Koforidua,Eastern,2022-05-15,0.5404726954767338,38.8,31.67142857142857,23.314285714285713,99.14285714285714,27.4,26.688138671933476,0.036085986077377896,6.400000000000006,11.399999999999999,0.2896353117970097,0
Koforidua,Eastern,2022-05-22,0.564530019528319,70.2,30.5,22.814285714285713,99.71428571428571,24.4,28.93456798392515,0.036085986077377896,27.10000000000001,45.800000000000004,0.912124134595451,0
Koforidua,Eastern,2022-05-29,0.5885873435799043,27.0,29.885714285714283,21.857142857142858,99.28571428571429,26.09,30.1721964167221,0.036085986077377896,-15.399999999999991,0.9100000000000001,0.8954238719327493,0
Koforidua,Eastern,2022-06-05,0.5850877284480946,51.0,30.457142857142856,21.87142857142857,99.71428571428571,25.31,28.09450697900678,0.015418281689831725,4.25,25.69,1.1348840897898735,0
Koforidua,Eastern,2022-06-12,0.5815881133162851,37.0,29.642857142857142,21.8,99.0,22.08,27.21033114473323,0.0016398120981343522,-9.299999999999997,14.920000000000002,1.1822912870259297,0
Koforidua,Eastern,2022-06-19,0.5780884981844755,71.4,28.357142857142858,21.557142857142857,98.14285714285714,19.73,24.94756229392999,-0.005249422697714445,24.80000000000001,51.67,1.2613481755985574,0
Koforidua,Eastern,2022-06-26,0.5745888830526659,56.599999999999994,28.914285714285715,21.457142857142856,99.42857142857143,21.34,26.37892357664901,-0.005249422697714334,2.5999999999999943,35.25999999999999,1.7239723872629118,0
Koforidua,Eastern,2022-07-03,0.5710892679208563,47.0,28.271428571428572,21.457142857142856,99.28571428571429,19.18,26.359987884357906,-0.005249422697714445,-6.0,27.82,1.7526591287722293,0
Koforidua,Eastern,2022-07-10,0.5675896527890467,58.0,29.12857142857143,21.614285714285717,98.85714285714286,22.83,26.3410521920668,-0.005249422697714445,-0.25,35.17,2.0253851924171546,0
Koforidua,Eastern,2022-07-17,0.5640900376572371,25.6,28.37142857142857,21.7,97.85714285714286,23.25,27.65014847244686,-0.005249422697714445,-21.199999999999996,2.3500000000000014,1.3611457129619593,0
Koforidua,Eastern,2022-07-24,0.5605904225254275,4.6,28.599999999999998,20.085714285714285,95.71428571428571,26.09,26.457288734935503,-0.005249422697714445,-29.199999999999996,-21.490000000000002,0.5968393370681573,0
Koforidua,Eastern,2022-07-31,0.5570908073936179,20.9,28.957142857142856,20.557142857142857,96.85714285714286,24.29,26.69843425605535,-0.005249422697714334,-6.375,-3.3900000000000006,0.17650450021096678,0
Koforidua,Eastern,2022-08-07,0.5535911922618083,4.3,27.82857142857143,18.842857142857145,98.57142857142857,22.84,29.426864292690823,-0.005249422697714334,-9.549999999999997,-18.54,-0.546859296251696,0
Koforidua,Eastern,2022-08-14,0.5500915771299987,10.7,28.62857142857143,21.114285714285717,96.85714285714286,22.72,29.260943396226423,-0.005249422697714445,0.5750000000000028,-12.02,-0.740393791786391,0
Koforidua,Eastern,2022-08-21,0.5465919619981892,21.5,28.914285714285715,20.87142857142857,98.57142857142857,23.34,28.864819140457257,-0.005249422697714334,7.150000000000004,-1.8399999999999999,-0.47574850039761185,0
Koforidua,Eastern,2022-08-28,0.5430923468663795,62.1,27.214285714285715,20.74285714285714,99.28571428571429,19.15,28.600680614946302,-0.005249422697714445,37.45,42.95,0.14835647685205852,0
Koforidua,Eastern,2022-09-04,0.5395927317345699,33.9,28.042857142857144,21.32857142857143,99.28571428571429,21.22,28.33654208943535,-0.005249422697714445,1.8500000000000014,12.68,0.5688259932468516,0
Koforidua,Eastern,2022-09-11,0.5360931166027604,10.4,28.25714285714286,21.542857142857144,97.85714285714286,22.9,28.072403563924397,-0.005249422697714334,-21.574999999999996,-12.499999999999998,0.5623613754419348,0
Koforidua,Eastern,2022-09-18,0.5325935014709507,41.4,28.32857142857143,21.3,98.85714285714286,22.31,27.808265038413445,-0.005249422697714334,4.450000000000003,19.09,0.8442456476438253,0
Koforidua,Eastern,2022-09-25,0.5290938863391411,46.0,28.400000000000002,21.542857142857144,100.0,20.79,27.54412651290249,-0.005249422697714445,13.075000000000003,25.21,0.6053241479371106,0
Koforidua,Eastern,2022-10-02,0.5255942712073316,45.2,27.37142857142857,21.2,99.42857142857143,17.54,29.720300593528638,-0.005249422697714334,9.450000000000003,27.660000000000004,0.807074095265554,0
Koforidua,Eastern,2022-10-09,0.522094656075522,22.6,29.157142857142855,21.599999999999998,99.42857142857143,24.38,26.759606522509785,-0.005249422697714445,-16.199999999999996,-1.7799999999999976,0.951450559575361,0
Koforidua,Eastern,2022-10-16,0.5185950409437123,44.900000000000006,29.085714285714285,21.485714285714288,99.71428571428571,24.740000000000002,27.535619048386632,-0.005249422697714445,5.2250000000000085,20.160000000000004,0.9658612700988214,0
Koforidua,Eastern,2022-10-23,0.5150954258119027,32.9,30.02857142857143,22.214285714285715,99.85714285714286,26.28,28.311631574263476,-0.005249422697714445,-3.5,6.619999999999997,0.7154920096959001,0
Koforidua,Eastern,2022-10-30,0.5115958106800932,31.3,30.657142857142855,22.542857142857144,100.0,28.32,29.087644100140324,-0.005249422697714334,-1.6249999999999964,2.9800000000000004,0.3831029108930976,0
Koforidua,Eastern,2022-11-06,0.5080961955482836,22.7,30.514285714285712,22.685714285714287,99.85714285714286,26.29,29.338806632208215,-0.005249422697714334,-10.250000000000004,-3.59,0.3587259145870574,0
Koforidua,Eastern,2022-11-13,0.5243882804793285,19.7,30.32857142857143,21.87142857142857,100.0,25.19,30.084272954578864,0.009594352349426516,-6.949999999999999,-5.490000000000002,0.013272900636819004,0
Koforidua,Eastern,2022-11-20,0.5406803654103733,1.9000000000000001,31.114285714285717,21.857142857142858,99.85714285714286,27.38,29.903106193683584,0.01949020238085364,-16.999999999999996,-25.48,-0.41904841506698803,0
Koforidua,Eastern,2022-11-27,0.5582831271169879,6.4,31.228571428571428,22.057142857142857,99.85714285714286,27.94,28.477968401654834,0.025421134978244497,-6.274999999999997,-21.54,-0.7492826412681515,0
Koforidua,Eastern,2022-12-04,0.5758858888236025,37.2,29.97142857142857,21.714285714285715,100.0,23.32,29.561581847363243,0.026076473366029473,20.900000000000006,13.880000000000003,-0.5139974890767025,0
Koforidua,Eastern,2022-12-11,0.5535403714450275,3.2,31.157142857142855,22.2,100.0,26.82,28.67230888801828,-0.0035570667539702727,-8.974999999999998,-23.62,-0.758171490749912,0
Koforidua,Eastern,2022-12-18,0.5311948540664525,7.3999999999999995,31.771428571428572,22.32857142857143,99.85714285714286,26.32,29.248541242780817,-0.023531206296565133,-6.149999999999998,-18.92,-0.6698217140827165,0
Koforidua,Eastern,2022-12-25,0.5005500237212697,0.3,32.17142857142857,20.814285714285713,94.85714285714286,28.990000000000002,29.82477359754336,-0.039742760792818355,-11.724999999999996,-28.69,-0.7661175834684555,0
Koforidua,Eastern,2023-01-01,0.4699051933760869,0.0,33.32857142857143,20.114285714285717,88.28571428571429,32.21,29.58967369738039,-0.04389241727612231,-2.7249999999999965,-32.21,-1.386855572278065,0
Koforidua,Eastern,2023-01-08,0.3546623234596593,0.0,33.84285714285714,20.900000000000002,90.28571428571429,31.29,29.648363558240433,-0.10941577519620777,-1.9249999999999963,-31.29,-1.4901547776191306,1
Koforidua,Eastern,2023-01-15,0.23941945354323174,0.3,34.25714285714286,22.714285714285715,99.71428571428571,30.75,29.707053419100475,-0.1517147949818301,0.15000000000000355,-30.45,-1.645440284474735,1
Koforidua,Eastern,2023-01-22,0.36168192604927396,1.9,34.471428571428575,22.942857142857143,99.0,29.11,30.17595862452447,0.005264701942210959,1.3500000000000036,-27.21,-1.6255077129095747,0
Koforidua,Eastern,2023-01-29,0.3695099348429969,15.9,32.17142857142857,22.657142857142855,98.85714285714286,24.37,30.854697392865035,0.03819152536920639,11.375000000000004,-8.47,-1.305778490641401,0
Koforidua,Eastern,2023-02-05,0.3773379436367198,6.6,33.55714285714286,22.985714285714288,99.28571428571429,27.8,30.122989169584,0.04035062911866416,0.4250000000000034,-21.200000000000003,-1.1698868372005473,0
Koforidua,Eastern,2023-02-12,0.3434198518094763,11.200000000000001,33.77142857142857,23.24285714285714,99.28571428571429,29.91,28.644019148451378,-0.01956756227514045,2.3000000000000043,-18.71,-1.0117730600552919,0
Koforidua,Eastern,2023-02-19,0.3662411270870914,0.8,35.471428571428575,23.099999999999998,92.57142857142857,34.980000000000004,26.06676044766573,0.0021139127430203075,-7.824999999999997,-34.18000000000001,-1.105644697764187,0
Koforidua,Eastern,2023-02-26,0.3890624023647065,8.2,35.74285714285714,23.728571428571428,97.71428571428571,32.18,31.275411645793557,0.02004707114020804,1.5000000000000018,-23.98,-1.3145326605855594,0
Koforidua,Eastern,2023-03-05,0.4118836776423216,12.8,33.91428571428572,23.5,98.85714285714286,28.83,31.13294333064715,0.03423191291642258,4.550000000000004,-16.029999999999998,-1.244903339645102,0
Koforidua,Eastern,2023-03-12,0.4119510101105389,29.2,32.05714285714286,23.557142857142857,98.14285714285714,22.3,30.99047501550075,0.017166455809374315,16.450000000000003,6.899999999999999,-0.8999890438452731,0
Koforidua,Eastern,2023-03-19,0.4120183425787562,6.3,33.042857142857144,23.12857142857143,98.28571428571429,29.5,29.95448604770951,0.00578948440467536,-7.824999999999997,-23.2,-0.7521109115578025,0
Koforidua,Eastern,2023-03-26,0.41208567504697347,30.599999999999998,32.0,22.814285714285713,98.85714285714286,26.86,32.97700386299266,0.00010099870232588293,10.875000000000004,3.7399999999999984,-0.37877923332386076,0
Koforidua,Eastern,2023-04-02,0.4121530075151908,22.5,33.17142857142857,23.442857142857143,97.85714285714286,30.14,31.36694903259257,0.00010099870232593844,0.3500000000000014,-7.640000000000001,-0.2657831012754203,0
Koforidua,Eastern,2023-04-09,0.4122203399834081,25.2,32.6,23.228571428571428,98.28571428571429,29.37,28.797242692350835,0.00010099870232599395,4.050000000000004,-4.170000000000002,-0.41487334940131265,0
Koforidua,Eastern,2023-04-16,0.4122876724516254,39.8,33.0,23.228571428571428,98.85714285714286,29.1,30.37490415613252,0.00010099870232599395,10.275000000000002,10.699999999999996,0.04169028307093212,0
Koforidua,Eastern,2023-04-23,0.4378865698316213,11.5,32.32857142857143,23.657142857142855,97.0,28.310000000000002,31.386494780956355,0.019249672386159877,-13.249999999999993,-16.810000000000002,-0.23507616670206588,0
Koforidua,Eastern,2023-04-30,0.4634854672116171,45.7,31.271428571428572,23.042857142857144,98.42857142857143,24.759999999999998,29.62435224564865,0.032015454842049096,15.15000000000001,20.940000000000005,0.14983795176568518,0
Koforidua,Eastern,2023-05-07,0.489084364591613,17.8,31.914285714285715,22.8,99.14285714285714,30.89,27.86220971034095,0.03839834606999376,-10.899999999999995,-13.09,0.029703804224315754,0
Koforidua,Eastern,2023-05-14,0.5146832619716089,16.9,32.22857142857143,23.7,98.0,29.71,29.536898660997338,0.03839834606999376,-6.074999999999999,-12.810000000000002,-0.2869277886790021,0
Koforidua,Eastern,2023-05-21,0.48349731328479584,26.599999999999998,30.771428571428572,23.157142857142855,99.0,22.93,27.987368141357763,-0.004190288480112825,-0.14999999999999858,3.669999999999998,-0.01110409566922114,0
Koforidua,Eastern,2023-05-28,0.4523113645979829,45.1,30.54285714285714,23.171428571428574,99.42857142857143,22.2,28.39986827248788,-0.03258271151351727,18.500000000000007,22.900000000000002,0.015293093700855517,0
Koforidua,Eastern,2023-06-04,0.45520618451474065,35.5,30.042857142857144,22.785714285714285,99.42857142857143,23.0,26.05376317330212,-0.021218346577541403,4.475000000000001,12.5,0.3599380304254792,0
Koforidua,Eastern,2023-06-11,0.4581010044314984,65.7,28.914285714285715,22.485714285714288,99.28571428571429,19.7,27.21738744086832,-0.004177962275756009,22.47500000000001,46.0,1.1519883910653823,0
Koforidua,Eastern,2023-06-18,0.4609958243482562,28.6,30.185714285714287,21.74285714285714,96.85714285714286,26.87,27.194161622308865,0.004342229875136605,-15.124999999999993,1.7300000000000004,1.1258605607705106,0
Koforidua,Eastern,2023-06-25,0.46389064426501403,73.0,27.957142857142856,21.985714285714288,98.71428571428571,19.08,27.170935803749416,0.004342229875136716,22.300000000000004,53.92,1.543636486413255,0
Koforidua,Eastern,2023-07-02,0.4667854641817718,41.2,28.442857142857143,21.47142857142857,97.42857142857143,21.33,27.147709985189962,0.004342229875136661,-10.924999999999997,19.870000000000005,1.6428953056262474,0
Koforidua,Eastern,2023-07-09,0.4696802840985296,36.3,28.885714285714283,22.02857142857143,99.42857142857143,22.21,27.12448416663051,0.004342229875136661,-8.474999999999994,14.089999999999996,1.2131329011368868,0
Koforidua,Eastern,2023-07-16,0.47257510401528735,57.6,28.585714285714285,21.885714285714283,99.14285714285714,21.240000000000002,26.410481725034455,0.004342229875136661,5.57500000000001,36.36,1.6795281398541089,0
Koforidua,Eastern,2023-07-23,0.4754699239320451,44.4,29.099999999999998,22.071428571428573,99.28571428571429,21.18,25.85312634271105,0.004342229875136661,-0.4749999999999943,23.22,1.2660619594146423,0
Koforidua,Eastern,2023-07-30,0.4783647438488029,28.7,28.457142857142856,22.285714285714285,99.0,21.62,26.3763967163614,0.004342229875136661,-13.049999999999986,7.079999999999998,1.0938068308211317,0
Koforidua,Eastern,2023-08-06,0.48125956376556067,30.599999999999998,28.25714285714286,21.914285714285715,98.57142857142857,22.03,26.899667090011746,0.004342229875136661,-9.72499999999999,8.569999999999997,1.019463726064589,0
Koforidua,Eastern,2023-08-13,0.4841543836823185,19.0,28.985714285714288,21.985714285714288,97.14285714285714,24.259999999999998,27.422937463662095,0.004342229875136716,-11.674999999999994,-5.259999999999998,0.4589274905632668,0
Koforidua,Eastern,2023-08-20,0.4870492035990763,73.4,28.442857142857143,21.457142857142856,99.71428571428571,20.14,27.946207837312443,0.004342229875136716,35.47500000000001,53.260000000000005,0.8635048215209729,0
Koforidua,Eastern,2023-08-27,0.48994402351583405,22.6,29.114285714285717,22.214285714285715,98.28571428571429,23.450000000000003,28.46947821096279,0.004342229875136716,-13.79999999999999,-0.8500000000000014,0.7567039482022443,0
Koforidua,Eastern,2023-09-03,0.4928388434325918,34.8,28.47142857142857,22.014285714285712,98.71428571428571,21.82,28.99274858461314,0.004342229875136661,-2.6499999999999986,12.979999999999997,0.8160976242849168,0
Koforidua,Eastern,2023-09-10,0.4957336633493496,54.9,29.3,21.62857142857143,99.0,22.98,29.516018958263487,0.004342229875136661,8.475000000000001,31.919999999999998,1.3168361450907593,0
Koforidua,Eastern,2023-09-17,0.49862848326610737,83.7,28.714285714285715,22.25714285714286,99.0,20.32,30.039289331913835,0.004342229875136716,34.70000000000001,63.38,1.4531318371444204,0
Koforidua,Eastern,2023-09-24,0.5015233031828652,26.7,28.928571428571427,21.914285714285715,99.71428571428571,23.04,29.93040669856464,0.004342229875136661,-23.324999999999992,3.66,1.5138723086031174,0
Koforidua,Eastern,2023-10-01,0.504418123099623,27.1,30.428571428571427,22.514285714285712,99.14285714285714,26.96,27.985446802225283,0.004342229875136661,-20.999999999999993,0.14000000000000057,1.3409437823215944,0
Koforidua,Eastern,2023-10-08,0.5073129430163807,45.9,29.542857142857144,22.47142857142857,99.85714285714286,25.0,27.83348511641617,0.004342229875136661,0.05000000000000426,20.9,1.1925269318837144,0
Koforidua,Eastern,2023-10-15,0.5102077629331385,49.199999999999996,29.8,22.271428571428572,99.71428571428571,23.44,28.51498145737554,0.004342229875136661,11.975000000000001,25.759999999999994,0.6858625114233649,0
Koforidua,Eastern,2023-10-22,0.4752779219749364,34.1,30.285714285714285,22.142857142857142,99.85714285714286,26.63,29.19647779833491,-0.0240262657810833,-4.974999999999987,7.470000000000002,0.7371754152498915,0
Koforidua,Eastern,2023-10-29,0.4403480810167342,14.9,30.142857142857142,22.47142857142857,99.85714285714286,25.36,27.437704144948952,-0.04293859621856322,-21.124999999999993,-10.459999999999999,0.5944151053913135,0
Koforidua,Eastern,2023-11-05,0.4054182400585321,10.9,30.771428571428572,22.52857142857143,99.85714285714286,27.299999999999997,27.3588085735704,-0.05239476143730326,-16.374999999999993,-16.4,0.09206043013424176,0
Koforidua,Eastern,2023-11-12,0.4993488347016738,23.5,30.900000000000002,22.82857142857143,99.85714285714286,26.25,28.914880159423603,0.04425056526370469,2.6500000000000057,-2.75,-0.29191093157029213,0
Koforidua,Eastern,2023-11-19,0.4147334242746195,18.0,31.12857142857143,22.5,99.85714285714286,27.19,28.91373880010497,-0.02522872073827037,1.1750000000000078,-9.190000000000001,-0.516287041215944,0
Koforidua,Eastern,2023-11-26,0.4446340006124238,41.5,30.642857142857142,22.900000000000002,99.42857142857143,24.939999999999998,26.951404404420373,0.0036003757006115022,18.025000000000006,16.560000000000002,-0.15238293061417243,0
Koforidua,Eastern,2023-12-03,0.47453457695022816,7.2,31.0,22.2,99.71428571428571,27.05,28.89966674670501,0.01622186781549184,-15.34999999999999,-19.85,-0.19884737108701156,0
Koforidua,Eastern,2023-12-10,0.5044351532880325,2.0,31.957142857142856,22.400000000000002,99.85714285714286,27.57,28.814215521490354,0.0448508645067065,-15.17499999999999,-25.57,-0.5061860758957616,0
Koforidua,Eastern,2023-12-17,0.5343357296258368,0.2,32.68571428571429,21.514285714285712,93.0,30.240000000000002,28.7287642962757,0.044850864506706445,-12.524999999999991,-30.040000000000003,-0.7869929117968325,0
Koforidua,Eastern,2023-12-24,0.5084658752272422,0.0,33.91428571428571,21.057142857142857,93.71428571428571,31.86,28.93984443124532,0.003023041454407238,-2.349999999999991,-31.86,-1.439111232867809,0
Koforidua,Eastern,2023-12-31,0.3346425134839473,0.4,34.114285714285714,23.014285714285712,98.85714285714286,29.580000000000002,30.120614566088307,-0.13582730442231733,-0.24999999999999112,-29.180000000000003,-1.5647672414508782,1
Kumasi,Ashanti,2019-01-06,0.203515487400668,0.0,34.36666666666667,21.46666666666667,92.16666666666667,27.7,32.979729285678275,0.0,0.0,-27.7,-0.5662258316246918,0
Kumasi,Ashanti,2019-01-13,0.20135402070569164,5.5,34.05714285714286,22.314285714285713,96.42857142857143,28.85,31.60667888377748,-0.0010807333474881775,2.75,-23.35,-0.815264607017268,0
Kumasi,Ashanti,2019-01-20,0.1991925540107153,9.6,32.57142857142857,23.514285714285712,96.85714285714286,24.19,34.80813482634858,-0.0021614666949763273,4.566666666666666,-14.590000000000002,-0.9708738461169548,0
Kumasi,Ashanti,2019-01-27,0.19703108731573896,3.9,33.5,22.67142857142857,97.42857142857143,29.349999999999998,33.88662518348349,-0.0032422000424645325,-0.8500000000000001,-25.45,-1.2423101130865937,0
Kumasi,Ashanti,2019-02-03,0.20156430161378464,10.4,32.5,23.47142857142857,96.71428571428571,25.03,33.0718611905379,0.0017788107023019861,3.0500000000000007,-14.63,-1.1029123916998282,0
Kumasi,Ashanti,2019-02-10,0.2060975159118303,12.1,32.74285714285714,23.428571428571427,98.42857142857143,26.36,31.863069106718623,0.005126151198812989,3.0999999999999996,-14.26,-1.0059632495876862,0
Kumasi,Ashanti,2019-02-17,0.20011373007503241,0.0,35.114285714285714,23.32857142857143,95.42857142857143,33.29,32.789305141297206,-0.001087928654064152,-6.6,-33.29,-1.2054075793453383,0
Kumasi,Ashanti,2019-02-24,0.20661490140183747,14.0,34.15714285714286,24.214285714285715,94.85714285714286,29.15,33.715541175875785,0.003017289151216296,4.875,-15.149999999999999,-1.0955532158959362,0
Kumasi,Ashanti,2019-03-03,0.21311607272864252,5.5,33.94285714285714,23.400000000000002,92.71428571428571,28.490000000000002,36.03409205803558,0.006630517699306837,-2.4000000000000004,-22.990000000000002,-1.1847165633170043,0
Kumasi,Ashanti,2019-03-10,0.21540091326031216,34.6,33.857142857142854,23.814285714285713,95.0,28.82,35.42798771548462,0.006589508893856039,21.075000000000003,5.780000000000001,-0.9709805008387504,0
Kumasi,Ashanti,2019-03-17,0.2176857537919818,18.4,33.471428571428575,23.8,97.0,29.23,31.95984111242865,0.004481343496288315,0.2749999999999986,-10.830000000000002,-0.7314339956859768,0
Kumasi,Ashanti,2019-03-24,0.2235894386988024,16.1,31.52857142857143,23.75714285714286,98.0,25.58,36.22074389565756,0.006141394078867685,-2.549999999999997,-9.479999999999997,-0.6709607684279079,0
Kumasi,Ashanti,2019-03-31,0.229493123605623,38.5,32.300000000000004,23.7,97.85714285714286,27.39,35.32248303279863,0.007950816266443173,11.600000000000001,11.11,-0.30726816710513055,0
Kumasi,Ashanti,2019-04-07,0.2353968085124436,30.200000000000003,32.84285714285714,23.885714285714283,97.57142857142857,28.759999999999998,34.792684394115724,0.008855527360230903,4.399999999999999,1.4400000000000048,-0.35355631636439305,0
Kumasi,Ashanti,2019-04-14,0.23705589436113625,39.6,31.47142857142857,23.25714285714286,99.14285714285714,25.98,33.695351739094036,0.005672078066634945,8.5,13.620000000000001,-0.09278552157430785,0
Kumasi,Ashanti,2019-04-21,0.23871498020982893,18.0,32.142857142857146,23.414285714285715,99.28571428571429,30.61,32.59801908407235,0.0035497785375709634,-13.575000000000003,-12.61,-0.1261684494963106,0
Kumasi,Ashanti,2019-04-28,0.24037406605852157,21.1,31.285714285714285,23.585714285714285,99.28571428571429,26.8,33.828711650516766,0.0024886287730389867,-6.125,-5.699999999999999,-0.3054550368346064,0
Kumasi,Ashanti,2019-05-05,0.24203315190721425,41.199999999999996,31.185714285714287,23.914285714285715,98.85714285714286,27.11,32.87303988681496,0.0024886287730389867,11.224999999999998,14.089999999999996,-0.1705368137632536,0
Kumasi,Ashanti,2019-05-12,0.2436922377559069,31.3,31.771428571428572,23.385714285714283,99.14285714285714,29.16,31.917368123113153,0.0024886287730389867,3.400000000000002,2.1400000000000006,-0.2929764343845288,0
Kumasi,Ashanti,2019-05-19,0.24535132360459955,20.2,30.342857142857145,23.25714285714286,99.42857142857143,25.75,30.96169635941135,0.0024886287730389867,-8.25,-5.550000000000001,-0.2176782007968805,0
Kumasi,Ashanti,2019-05-26,0.24701040945329222,36.699999999999996,30.400000000000002,23.185714285714287,98.85714285714286,25.0,30.02369235519737,0.0024886287730389867,4.350000000000001,11.699999999999996,-0.032098984872648104,0
Kumasi,Ashanti,2019-06-02,0.24866949530198487,34.3,29.5,22.914285714285715,98.28571428571429,22.29,29.08568835098339,0.0024886287730389867,3.674999999999997,12.009999999999998,-0.05428316700611954,0
Kumasi,Ashanti,2019-06-09,0.2503285811506775,125.0,28.914285714285715,22.599999999999998,97.71428571428571,21.71,27.11517750882507,0.0024886287730389867,70.95,103.28999999999999,1.024529343955726,0
Kumasi,Ashanti,2019-06-16,0.2519876669993702,50.9,27.7,22.32857142857143,98.14285714285714,18.4,25.14466666666675,0.0024886287730390144,-10.825000000000003,32.5,1.4303505603877398,0
Kumasi,Ashanti,2019-06-23,0.2536467528480629,11.3,29.485714285714288,22.7,97.71428571428571,24.31,32.09544602161748,0.0024886287730390144,-44.075,-13.009999999999998,1.1668067428309707,0
Kumasi,Ashanti,2019-06-30,0.2553058386967555,43.9,28.3,21.985714285714288,98.42857142857143,22.53,32.17390980863581,0.0024886287730390144,-13.875000000000007,21.369999999999997,1.2666355624315921,0
Kumasi,Ashanti,2019-07-07,0.25696492454544817,45.8,29.028571428571432,22.614285714285717,97.57142857142857,22.53,32.31902538055241,0.0024886287730390144,7.824999999999996,23.269999999999996,0.41318447862371427,0
Kumasi,Ashanti,2019-07-14,0.25862401039414085,44.0,27.314285714285713,21.685714285714287,98.14285714285714,19.060000000000002,32.464140952469,0.0024886287730390144,7.75,24.939999999999998,0.3325535089462891,0
Kumasi,Ashanti,2019-07-21,0.2602830962428335,47.1,27.7,21.7,98.71428571428571,18.81,32.6092565243856,0.0024886287730390144,1.8999999999999986,28.290000000000003,0.7730375099618523,0
Kumasi,Ashanti,2019-07-28,0.26194218209152614,40.8,28.3,21.87142857142857,97.85714285714286,22.71,32.75437209630219,0.002488628773038959,-3.625000000000007,18.089999999999996,0.7380547612129165,0
Kumasi,Ashanti,2019-08-04,0.2636012679402188,42.5,27.25714285714286,21.771428571428572,97.14285714285714,18.38,32.89948766821879,0.002488628773038959,-1.1000000000000085,24.12,0.7471204125655371,0
Kumasi,Ashanti,2019-08-11,0.2652603537889115,24.1,27.842857142857145,21.47142857142857,97.57142857142857,21.29,33.04460324013538,0.0024886287730390144,-14.525000000000006,2.8100000000000023,0.5110935132320162,0
Kumasi,Ashanti,2019-08-18,0.2669194396376041,15.3,28.12857142857143,21.614285714285717,96.57142857142857,22.56,33.18971881205198,0.002488628773038959,-15.375,-7.259999999999998,0.13193597724888614,0
Kumasi,Ashanti,2019-08-25,0.2685785254862968,47.5,28.17142857142857,21.928571428571427,97.14285714285714,21.54,33.33483438396858,0.0024886287730390144,15.149999999999999,25.96,0.21587324330197302,0
Kumasi,Ashanti,2019-09-01,0.27023761133498947,60.0,28.74285714285714,21.97142857142857,98.0,23.94,33.47994995588517,0.0024886287730390144,23.275,36.06,0.3432189811258428,0
Kumasi,Ashanti,2019-09-08,0.2718966971836821,115.5,27.8,22.185714285714287,98.85714285714286,17.97,33.625065527801766,0.002488628773038959,55.925,97.53,1.3534525059731588,0
Kumasi,Ashanti,2019-09-15,0.27355578303237477,62.50000000000001,28.17142857142857,22.099999999999998,98.42857142857143,20.99,33.77018109971836,0.002488628773038959,-8.874999999999993,41.510000000000005,1.873607584169987,0
Kumasi,Ashanti,2019-09-22,0.27521486888106744,65.5,29.057142857142857,22.457142857142856,98.57142857142857,22.39,33.915296671634955,0.0024886287730390144,-10.375,43.11,2.0565204320493313,0
Kumasi,Ashanti,2019-09-29,0.27687395472976006,49.7,29.142857142857142,22.52857142857143,99.0,23.24,34.060412243551546,0.002488628773038959,-23.599999999999994,26.460000000000004,1.9541318991256167,0
Kumasi,Ashanti,2019-10-06,0.27853304057845274,63.199999999999996,28.185714285714287,22.057142857142857,99.14285714285714,20.55,34.205527815468145,0.0024886287730390144,2.9749999999999943,42.64999999999999,1.3688107859117158,0
Kumasi,Ashanti,2019-10-13,0.2801921264271454,68.2,27.82857142857143,22.057142857142857,98.57142857142857,19.2,34.29108296573395,0.0024886287730390144,6.550000000000004,49.0,1.4486951725365724,0
Kumasi,Ashanti,2019-10-20,0.2818512122758381,53.1,28.814285714285713,22.414285714285715,99.71428571428571,22.21,34.376638115999754,0.0024886287730390144,-5.449999999999996,30.89,1.3183631025024274,0
Kumasi,Ashanti,2019-10-27,0.2835102981245307,49.1,29.37142857142857,22.3,99.57142857142857,22.68,34.46219326626556,0.002488628773038959,-9.300000000000004,26.42,1.317936483615245,0
Kumasi,Ashanti,2019-11-03,0.2851693839732234,53.0,29.32857142857143,21.857142857142858,99.71428571428571,22.490000000000002,30.664136258049385,0.002488628773038959,-2.8499999999999943,30.509999999999998,1.1884576513554646,0
Kumasi,Ashanti,2019-11-10,0.24904613906173723,13.2,30.657142857142855,22.87142857142857,99.85714285714286,25.93,36.58544158535966,-0.02584811929709513,-28.900000000000002,-12.73,0.5300780537116216,0
Kumasi,Ashanti,2019-11-17,0.2129228941502511,18.6,30.24285714285714,22.97142857142857,99.71428571428571,24.12,34.838403771295646,-0.04473928467718449,-14.875,-5.52,0.14174821165407547,0
Kumasi,Ashanti,2019-11-24,0.240607395139046,5.8,31.071428571428573,23.114285714285717,99.57142857142857,25.82,35.11158498053689,-0.006329057942018407,-16.849999999999998,-20.02,-0.3535563163643932,0
Kumasi,Ashanti,2019-12-01,0.168778092036055,0.7,32.7,23.24285714285714,100.0,27.67,35.384766189778134,-0.049060538060717335,-8.875,-26.970000000000002,-0.9666076572451333,0
Kumasi,Ashanti,2019-12-08,0.1973194275200944,22.900000000000002,31.5,23.142857142857142,99.28571428571429,24.38,33.62522091906402,-0.007587524691267222,10.900000000000002,-1.4799999999999969,-0.8466210952251555,0
Kumasi,Ashanti,2019-12-15,0.1379306830241876,3.8,30.87142857142857,22.5,99.57142857142857,24.35,30.71776990589001,-0.048228216405658164,-4.500000000000001,-20.55,-1.006923142083846,0
Kumasi,Ashanti,2019-12-22,0.1656241590686636,1.6,32.728571428571435,23.128571428571426,99.42857142857143,26.26,32.58649461604591,-0.0017889313435865695,-5.65,-24.66,-1.0564109329969746,0
Kumasi,Ashanti,2019-12-29,0.205620577973945,0.4,33.2,21.585714285714285,98.85714285714286,29.22,31.11853748546588,0.028996866077222377,-6.775,-28.82,-1.0761420565291488,0
Kumasi,Ashanti,2020-01-05,0.2413978111072142,0.0,32.75714285714286,20.485714285714288,68.85714285714286,37.339999999999996,31.00300591476679,0.053754503313711594,-1.45,-37.339999999999996,-1.4586058888879403,0
Kumasi,Ashanti,2020-01-12,0.19798719432039286,12.0,34.42857142857143,21.12857142857143,90.14285714285714,30.71,31.43739589539473,-0.004670241297161037,8.5,-18.71,-1.4389814200775617,0
Kumasi,Ashanti,2020-01-19,0.2063283366675216,0.8,35.4,22.428571428571427,91.57142857142857,32.95,31.48571356352068,-0.006505143349746806,-2.5,-32.150000000000006,-1.518865806702418,0
Kumasi,Ashanti,2020-01-26,0.19567832843242042,0.2,35.2,23.057142857142857,95.28571428571429,32.31,32.16570143066588,-0.014669589199466843,-3.05,-32.11,-1.5539552101731497,0
Kumasi,Ashanti,2020-02-02,0.18502832019731924,0.0,35.58571428571429,22.17142857142857,96.71428571428571,34.73,35.13909382741019,-0.01122722470709428,-3.25,-34.73,-1.5261183277845147,0
Kumasi,Ashanti,2020-02-09,0.1551958078323592,0.0,35.75714285714286,21.74285714285714,91.14285714285714,38.980000000000004,32.954949951974186,-0.03036189045004592,-0.25,-38.980000000000004,-1.7423074488640664,0
Kumasi,Ashanti,2020-02-16,0.128409625602553,0.4,36.3,22.8,89.42857142857143,37.19,30.77080607653818,-0.03766839491360996,0.25,-36.79,-1.7917952397771948,0
Kumasi,Ashanti,2020-02-23,0.1339879839119433,4.5,36.75714285714286,25.0,90.85714285714286,33.480000000000004,33.421884636772745,-0.01666745047410037,3.275,-28.980000000000004,-1.7584123118551915,0
Kumasi,Ashanti,2020-03-01,0.1395663422213336,1.2000000000000002,37.01428571428572,25.071428571428573,92.0,35.97,34.741096911057014,0.00027640232928632935,-0.32499999999999996,-34.769999999999996,-1.758838930742374,0
Kumasi,Ashanti,2020-03-08,0.1451447005307239,42.800000000000004,34.25714285714286,24.214285714285715,97.0,26.68,27.04864730290467,0.008367537464085445,30.575000000000003,16.120000000000005,-1.171171413648971,0
Kumasi,Ashanti,2020-03-15,0.1507230588401142,43.4,32.72857142857143,24.071428571428573,97.57142857142857,25.77,30.82469684385376,0.008367537464085445,20.424999999999997,17.63,-0.590756417637665,0
Kumasi,Ashanti,2020-03-22,0.1563014171495045,18.9,33.08571428571428,24.2,96.57142857142857,29.48,37.59952504928975,0.008367537464085445,-7.675000000000004,-10.580000000000002,-0.39451172953387886,0
Kumasi,Ashanti,2020-03-29,0.1618797754588948,47.3,31.442857142857143,23.157142857142855,98.28571428571429,26.64,29.07406036048627,0.008367537464085445,9.199999999999996,20.659999999999997,0.19667539337877643,0
Kumasi,Ashanti,2020-04-05,0.16745813376828508,5.7,32.6,23.428571428571427,97.42857142857143,29.41,31.342590730015615,0.008367537464085445,-23.124999999999996,-23.71,-0.22813036353284305,0
Kumasi,Ashanti,2020-04-12,0.17303649207767538,58.0,32.15714285714286,23.357142857142858,97.71428571428571,27.77,33.61112109954496,0.008367537464085445,25.525,30.23,-0.09374541407046781,0
Kumasi,Ashanti,2020-04-19,0.17861485038706568,29.7,31.8,23.67142857142857,98.42857142857143,28.64,35.45336834313861,0.008367537464085445,-5.474999999999998,1.0599999999999987,0.030400682099535958,0
Kumasi,Ashanti,2020-04-26,0.18419320869645597,20.6,31.142857142857142,23.428571428571427,97.42857142857143,27.8,35.724904453768886,0.008367537464085445,-7.900000000000002,-7.199999999999999,-0.26673937282282695,0
Kumasi,Ashanti,2020-05-03,0.18977156700584627,20.599999999999998,32.75714285714286,23.342857142857145,98.0,32.42,33.93095298602276,0.008367537464085445,-11.625000000000004,-11.820000000000004,-0.13992690860793483,0
Kumasi,Ashanti,2020-05-10,0.19534992531523654,23.4,32.27142857142857,23.857142857142858,98.42857142857143,29.15,36.29588583802001,0.008367537464085417,-0.17500000000000426,-5.75,-0.523670597628273,0
Kumasi,Ashanti,2020-05-17,0.20092828362462684,42.9,31.228571428571428,23.24285714285714,98.14285714285714,28.62,36.12454214592276,0.008367537464085417,16.025,14.279999999999998,-0.3826730554145746,0
Kumasi,Ashanti,2020-05-24,0.20650664193401713,10.7,31.314285714285713,23.428571428571427,98.0,27.14,34.02284962724059,0.008367537464085417,-13.7,-16.44,-0.48122201835364964,0
Kumasi,Ashanti,2020-05-31,0.21208500024340743,38.6,29.900000000000002,23.0,99.57142857142857,22.509999999999998,34.22789263168586,0.008367537464085445,9.700000000000003,16.090000000000003,-0.18354868982230896,0
Kumasi,Ashanti,2020-06-07,0.21766335855279773,15.2,30.214285714285715,23.099999999999998,98.71428571428571,24.85,34.432935636131134,0.008367537464085445,-11.649999999999999,-9.650000000000002,-0.225144031322568,0
Kumasi,Ashanti,2020-06-14,0.22324171686218802,74.7,29.32857142857143,22.357142857142858,98.57142857142857,21.75,34.63797864057641,0.008367537464085417,39.900000000000006,52.95,0.18728977786076934,0
Kumasi,Ashanti,2020-06-21,0.22882007517157832,38.5,28.957142857142856,22.67142857142857,98.0,21.48,34.84302164502168,0.008367537464085417,-3.25,17.02,0.5441564769886323,0
Kumasi,Ashanti,2020-06-28,0.23439843348096862,43.4,28.885714285714283,22.285714285714285,98.28571428571429,23.5,27.27000000000004,0.008367537464085445,0.45000000000000284,19.9,0.5847919259927316,0
Kumasi,Ashanti,2020-07-05,0.2399767917903589,35.3,26.614285714285717,22.185714285714287,97.85714285714286,16.31,27.98861993822126,0.008367537464085445,-12.675000000000004,18.99,0.8902510492151463,0
Kumasi,Ashanti,2020-07-12,0.2455551500997492,57.2,27.728571428571428,22.0,97.85714285714286,18.8,28.70723987644248,0.008367537464085417,13.600000000000001,38.400000000000006,0.7350684290026416,0
Kumasi,Ashanti,2020-07-19,0.2511335084091395,18.5,27.557142857142857,21.428571428571427,97.0,19.81,29.425859814663696,0.008367537464085417,-20.1,-1.3099999999999987,0.5395703239514243,0
Kumasi,Ashanti,2020-07-26,0.2567118667185298,25.0,28.085714285714285,21.8,96.0,21.06,30.144479752884916,0.008367537464085445,-9.0,3.9400000000000013,0.36934938796574907,0
Kumasi,Ashanti,2020-08-02,0.2622902250279201,27.0,28.571428571428573,21.457142857142856,95.85714285714286,23.3,30.863099691106136,0.008367537464085473,-4.925000000000004,3.6999999999999993,0.2062743183403747,0
Kumasi,Ashanti,2020-08-09,0.2678685833373104,5.1,28.62857142857143,19.67142857142857,96.57142857142857,27.44,31.581719629327356,0.008367537464085473,-13.799999999999999,-22.340000000000003,-0.44154646184571034,0
Kumasi,Ashanti,2020-08-16,0.26380979722462744,18.8,28.842857142857145,21.314285714285713,94.71428571428571,24.29,32.300339567548576,0.0011396791475304924,-0.1750000000000007,-5.489999999999998,-0.48612813555624423,0
Kumasi,Ashanti,2020-08-23,0.2597510111119445,13.7,29.428571428571427,21.814285714285713,95.14285714285714,23.98,31.760304128935758,-0.0036788930635061057,-2.4499999999999993,-10.280000000000001,-0.6377911499494964,0
Kumasi,Ashanti,2020-08-30,0.25569222499926153,10.6,29.057142857142857,21.47142857142857,96.0,23.54,31.22026869032294,-0.0060881791690244325,-1.4499999999999993,-12.94,-0.815264607017268,0
Kumasi,Ashanti,2020-09-06,0.2516334388865786,20.3,29.214285714285715,22.17142857142857,94.42857142857143,22.95,30.68023325171012,-0.0060881791690244325,4.450000000000001,-2.6499999999999986,-0.6052614598018579,0
Kumasi,Ashanti,2020-09-13,0.24757465277389565,38.0,28.342857142857145,22.25714285714286,97.0,20.419999999999998,30.140197813097302,-0.006088179169024405,17.35,17.580000000000002,-0.35920901661955645,0
Kumasi,Ashanti,2020-09-20,0.2435158666612127,23.5,28.271428571428572,21.957142857142856,98.28571428571429,20.35,29.600162374484484,-0.006088179169024405,0.3999999999999986,3.1499999999999986,-0.21597172524815184,0
Kumasi,Ashanti,2020-09-27,0.23945708054852974,45.699999999999996,29.342857142857145,22.042857142857144,98.57142857142857,22.64,29.060126935871665,-0.0060881791690244325,13.824999999999996,23.059999999999995,0.1679852732157773,0
Kumasi,Ashanti,2020-10-04,0.23539829443584678,53.3,28.728571428571428,21.857142857142858,98.85714285714286,22.62,28.520091497258846,-0.00608817916902446,13.174999999999997,30.679999999999996,0.5234654609602983,0
Kumasi,Ashanti,2020-10-11,0.23133950832316386,67.4,28.52857142857143,22.0,99.14285714285714,21.72,27.980056058646028,-0.0060881791690244325,19.92500000000001,45.68000000000001,0.8231652292057542,0
Kumasi,Ashanti,2020-10-18,0.2272807222104809,41.8,29.37142857142857,21.985714285714288,99.14285714285714,24.55,30.720791610526447,-0.0060881791690244325,-10.25,17.249999999999996,0.9735483869374597,0
Kumasi,Ashanti,2020-10-25,0.22322193609779795,11.9,29.900000000000002,22.74285714285714,99.28571428571429,24.97,33.46152716240687,-0.0060881791690244325,-31.700000000000003,-13.069999999999999,0.5882048770901888,0
Kumasi,Ashanti,2020-11-01,0.219163149985115,22.6,30.52857142857143,22.7,99.85714285714286,27.119999999999997,34.2499008289488,-0.0060881791690244325,-13.324999999999996,-4.519999999999996,0.21278025636990255,0
Kumasi,Ashanti,2020-11-08,0.1480982473974504,26.7,30.885714285714283,23.057142857142857,99.42857142857143,26.4,35.49334317042764,-0.056342766525260685,0.9499999999999993,0.3000000000000007,-0.2712188711382394,0
Kumasi,Ashanti,2020-11-15,0.0770333448097858,28.900000000000002,31.114285714285717,22.37142857142857,99.71428571428571,27.38,34.92470511304691,-0.08984582476275149,6.3750000000000036,1.5200000000000031,-0.4389867485226172,0
Kumasi,Ashanti,2020-11-22,0.235508619694273,10.6,30.514285714285712,22.67142857142857,99.57142857142857,25.43,34.35606705566619,0.06555777922261696,-11.6,-14.83,-0.45775797955863157,0
Kumasi,Ashanti,2020-11-29,0.23725477318123694,19.599999999999998,30.099999999999998,22.571428571428573,99.0,23.05,30.905992594247778,0.0627810269105504,-1.8500000000000014,-3.450000000000003,-0.4463459243265093,0
Kumasi,Ashanti,2020-12-06,0.23900092666820089,3.1,31.25714285714286,23.057142857142857,98.14285714285714,25.25,32.44884763156563,0.04180151057982673,-12.45,-22.15,-0.6857857747574874,0
Kumasi,Ashanti,2020-12-13,0.24074708015516486,51.7,30.842857142857145,22.614285714285717,99.28571428571429,21.37,32.04348599170635,0.0026192302304459403,30.450000000000003,30.330000000000002,-0.3785135212645485,0
Kumasi,Ashanti,2020-12-20,0.2424932336421288,45.6,30.357142857142858,22.457142857142856,99.57142857142857,21.46,31.82196552247109,0.0026192302304459125,15.600000000000001,24.14,0.03711992957265482,0
Kumasi,Ashanti,2020-12-27,0.1783365170187351,19.7,30.842857142857145,22.728571428571428,99.57142857142857,23.04,31.27890382906395,-0.04680792235232231,-10.325000000000003,-3.34,0.03829313151240575,0
Kumasi,Ashanti,2021-01-03,0.16690812219026613,0.5,32.44285714285714,23.042857142857144,98.42857142857143,27.29,30.32024423985922,-0.04021311606130759,-28.875,-26.79,-0.011194659400722869,0
Kumasi,Ashanti,2021-01-10,0.15547972736179716,9.299999999999999,31.61428571428571,23.014285714285712,98.28571428571429,23.75,30.863317811408592,-0.03032467269143463,-9.475,-14.450000000000001,-0.48879450360113263,0
Kumasi,Ashanti,2021-01-17,0.14405133253332816,1.8,32.542857142857144,22.685714285714287,98.85714285714286,26.68,29.824637783731987,-0.017142592242703453,-6.0249999999999995,-24.88,-1.0116159498428494,0
Kumasi,Ashanti,2021-01-24,0.1326229377048592,6.6000000000000005,32.94285714285714,22.028571428571432,96.0,28.46,31.058995247965328,-0.017142592242703453,2.0500000000000007,-21.86,-1.2091404946081818,0
Kumasi,Ashanti,2021-01-31,0.1972905698120009,2.5999999999999996,33.81428571428571,22.52857142857143,98.28571428571429,29.4,32.29335271219867,0.03992942795900453,-2.4749999999999996,-26.799999999999997,-1.2092471493299775,0
Kumasi,Ashanti,2021-02-07,0.13497187507656522,2.6,34.07142857142857,23.771428571428572,95.85714285714286,29.189999999999998,32.44733102472071,-0.01726230370512316,-0.7999999999999998,-26.589999999999996,-1.338725981589758,0
Kumasi,Ashanti,2021-02-14,0.0726531803411295,6.0,34.75714285714286,23.857142857142858,95.14285714285714,31.48,31.35260916263894,-0.06173146039250921,1.5500000000000007,-25.48,-1.34512526489749,1
Kumasi,Ashanti,2021-02-21,0.08549931478623365,18.8,32.58571428571428,22.942857142857143,98.42857142857143,28.6,32.99072064101921,-0.03710442021774865,11.3,-9.8,-1.2164996704120739,0
Kumasi,Ashanti,2021-02-28,0.09834544923133781,1.1,34.24285714285715,22.957142857142856,94.28571428571429,32.78,32.69872112384627,0.0004779943725212732,-6.025,-31.68,-1.2685471746482953,0
Kumasi,Ashanti,2021-03-07,0.11119158367644197,13.9,34.357142857142854,24.014285714285712,94.85714285714286,30.21,33.59799340979663,0.019269201667656236,3.950000000000001,-16.310000000000002,-1.1589061206424844,0
Kumasi,Ashanti,2021-03-14,0.12403771812154613,38.4,32.1,23.657142857142855,97.42857142857143,24.3,35.14664183984894,0.019269201667656236,20.349999999999998,14.099999999999998,-0.7367667317757536,0
Kumasi,Ashanti,2021-03-21,0.13688385256665028,25.7,31.942857142857147,22.87142857142857,96.14285714285714,27.79,34.71609074955896,0.01926920166765625,5.924999999999997,-2.09,-0.6545359412713954,0
Kumasi,Ashanti,2021-03-28,0.14972998701175444,25.8,32.07142857142857,22.714285714285715,98.0,29.23,34.28553965926898,0.01926920166765625,-0.14999999999999858,-3.4299999999999997,-0.3532363521990065,0
Kumasi,Ashanti,2021-04-04,0.1625761214568586,4.699999999999999,33.48571428571428,23.599999999999998,97.14285714285714,32.01,30.46148388322769,0.01926920166765625,-18.950000000000003,-27.31,-0.4705565461740959,0
Kumasi,Ashanti,2021-04-11,0.17542225590196275,13.9,33.65714285714286,23.885714285714283,97.14285714285714,30.580000000000002,33.63503196371994,0.01926920166765622,-3.6249999999999982,-16.68,-0.7988397798607554,0
Kumasi,Ashanti,2021-04-18,0.1882683903470669,21.1,33.9,23.857142857142858,96.71428571428571,31.98,31.83774133083415,0.01926920166765622,4.725000000000001,-10.879999999999999,-0.8925892803190313,0
Kumasi,Ashanti,2021-04-25,0.20111452479217107,36.0,32.8,23.52857142857143,98.28571428571429,30.18,33.8011652846699,0.01926920166765622,17.075,5.82,-0.7939336626581608,0
Kumasi,Ashanti,2021-05-02,0.21396065923727522,19.6,33.357142857142854,24.0,97.57142857142857,32.64,35.76458923850564,0.01926920166765625,-3.049999999999997,-13.04,-0.641737374655931,0
Kumasi,Ashanti,2021-05-09,0.21232230496608312,25.099999999999998,30.957142857142856,23.228571428571428,97.57142857142857,24.6,37.72801319234139,0.008405835130434025,-0.350000000000005,0.49999999999999645,-0.45850456261120043,0
Kumasi,Ashanti,2021-05-16,0.21068395069489104,56.6,32.74285714285714,23.38571428571429,97.0,30.45,36.571640308460076,0.0011635907722859495,22.275,26.150000000000002,-0.06356212780233103,0
Kumasi,Ashanti,2021-05-23,0.20904559642369894,24.299999999999997,31.614285714285717,23.285714285714285,98.28571428571429,28.0,35.41526742457876,-0.0024575314067881437,-7.100000000000001,-3.700000000000003,-0.16509742295168123,0
Kumasi,Ashanti,2021-05-30,0.20740724215250683,37.6,32.65714285714286,23.514285714285712,97.85714285714286,30.700000000000003,36.31200754128207,-0.0024575314067881715,1.7000000000000028,6.899999999999999,0.04757209230861731,0
Kumasi,Ashanti,2021-06-06,0.20576888788131475,22.0,30.685714285714287,23.12857142857143,98.57142857142857,24.95,31.77000000000004,-0.0024575314067881437,-13.125,-2.9499999999999993,0.010776213289157472,0
Kumasi,Ashanti,2021-06-13,0.20413053361012265,23.7,30.67142857142857,22.900000000000002,99.57142857142857,25.95,29.79000000000002,-0.0024575314067881437,-3.1999999999999993,-2.25,-0.29212319661016445,0
Kumasi,Ashanti,2021-06-20,0.20249217933893054,56.5,29.714285714285715,22.62857142857143,98.0,24.81,31.189036957597835,-0.0024575314067881437,21.549999999999997,31.69,0.08532786382423707,0
Kumasi,Ashanti,2021-06-27,0.20085382506773847,80.1,28.32857142857143,21.52857142857143,99.42857142857143,20.03,32.58807391519565,-0.002457531406788116,34.52499999999999,60.06999999999999,0.6524110196111013,0
Kumasi,Ashanti,2021-07-04,0.19921547079654636,54.8,28.642857142857142,21.97142857142857,99.28571428571429,21.5,28.49447368421056,-0.0024575314067881437,1.0249999999999986,33.3,1.039034386119919,0
Kumasi,Ashanti,2021-07-11,0.19757711652535426,24.1,29.157142857142855,21.728571428571428,98.28571428571429,24.91,29.891787403903038,-0.0024575314067881437,-29.77499999999999,-0.8099999999999987,1.054392666058476,0
Kumasi,Ashanti,2021-07-18,0.19593876225416218,69.2,28.228571428571428,22.0,96.71428571428571,20.66,31.289101123595515,-0.0024575314067881437,12.149999999999999,48.540000000000006,1.2341058722839542,0
Kumasi,Ashanti,2021-07-25,0.19430040798297007,11.0,28.614285714285717,21.62857142857143,96.0,23.57,27.88294482207124,-0.0024575314067881437,-28.775000000000006,-12.57,0.45936597316118144,0
Kumasi,Ashanti,2021-08-01,0.19266205371177797,24.799999999999997,28.857142857142858,21.8,96.28571428571429,23.78,28.241326719312344,-0.0024575314067881437,-7.4750000000000085,1.019999999999996,0.11508453120519158,0
Kumasi,Ashanti,2021-08-08,0.1910236994405859,40.400000000000006,29.185714285714287,21.885714285714283,97.57142857142857,22.18,28.599708616553446,-0.002457531406788116,4.049999999999997,18.220000000000006,0.3180484667820965,0
Kumasi,Ashanti,2021-08-15,0.1893853451693938,57.699999999999996,28.599999999999998,21.414285714285715,97.57142857142857,22.4,28.95809051379455,-0.0024575314067881437,24.224999999999994,35.3,0.17683761512480684,0
Kumasi,Ashanti,2021-08-22,0.18774699089820168,64.7,27.842857142857145,21.428571428571427,97.71428571428571,19.98,29.316472411035647,-0.0024575314067881715,17.800000000000004,44.72,0.7878625162914319,0
Kumasi,Ashanti,2021-08-29,0.1861086366270096,168.79999999999998,28.842857142857145,22.157142857142855,98.71428571428571,21.48,29.67485430827675,-0.0024575314067881437,85.89999999999998,147.32,2.3482210961601218,0
Kumasi,Ashanti,2021-09-05,0.1844702823558175,104.4,28.37142857142857,21.914285714285715,99.28571428571429,19.84,30.033236205517852,-0.0024575314067881437,5.500000000000014,84.56,3.0557685205517067,0
Kumasi,Ashanti,2021-09-12,0.1828319280846254,40.2,29.885714285714283,21.900000000000002,99.0,24.25,30.391618102758954,-0.0024575314067881437,-54.32499999999999,15.950000000000003,2.849391633877345,0
Kumasi,Ashanti,2021-09-19,0.18119357381343332,75.7,28.642857142857142,22.12857142857143,98.71428571428571,22.2,30.750000000000057,-0.002457531406788116,-21.575000000000003,53.5,2.943034479613825,0
Kumasi,Ashanti,2021-09-26,0.1795552195422412,82.0,28.714285714285715,22.057142857142857,99.28571428571429,21.93,34.4428740212951,-0.0024575314067881437,6.424999999999997,60.07,2.0124720319477754,0
Kumasi,Ashanti,2021-10-03,0.18989643696037062,71.8,29.785714285714285,22.157142857142855,99.14285714285714,24.5,35.08868139967498,0.0065271473602029895,4.375,47.3,1.615076538537608,0
Kumasi,Ashanti,2021-10-10,0.2002376543785,34.9,29.82857142857143,22.585714285714285,99.71428571428571,24.72,35.73448877805487,0.012516933204863717,-31.20000000000001,10.18,1.553536764061584,0
Kumasi,Ashanti,2021-10-17,0.2105788717966294,24.7,30.842857142857145,22.442857142857143,99.71428571428571,27.7,27.00094664371784,0.015511826127194067,-28.650000000000002,-3.0,0.9509375859168062,0
Kumasi,Ashanti,2021-10-24,0.2209200892147588,43.9,29.114285714285717,22.114285714285717,99.28571428571429,21.93,34.00342797625842,0.015511826127194095,0.07499999999999574,21.97,0.5445830958758143,0
Kumasi,Ashanti,2021-10-31,0.23126130663288819,40.5,30.442857142857143,22.1,99.57142857142857,25.96,33.8958589438202,0.015511826127194095,4.5,14.54,0.19518222727363893,0
Kumasi,Ashanti,2021-11-07,0.2416025240510176,23.5,30.7,21.957142857142856,99.57142857142857,27.53,33.78828991138198,0.015511826127194095,-9.649999999999999,-4.030000000000001,0.04362586760218243,0
Kumasi,Ashanti,2021-11-14,0.251943741469147,49.3,30.314285714285713,22.085714285714285,99.71428571428571,24.240000000000002,35.563043577170106,0.015511826127194095,10.0,25.059999999999995,0.34289901696045605,0
Kumasi,Ashanti,2021-11-21,0.2622849588872764,39.3,31.514285714285712,22.085714285714285,99.85714285714286,26.19,35.01792856781759,0.015511826127194095,1.1499999999999986,13.109999999999996,0.24840293344961129,0
Kumasi,Ashanti,2021-11-28,0.2526479427911949,13.5,31.542857142857144,22.314285714285713,99.71428571428571,26.29,34.285675063394024,0.0005281509915359694,-17.9,-12.79,-0.043084421217588306,0
Kumasi,Ashanti,2021-12-05,0.24301092669511337,1.2999999999999998,32.5,22.714285714285715,99.42857142857143,27.37,33.48836711996353,-0.00946096576556954,-24.549999999999997,-26.07,-0.2781514280549494,0
Kumasi,Ashanti,2021-12-12,0.2333739105990319,0.8,33.1,23.099999999999998,97.71428571428571,28.72,32.89510287649779,-0.01445552414412224,-12.924999999999999,-27.919999999999998,-0.8432081441276984,0
Kumasi,Ashanti,2021-12-19,0.2237368945029504,2.7,33.0,22.52857142857143,97.42857142857143,28.380000000000003,32.85876902077757,-0.014455524144122267,-1.875,-25.680000000000003,-1.256921809972582,0
Kumasi,Ashanti,2021-12-26,0.2140998784068689,0.30000000000000004,34.471428571428575,21.285714285714285,87.85714285714286,33.59,33.4282549542491,-0.01445552414412224,-0.9749999999999999,-33.290000000000006,-1.4755639896534305,0
Kumasi,Ashanti,2022-01-02,0.20299749313492715,0.1,34.68571428571429,22.914285714285715,97.71428571428571,31.099999999999998,33.997740887720624,-0.015554551026017438,-0.875,-30.999999999999996,-1.52814476749863,0
Kumasi,Ashanti,2022-01-09,0.1918951078629854,1.2,35.3,22.442857142857143,95.42857142857143,33.31,34.27867094686832,-0.01628723561394757,0.125,-32.11,-1.5728330959309593,0
Kumasi,Ashanti,2022-01-16,0.18968754544703936,0.3,35.65714285714286,22.114285714285717,95.71428571428571,36.38,33.48864604923921,-0.00998246076591583,-0.17499999999999993,-36.080000000000005,-1.683754006598317,0
Kumasi,Ashanti,2022-01-23,0.1874799830310933,0.2,34.857142857142854,20.414285714285715,66.0,40.3,32.6986211516101,-0.0055350493379179855,-0.2499999999999999,-40.099999999999994,-1.7563858721410763,0
Kumasi,Ashanti,2022-01-30,0.1982039794060775,0.0,35.785714285714285,21.099999999999998,66.42857142857143,44.13,32.45014357211471,0.006387325469278615,-0.4249999999999999,-44.13,-1.8964235218586156,0
Kumasi,Ashanti,2022-02-06,0.0211540467082376,0.4,35.81428571428571,21.3,87.14285714285714,37.339999999999996,32.49978110307882,-0.12797734193987437,0.17500000000000013,-36.94,-1.9479377524858592,1
Kumasi,Ashanti,2022-02-13,0.1429822198619637,25.5,36.371428571428574,23.74285714285714,95.0,34.53,31.60904580152703,0.005527162610120651,18.975,-9.030000000000001,-1.6594367300289345,0
Kumasi,Ashanti,2022-02-20,0.15769500048851715,7.5,35.32857142857143,23.599999999999998,95.14285714285714,31.240000000000002,30.859323144104792,0.027686188872318163,-0.8500000000000014,-23.740000000000002,-1.4849496051714377,0
Kumasi,Ashanti,2022-02-27,0.1724077811150706,9.2,34.92857142857143,24.0,94.0,31.43,33.30122346368722,0.04884801907162334,-1.450000000000001,-22.23,-1.2513757644392143,0
Kumasi,Ashanti,2022-03-06,0.18712056174162403,24.9,33.614285714285714,23.057142857142857,95.85714285714286,29.64,32.59486232284439,0.022069170939830157,8.125,-4.740000000000002,-0.9079475602575888,0
Kumasi,Ashanti,2022-03-13,0.2018333423681775,61.2,33.27142857142857,23.67142857142857,97.57142857142857,28.88,33.45318542055972,0.022069170939830157,35.5,32.32000000000001,-0.46693028563304784,0
Kumasi,Ashanti,2022-03-20,0.20392280010205452,32.1,32.471428571428575,22.971428571428568,98.0,27.560000000000002,34.31150851827505,0.012601678770322866,0.25,4.539999999999999,-0.16531073239527233,0
Kumasi,Ashanti,2022-03-27,0.20601225783593158,56.6,32.81428571428571,22.985714285714288,97.85714285714286,27.62,33.534773444441214,0.006290017323984681,12.899999999999999,28.98,0.380868097919667,0
Kumasi,Ashanti,2022-04-03,0.2081017155698086,28.7,32.27142857142857,23.87142857142857,97.85714285714286,28.53,34.25231271728336,0.003134186600815575,-15.95,0.16999999999999815,0.43323556632127497,0
Kumasi,Ashanti,2022-04-10,0.21019117330368567,33.1,32.84285714285714,23.414285714285715,98.42857142857143,28.55,34.969851990125505,0.003134186600815575,-4.524999999999999,4.550000000000001,0.13705540389507184,0
Kumasi,Ashanti,2022-04-17,0.2122806310375627,62.8,31.47142857142857,23.042857142857144,97.57142857142857,25.52,35.68739126296765,0.0031341866008155472,17.5,37.28,0.4862429630536563,0
Kumasi,Ashanti,2022-04-24,0.21437008877143976,68.80000000000001,31.385714285714283,23.085714285714285,99.14285714285714,27.69,33.066230865447665,0.003134186600815575,20.450000000000003,41.110000000000014,0.6156151405916416,0
Kumasi,Ashanti,2022-05-01,0.2164595465053168,48.0,31.24285714285714,22.285714285714285,98.85714285714286,28.71,33.164426634779964,0.0031341866008155472,-5.174999999999997,19.29,0.8195389686647062,0
Kumasi,Ashanti,2022-05-08,0.21854900423919385,43.5,31.37142857142857,22.814285714285713,99.14285714285714,25.79,33.262622404112264,0.003134186600815575,-12.275000000000006,17.71,0.9598965825476314,0
Kumasi,Ashanti,2022-05-15,0.22063846197307088,38.6,31.828571428571426,23.12857142857143,99.14285714285714,26.72,33.36081817344457,0.003134186600815575,-11.125,11.880000000000003,0.6889935891869702,0
Kumasi,Ashanti,2022-05-22,0.22272791970694794,118.7,31.12857142857143,22.900000000000002,98.42857142857143,24.93,33.45901394277687,0.003134186600815575,56.5,93.77000000000001,1.2506373541622622,0
Kumasi,Ashanti,2022-05-29,0.22481737744082497,44.2,30.37142857142857,21.914285714285715,99.42857142857143,26.25,33.55720971210917,0.003134186600815575,-17.049999999999997,17.950000000000003,1.2363456214416602,0
Kumasi,Ashanti,2022-06-05,0.22690683517470203,30.1,31.028571428571432,22.37142857142857,98.57142857142857,27.1,33.35105723370435,0.003134186600815575,-27.800000000000004,3.0,1.079456525680427,0
Kumasi,Ashanti,2022-06-12,0.22899629290857906,45.7,30.0,21.900000000000002,99.28571428571429,24.689999999999998,29.599540981143434,0.0031341866008155472,-13.974999999999994,21.010000000000005,1.1768322866797514,0
Kumasi,Ashanti,2022-06-19,0.23108575064245612,90.8,28.7,21.599999999999998,97.85714285714286,21.13,28.687155735857587,0.003134186600815575,38.099999999999994,69.67,0.9197944071525097,0
Kumasi,Ashanti,2022-06-26,0.23317520837633315,46.4,28.985714285714288,21.32857142857143,99.42857142857143,22.0,27.77477049057174,0.0031341866008155472,-6.8500000000000085,24.4,0.9885867027106302,0
Kumasi,Ashanti,2022-07-03,0.2352646661102102,47.7,28.428571428571427,21.74285714285714,98.85714285714286,19.28,26.862385245285893,0.003134186600815575,-9.949999999999996,28.42,1.2597030055148826,0
Kumasi,Ashanti,2022-07-10,0.23735412384408724,44.4,28.67142857142857,21.657142857142855,98.57142857142857,22.97,25.950000000000045,0.003134186600815575,-12.925000000000004,21.43,1.264182503830295,0
Kumasi,Ashanti,2022-07-17,0.2394435815779643,31.0,28.8,21.571428571428573,97.71428571428571,23.26,27.308399606602933,0.003134186600815575,-11.375,7.739999999999998,0.6036698117505411,0
Kumasi,Ashanti,2022-07-24,0.24153303931184134,1.0,28.385714285714283,19.97142857142857,94.57142857142857,25.68,28.66679921320582,0.003134186600815575,-30.025,-24.68,0.08020843717805108,0
Kumasi,Ashanti,2022-07-31,0.2436224970457184,24.5,29.157142857142855,21.02857142857143,96.0,25.33,30.025198819808708,0.003134186600815575,-0.7250000000000014,-0.8299999999999983,-0.23175662407389133,0
Kumasi,Ashanti,2022-08-07,0.24571195477959543,8.1,27.842857142857145,19.857142857142858,96.42857142857143,23.060000000000002,31.383598426411595,0.0031341866008155472,-8.049999999999999,-14.960000000000003,-0.6198731566878465,0
Kumasi,Ashanti,2022-08-14,0.24780141251347249,21.7,29.285714285714285,21.67142857142857,94.42857142857143,23.66,35.80333887468032,0.003134186600815575,7.875,-1.9600000000000009,-0.7233282368295163,0
Kumasi,Ashanti,2022-08-21,0.24989087024734952,19.3,28.5,20.942857142857143,96.28571428571429,25.73,32.07511358826025,0.0031341866008155472,0.9000000000000021,-6.43,-0.5286833695526633,0
Kumasi,Ashanti,2022-08-28,0.25198032798122655,50.400000000000006,27.842857142857145,21.3,97.0,20.71,31.308363364990157,0.0031341866008155472,25.525000000000006,29.690000000000005,-0.20317315863268767,0
Kumasi,Ashanti,2022-09-04,0.25406978571510364,24.8,28.814285714285713,21.67142857142857,97.42857142857143,22.32,30.541613141720063,0.0031341866008156027,-4.25,2.4800000000000004,-0.017167323821273093,0
Kumasi,Ashanti,2022-09-11,0.25615924344898067,25.5,28.771428571428572,21.657142857142855,96.85714285714286,21.810000000000002,29.77486291844997,0.0031341866008155472,-4.5,3.6899999999999977,0.043092593993204704,0
Kumasi,Ashanti,2022-09-18,0.2582487011828577,70.0,28.52857142857143,21.7,98.14285714285714,21.55,29.008112695179875,0.0031341866008155472,27.325000000000003,48.45,0.6284137072071058,0
Kumasi,Ashanti,2022-09-25,0.26033815891673473,46.4,28.642857142857142,21.657142857142855,98.71428571428571,20.73,30.07464815662139,0.0031341866008155472,4.725000000000001,25.669999999999998,0.5855385090453002,0
Kumasi,Ashanti,2022-10-02,0.26242761665061176,105.2,27.12857142857143,21.400000000000002,98.85714285714286,15.649999999999999,31.1411836180629,0.0031341866008155472,43.425000000000004,89.55000000000001,1.5141811717190312,0
Kumasi,Ashanti,2022-10-09,0.26451707438448885,41.7,29.142857142857142,21.5,99.71428571428571,23.53,32.207719079504415,0.0031341866008156027,-24.125,18.17,1.6686172088789673,0
Kumasi,Ashanti,2022-10-16,0.2666065321183659,56.9,29.657142857142855,21.02857142857143,99.71428571428571,25.02,33.274254540945925,0.0031341866008156027,-5.649999999999999,31.88,1.4918903348637638,0
Kumasi,Ashanti,2022-10-23,0.2700814580671464,34.0,30.442857142857143,21.785714285714285,99.57142857142857,26.98,34.34079000238744,0.004173287761993161,-25.450000000000003,7.02,1.2929792787150898,0
Kumasi,Ashanti,2022-10-30,0.26900493670996267,16.8,30.957142857142856,22.2,99.57142857142857,28.41,35.407325463828954,0.001452436389971723,-20.55,-11.61,0.21406011303144867,0
Kumasi,Ashanti,2022-11-06,0.26792841535277895,28.6,30.599999999999998,22.214285714285715,99.42857142857143,26.27,35.4604672304709,-0.00047692020928452594,-5.475000000000001,2.330000000000002,0.045119033707319824,0
Kumasi,Ashanti,2022-11-13,0.2668518939955952,28.599999999999998,30.185714285714287,21.82857142857143,99.71428571428571,25.23,35.16655557534273,-0.001614782035775586,1.5999999999999979,3.3699999999999974,-0.258953578131753,0
Kumasi,Ashanti,2022-11-20,0.2657753726384115,13.7,31.142857142857142,21.74285714285714,100.0,28.12,32.918079325853114,-0.001614782035775586,-8.224999999999998,-14.420000000000002,-0.4876213016613819,0
Kumasi,Ashanti,2022-11-27,0.2646988512812278,3.5,31.157142857142855,21.62857142857143,99.71428571428571,28.1,32.391049567531866,-0.001614782035775586,-15.099999999999998,-24.6,-0.6261657852737831,0
Kumasi,Ashanti,2022-12-04,0.26362232992404405,41.5,30.342857142857145,21.414285714285715,99.71428571428571,23.05,31.763455588696218,-0.001614782035775586,19.675,18.45,-0.4542383737393792,0
Kumasi,Ashanti,2022-12-11,0.26254580856686033,1.9,31.271428571428572,22.157142857142855,99.57142857142857,27.259999999999998,29.769268663258003,-0.001614782035775586,-13.249999999999998,-25.36,-0.7606573894579538,0
Kumasi,Ashanti,2022-12-18,0.2614692872096766,2.2,31.814285714285713,22.042857142857144,98.57142857142857,26.33,30.960573869569373,-0.001614782035775586,-10.075,-24.13,-0.8642191243214191,0
Kumasi,Ashanti,2022-12-25,0.2603927658524929,0.3,32.18571428571429,20.0,90.85714285714286,30.82,32.15187907588074,-0.001614782035775586,-11.174999999999997,-30.52,-0.9273587196243764,0
Kumasi,Ashanti,2023-01-01,0.22725622822630132,0.0,33.22857142857143,19.571428571428573,83.85714285714286,33.92,31.618065694353277,-0.025659794237531452,-1.0999999999999983,-33.92,-1.485909497667598,0
Kumasi,Ashanti,2023-01-08,0.20828505259134847,0.0,33.94285714285714,19.857142857142858,77.14285714285714,34.14,31.39986546433451,-0.03106578087860634,-0.6249999999999982,-34.14,-1.5795523434040784,0
Kumasi,Ashanti,2023-01-15,0.18931387695639562,0.0,34.6,22.042857142857144,99.57142857142857,32.99,31.181665234315744,-0.03199810395023897,-0.07499999999999822,-32.99,-1.674048426914923,0
Kumasi,Ashanti,2023-01-22,0.17034270132144275,0.4,35.15714285714286,22.47142857142857,96.14285714285714,32.36,32.049098124463,-0.028456763452429285,0.3000000000000018,-31.96,-1.6894067068534802,0
Kumasi,Ashanti,2023-01-29,0.1513715256864899,75.8,32.98571428571429,22.37142857142857,98.14285714285714,26.46,33.15624993680808,-0.028456763452429285,56.75,49.339999999999996,-0.8013994931838485,0
Kumasi,Ashanti,2023-02-05,0.1902246951973406,1.4,34.84285714285714,22.728571428571428,98.28571428571429,31.57,35.81846822708684,0.01491149540692338,-18.0,-30.17,-0.7590575686310208,0
Kumasi,Ashanti,2023-02-12,0.2018446058383492,4.0,33.77142857142857,22.771428571428572,97.85714285714286,30.15,32.3088514230829,0.023398723827443596,-16.4,-26.15,-0.6861057389228742,0
Kumasi,Ashanti,2023-02-19,0.19804815405165205,0.8,35.18571428571429,22.571428571428573,91.28571428571429,36.41,29.460013143926066,0.012675908858194113,-19.699999999999996,-35.61,-0.7250347123782448,0
Kumasi,Ashanti,2023-02-26,0.1942517022649549,21.200000000000003,35.7,23.728571428571428,94.28571428571429,34.32,33.97920242453341,-0.001840587073119293,14.350000000000005,-13.119999999999997,-1.3912001047131621,0
Kumasi,Ashanti,2023-03-05,0.19045525047825773,45.599999999999994,33.1,23.314285714285713,97.85714285714286,28.28,33.35056133587841,-0.005694677680045723,27.7,17.319999999999993,-0.884696830906162,0
Kumasi,Ashanti,2023-03-12,0.18665879869156057,22.299999999999997,31.37142857142857,23.32857142857143,97.85714285714286,24.05,32.72192024722341,-0.005694677680045723,-0.17499999999999716,-1.7500000000000036,-0.6244593097250546,0
Kumasi,Ashanti,2023-03-19,0.18286234690486342,8.4,32.65714285714286,22.62857142857143,97.85714285714286,31.7,32.58855729157102,-0.005694677680045751,-15.974999999999996,-23.299999999999997,-0.49316734719474986,0
Kumasi,Ashanti,2023-03-26,0.17906589511816629,49.8,30.97142857142857,22.7,97.85714285714286,25.94,35.3835221069869,-0.005694677680045723,18.275000000000006,23.859999999999996,-0.09875818599485822,0
Kumasi,Ashanti,2023-04-02,0.17526944333146913,82.3,31.628571428571426,23.057142857142857,98.28571428571429,28.16,30.890791189791685,-0.005694677680045723,41.6,54.14,0.293944499656305,0
Kumasi,Ashanti,2023-04-09,0.17147299154477197,44.099999999999994,30.857142857142858,22.785714285714285,98.42857142857143,26.68,31.653364282819325,-0.005694677680045723,-2.0500000000000043,17.419999999999995,0.4984016013383472,0
Kumasi,Ashanti,2023-04-16,0.1676765397580748,70.2,32.17142857142857,22.87142857142857,99.28571428571429,28.68,33.80004170668826,-0.005694677680045723,8.600000000000009,41.52,1.189737508017011,0
Kumasi,Ashanti,2023-04-23,0.2607964610690154,24.7,32.41428571428572,23.085714285714285,98.57142857142857,29.11,35.37824051164745,0.06699260214318256,-30.624999999999996,-4.41,0.888224609501031,0
Kumasi,Ashanti,2023-04-30,0.26018871397214377,45.099999999999994,30.814285714285713,22.771428571428572,99.28571428571429,27.27,34.75827745134433,0.045155037386142294,-0.9250000000000043,17.829999999999995,0.5009613146614401,0
Kumasi,Ashanti,2023-05-07,0.2595809668752722,28.0,31.757142857142856,22.857142857142858,99.42857142857143,30.73,34.138314391041206,0.02252029645664566,-14.0,-2.7300000000000004,0.28605205024343533,0
Kumasi,Ashanti,2023-05-14,0.2589732197784006,43.5,32.42857142857143,23.228571428571428,99.0,30.16,32.91012256570889,-0.0009116206453074205,8.174999999999997,13.34,-0.014500955776384808,0
Kumasi,Ashanti,2023-05-21,0.258365472681529,42.9,30.414285714285715,22.914285714285715,99.14285714285714,23.92,32.75058769513316,-0.0009116206453074205,3.0249999999999986,18.979999999999997,0.23496443850337356,0
Kumasi,Ashanti,2023-05-28,0.2577577255846574,46.3,30.771428571428572,22.985714285714288,99.0,24.83,31.746446087678294,-0.0009116206453074205,6.125,21.47,0.2737867572369487,0
Kumasi,Ashanti,2023-06-04,0.2571499784877858,49.9,30.37142857142857,22.842857142857145,99.42857142857143,24.45,30.700112469345953,-0.0009116206453074205,4.25,25.45,0.5743397632567688,0
Kumasi,Ashanti,2023-06-11,0.2565422313909142,102.7,29.514285714285712,22.214285714285715,99.28571428571429,22.31,29.65377885101361,-0.0009116206453074205,42.25,80.39,1.2894596728958367,0
Kumasi,Ashanti,2023-06-18,0.2559344842940426,15.100000000000001,29.2,21.25714285714286,96.85714285714286,25.03,30.021771307147624,-0.0009116206453074205,-38.4,-9.93,0.9811208721849428,0
Kumasi,Ashanti,2023-06-25,0.255326737197171,149.2,28.142857142857142,21.942857142857143,98.85714285714286,20.7,30.389763763281643,-0.000911620645307365,69.975,128.5,2.1226463595625638,0
Kumasi,Ashanti,2023-07-02,0.2547189901002994,48.900000000000006,28.25714285714286,21.542857142857144,97.85714285714286,22.22,30.757756219415658,-0.0009116206453074205,-30.075000000000003,26.680000000000007,2.1357648903434145,0
Kumasi,Ashanti,2023-07-09,0.2541112430034278,53.9,29.342857142857145,21.928571428571427,98.85714285714286,22.29,31.125748675549676,-0.0009116206453074205,-12.874999999999993,31.61,1.6155031574247902,0
Kumasi,Ashanti,2023-07-16,0.25350349590655624,53.9,28.514285714285712,21.87142857142857,98.85714285714286,20.6,31.49374113168369,-0.0009116206453074205,-22.574999999999996,33.3,2.076571519746892,0
Kumasi,Ashanti,2023-07-23,0.25289574880968463,39.8,28.285714285714285,22.071428571428573,98.42857142857143,20.2,31.52072973037973,-0.0009116206453074205,-9.325000000000003,19.599999999999998,0.9151015993935061,0
Kumasi,Ashanti,2023-07-30,0.252288001712813,31.4,28.75714285714286,22.442857142857143,97.85714285714286,21.64,31.54771832907577,-0.0009116206453074205,-13.350000000000001,9.759999999999998,0.7346418101154594,0
Kumasi,Ashanti,2023-08-06,0.25168025461594146,45.6,28.87142857142857,22.114285714285717,97.85714285714286,21.18,31.574706927771807,-0.000911620645307365,2.9250000000000043,24.42,0.6579570651444692,0
Kumasi,Ashanti,2023-08-13,0.25107250751906984,29.7,28.571428571428573,21.785714285714285,97.85714285714286,23.02,31.601695526467847,-0.000911620645307365,-6.925000000000001,6.68,0.37404219572475256,0
Kumasi,Ashanti,2023-08-20,0.25046476042219823,58.5,28.599999999999998,21.785714285714285,99.0,21.37,31.628684125163886,-0.0009116206453074205,17.200000000000003,37.129999999999995,0.5610079230323269,0
Kumasi,Ashanti,2023-08-27,0.24985701332532664,27.7,29.428571428571427,22.385714285714283,98.14285714285714,22.94,31.655672723859926,-0.0009116206453073927,-12.675,4.759999999999998,0.5076805621345589,0
Kumasi,Ashanti,2023-09-03,0.24924926622845506,64.4,29.414285714285715,22.099999999999998,98.42857142857143,21.29,31.682661322555965,-0.000911620645307365,19.325000000000003,43.11000000000001,0.7070182371704156,0
Kumasi,Ashanti,2023-09-10,0.24864151913158344,48.8,29.157142857142855,21.814285714285713,99.14285714285714,24.27,31.709649921252,-0.0009116206453073927,-1.0500000000000114,24.529999999999998,0.8973969155754472,0
Kumasi,Ashanti,2023-09-17,0.24803377203471186,89.3,29.042857142857144,22.25714285714286,98.42857142857143,21.04,31.73663851994804,-0.0009116206453073927,31.749999999999993,68.25999999999999,1.2294130645249504,0
Kumasi,Ashanti,2023-09-24,0.24742602493784027,45.699999999999996,29.87142857142857,22.028571428571432,99.14285714285714,25.189999999999998,31.76362711864408,-0.0009116206453073927,-16.35,20.509999999999998,1.3973942513529196,0
Kumasi,Ashanti,2023-10-01,0.24681827784096866,36.1,30.542857142857144,22.457142857142856,98.57142857142857,26.42,31.46043504930158,-0.0009116206453073927,-18.874999999999993,9.68,1.040847516390443,0
Kumasi,Ashanti,2023-10-08,0.24621053074409707,86.2,29.52857142857143,22.442857142857143,99.28571428571429,22.009999999999998,31.15724297995908,-0.0009116206453073927,21.875000000000014,64.19,1.463840143031538,0
Kumasi,Ashanti,2023-10-15,0.2456027836472255,44.199999999999996,29.657142857142855,22.099999999999998,99.71428571428571,24.86,30.854050910616582,-0.0009116206453073927,-8.850000000000001,19.339999999999996,0.9420852440077767,0
Kumasi,Ashanti,2023-10-22,0.24499503655035387,41.2,31.0,22.228571428571428,99.57142857142857,28.369999999999997,30.55085884127408,-0.0009116206453073927,-10.725000000000001,12.830000000000005,0.8601744176688052,0
Kumasi,Ashanti,2023-10-29,0.2443872894534823,16.8,30.599999999999998,22.271428571428572,99.71428571428571,26.47,32.08006577329729,-0.0009116206453073927,-30.3,-9.669999999999998,0.6537975309944433,0
Kumasi,Ashanti,2023-11-05,0.24377954235661067,11.7,31.614285714285717,22.599999999999998,99.14285714285714,28.880000000000003,34.142498636272364,-0.0009116206453074205,-16.775000000000002,-17.180000000000003,-0.21405194025583224,0
Kumasi,Ashanti,2023-11-12,0.2431717952597391,39.0,31.271428571428572,22.714285714285715,99.57142857142857,27.35,33.561057074971075,-0.0009116206453073927,11.824999999999996,11.649999999999999,-0.2960694213165993,0
Kumasi,Ashanti,2023-11-19,0.24005031452069678,6.3,32.01428571428571,22.642857142857142,99.71428571428571,28.39,31.47626430963328,-0.0027969208769354215,-12.149999999999999,-22.09,-0.6685077098266107,0
Kumasi,Ashanti,2023-11-26,0.2369288337816545,58.6,31.67142857142857,22.82857142857143,98.85714285714286,25.939999999999998,32.056801981699664,-0.0040537876980207554,29.700000000000003,32.660000000000004,-0.2170382724661072,0
Kumasi,Ashanti,2023-12-03,0.2338073530426122,18.1,31.514285714285712,21.985714285714288,99.14285714285714,26.3,32.208451291643485,-0.00468222110856345,-12.399999999999999,-8.2,-0.12126233229371594,0
Kumasi,Ashanti,2023-12-10,0.23068587230356988,14.7,32.528571428571425,22.3,99.28571428571429,27.96,32.392990369546595,-0.00468222110856345,-9.725000000000001,-13.260000000000002,-0.3869392442863958,0
Kumasi,Ashanti,2023-12-17,0.2275643915645276,0.2,33.67142857142857,21.271428571428572,84.85714285714286,31.14,32.577529447449706,-0.00468222110856345,-22.7,-30.94,-0.4813286730754451,0
Kumasi,Ashanti,2023-12-24,0.2244429108254853,0.0,34.642857142857146,20.442857142857143,69.71428571428571,36.519999999999996,32.740016177139694,-0.00468222110856345,-8.25,-36.519999999999996,-1.2191660384569623,0
Kumasi,Ashanti,2023-12-31,0.2244429108254853,1.5999999999999999,34.7,22.599999999999998,97.71428571428571,30.89,31.58104822809776,-0.0023411105542817112,-2.5250000000000004,-29.29,-1.4441008467237477,0
Nalerigu,North East,2019-01-06,0.2493882688255602,0.0,32.65,20.916666666666668,26.833333333333332,42.29,36.78243985646407,0.0,0.0,-42.29,0.32624185930103683,0
Nalerigu,North East,2019-01-13,0.2276061369430272,0.0,34.05714285714286,21.485714285714288,27.857142857142858,49.29,39.480744213080186,-0.010891065941266515,0.0,-49.29,-0.0800167082268801,0
Nalerigu,North East,2019-01-20,0.2280419266026514,0.0,34.31428571428571,22.157142857142855,37.857142857142854,45.9,39.94124886283231,-0.006970184187761519,0.0,-45.9,-0.45833418133565235,0
Nalerigu,North East,2019-01-27,0.2228762818968074,0.0,34.3,21.25714285714286,23.142857142857142,50.28,40.851762609926254,-0.009101871670204154,0.0,-50.28,-0.8727525374992487,0
Nalerigu,North East,2019-02-03,0.21589176460368686,0.0,35.58571428571428,22.52857142857143,35.57142857142857,47.35,41.15643485292645,-0.007712262907856343,0.0,-47.35,-0.914458123859388,0
Nalerigu,North East,2019-02-10,0.2089072473105663,0.0,35.2,22.97142857142857,27.142857142857142,51.69,38.77858359446077,-0.010022057792861666,0.0,-51.69,-0.934239429642853,0
Nalerigu,North East,2019-02-17,0.2159186172221093,0.0,35.114285714285714,22.228571428571428,16.142857142857142,57.75,39.48656815425045,2.0139463816820635e-05,0.0,-57.75,-1.0319096269487127,0
Nalerigu,North East,2019-02-24,0.2134833624711981,0.0,36.785714285714285,24.17142857142857,27.857142857142858,51.38,40.19455271404013,-6.68854306920541e-05,0.0,-51.38,-1.0409760587661343,0
Nalerigu,North East,2019-03-03,0.2110481077202869,0.0,35.128571428571426,22.714285714285715,16.285714285714285,54.97,39.93911730516521,-0.0012912259607532617,0.0,-54.97,-1.1037817046286365,0
Nalerigu,North East,2019-03-10,0.1915763659245758,0.1,36.25714285714286,24.985714285714284,49.0,46.08,40.038010967350544,-0.016430247409966736,0.07500000000000001,-45.98,-1.0567186812854756,0
Nalerigu,North East,2019-03-17,0.2018370050615048,2.8,37.75714285714286,24.985714285714288,45.857142857142854,50.21,37.92967502274337,-0.0026492052328866145,2.0749999999999997,-47.410000000000004,-0.9714942222017126,0
Nalerigu,North East,2019-03-24,0.2037239818437459,0.1,37.885714285714286,27.785714285714285,61.0,43.68,42.30308955827354,0.0016776167062175495,-0.65,-43.58,-0.9072049784054507,0
Nalerigu,North East,2019-03-31,0.16643144632045395,8.9,37.714285714285715,26.985714285714288,70.85714285714286,44.77,41.46717729707876,-0.024460753467116153,5.925000000000001,-35.870000000000005,-0.74977875321204,0
Nalerigu,North East,2019-04-07,0.129138910797162,7.6,37.642857142857146,27.32857142857143,74.71428571428571,43.23,44.84141792176303,-0.04614392520855465,2.75,-35.629999999999995,-0.6644718720208463,0
Nalerigu,North East,2019-04-14,0.1608686131068067,0.2,37.31428571428571,27.0,71.85714285714286,43.02,42.67255647932899,-0.004172124910235442,-4.0,-42.82,-0.6266401247099691,0
Nalerigu,North East,2019-04-21,0.1925983154164514,6.699999999999999,36.957142857142856,27.214285714285715,73.57142857142857,42.52,40.50369503689495,0.030338994006232883,0.8499999999999988,-35.82000000000001,-0.5626805693434314,0
Nalerigu,North East,2019-04-28,0.2074989860627052,6.9,35.44285714285714,26.457142857142856,82.14285714285714,37.28,32.91274335619772,0.03497277971692386,1.5500000000000007,-30.380000000000003,-0.5174308323637549,0
Nalerigu,North East,2019-05-05,0.222399656708959,13.700000000000001,35.285714285714285,26.685714285714287,80.85714285714286,37.46,39.8206519761448,0.026558263885228417,6.825000000000001,-23.759999999999998,-0.41959579084303306,0
Nalerigu,North East,2019-05-12,0.2373003273552128,26.5,35.385714285714286,25.67142857142857,85.85714285714286,39.1,37.218991592624775,0.022351005969380694,13.05,-12.600000000000001,-0.17051618218623352,0
Nalerigu,North East,2019-05-19,0.2522009980014666,5.6,33.871428571428574,25.442857142857143,83.42857142857143,36.43,37.91519681248661,0.02235100596938072,-7.574999999999999,-30.83,-0.12938755057811202,0
Nalerigu,North East,2019-05-26,0.26077601921974897,22.9,33.72857142857143,25.02857142857143,87.14285714285714,34.269999999999996,35.00704860048302,0.017606768898402125,5.725000000000001,-11.369999999999997,0.02729687564841868,0
Nalerigu,North East,2019-06-02,0.2693510404380314,7.9,32.614285714285714,25.085714285714285,87.57142857142857,33.13,30.47774935113091,0.014443944184416413,-7.8249999999999975,-25.230000000000004,0.015180825856046243,0
Nalerigu,North East,2019-06-09,0.2779260616563137,8.8,30.74285714285714,24.17142857142857,92.14285714285714,28.39,35.487963781065616,0.012862531827423584,-2.4999999999999982,-19.59,-0.04243222723829629,0
Nalerigu,North East,2019-06-16,0.2865010828745961,15.299999999999999,31.37142857142857,23.82857142857143,93.42857142857143,29.83,40.49817821100032,0.012862531827423529,1.5749999999999993,-14.53,0.09191580787440509,0
Nalerigu,North East,2019-06-23,0.29849078118842476,2.1999999999999997,32.84285714285714,25.057142857142857,85.14285714285714,34.66,32.837924795309846,0.015423539649083273,-6.350000000000001,-32.459999999999994,-0.08191241669779556,0
Nalerigu,North East,2019-06-30,0.31048047950225344,20.5,30.785714285714285,24.057142857142857,89.71428571428571,29.82,32.74139416104424,0.017130878196856436,8.8,-9.32,0.049221156225092724,0
Nalerigu,North East,2019-07-07,0.3224701778160821,27.8,30.08571428571429,23.814285714285713,96.0,24.590000000000003,31.038326343448404,0.017984547470743018,11.350000000000001,3.2099999999999973,0.2371435611680123,0
Nalerigu,North East,2019-07-14,0.3344598761299108,25.8,28.32857142857143,22.814285714285713,95.85714285714286,24.310000000000002,29.335258525852566,0.017984547470743018,6.725000000000001,1.4899999999999984,0.3691837772726426,0
Nalerigu,North East,2019-07-21,0.34644957444373947,43.6,28.185714285714287,22.485714285714288,98.71428571428571,20.2,28.83797871262044,0.017984547470743018,14.175,23.400000000000002,0.8295936693827956,0
Nalerigu,North East,2019-07-28,0.35843927275756815,60.7,28.071428571428573,22.457142857142856,98.0,23.18,31.761034795421157,0.017984547470742962,21.225,37.52,1.215658820590092,0
Nalerigu,North East,2019-08-04,0.37042897107139683,13.6,28.514285714285712,22.685714285714287,97.0,24.39,32.06454708969102,0.017984547470743073,-22.325000000000003,-10.790000000000001,1.100267870186545,0
Nalerigu,North East,2019-08-11,0.3824186693852255,34.3,28.02857142857143,22.428571428571427,95.14285714285714,24.29,32.36805938396088,0.017984547470743018,-3.750000000000007,10.009999999999998,1.1704915057178462,0
Nalerigu,North East,2019-08-18,0.3944083676990542,27.2,28.842857142857145,22.885714285714283,94.0,26.32,30.315916407546894,0.017984547470743018,-6.7500000000000036,0.879999999999999,0.9848769197829975,0
Nalerigu,North East,2019-08-25,0.40639806601288286,66.1,26.75714285714286,22.185714285714287,97.71428571428571,16.97,28.263773431132904,0.017984547470742962,30.799999999999997,49.129999999999995,1.0805689865105104,0
Nalerigu,North East,2019-09-01,0.41838776432671154,63.6,27.714285714285715,22.314285714285713,97.57142857142857,21.35,31.09056007012026,0.017984547470743073,15.800000000000004,42.25,1.517735844325092,0
Nalerigu,North East,2019-09-08,0.4303774626405403,55.2,28.62857142857143,22.614285714285717,98.28571428571429,23.67,29.759718901144534,0.017984547470743073,2.1750000000000043,31.53,1.6951082195168299,0
Nalerigu,North East,2019-09-15,0.44236716095436895,34.4,28.014285714285712,22.642857142857142,98.57142857142857,22.0,29.97519604456346,0.017984547470743018,-20.425000000000004,12.399999999999999,1.7900584872774632,0
Nalerigu,North East,2019-09-22,0.45435685926819763,37.5,28.585714285714285,22.785714285714285,98.42857142857143,21.87,30.94550085919343,0.017984547470743073,-10.174999999999997,15.629999999999999,1.513944427383261,0
Nalerigu,North East,2019-09-29,0.4663465575820263,20.700000000000003,29.8,23.02857142857143,98.71428571428571,24.47,32.254254902456296,0.017984547470743018,-16.25,-3.769999999999996,1.1346378889853155,0
Nalerigu,North East,2019-10-06,0.5718793982471914,47.8,29.042857142857144,22.714285714285715,98.14285714285714,22.24,33.56300894571916,0.08814190423424528,12.700000000000003,25.56,1.0854318908489458,0
Nalerigu,North East,2019-10-13,0.3760428799770111,98.5,27.142857142857142,22.014285714285712,98.42857142857143,17.11,27.819775706379342,-0.09111354379159553,47.375,81.39,1.6540620100161398,0
Nalerigu,North East,2019-10-20,0.537068309701681,36.699999999999996,30.085714285714285,22.814285714285713,97.57142857142857,26.18,30.32619200444753,0.0492340233247035,-14.225000000000001,10.519999999999996,1.6119443131188451,0
Nalerigu,North East,2019-10-27,0.52617429091086,11.4,30.071428571428573,22.914285714285715,98.42857142857143,26.99,30.95186419690691,0.023383071201674155,-37.2,-15.589999999999998,1.514521382135279,0
Nalerigu,North East,2019-11-03,0.5152802721200389,9.899999999999999,30.071428571428573,22.485714285714288,97.42857142857143,26.229999999999997,34.27105857677145,0.02663883394264116,-29.225,-16.33,1.1692551741063797,0
Nalerigu,North East,2019-11-10,0.5043862533292179,0.0,32.628571428571426,22.428571428571427,85.28571428571429,34.35,35.30398286667338,-0.01634102818623151,-14.499999999999998,-34.35,0.2153017026987694,0
Nalerigu,North East,2019-11-17,0.45064311694739967,0.2,32.72857142857143,22.67142857142857,75.57142857142857,33.42,36.934544627514526,-0.048477866379479484,-5.175,-33.22,-0.1452125952048842,0
Nalerigu,North East,2019-11-24,0.39689998056558135,0.0,33.957142857142856,22.214285714285715,72.57142857142857,35.03,37.890354164560875,-0.06990242517497813,-2.5249999999999995,-35.03,-0.30544117205095245,0
Nalerigu,North East,2019-12-01,0.3728757471922235,0.0,34.74285714285714,22.32857142857143,58.0,40.58,38.846163701607225,-0.05832552731638213,-0.05,-40.58,-0.5053147825713824,0
Nalerigu,North East,2019-12-08,0.3442636956748527,0.0,33.92857142857143,20.957142857142856,47.857142857142854,40.480000000000004,39.36150156676456,-0.04690693942016155,-0.05,-40.480000000000004,-0.5558395344266498,0
Nalerigu,North East,2019-12-15,0.3151829246632405,0.0,33.77142857142857,20.814285714285713,32.714285714285715,46.29,38.36880395228957,-0.042122662360733976,0.0,-46.29,-0.6635652288391041,0
Nalerigu,North East,2019-12-22,0.293996763757497,0.0,34.857142857142854,22.32857142857143,26.285714285714285,49.34,37.99480238552519,-0.037583019064456435,0.0,-49.34,-0.7815112645730155,0
Nalerigu,North East,2019-12-29,0.282618795705874,0.0,34.142857142857146,21.157142857142855,26.285714285714285,50.8,35.16440184979268,-0.026396749244492035,0.0,-50.8,-0.8657466583676051,0
Nalerigu,North East,2020-01-05,0.2588130198870171,0.0,30.757142857142856,18.7,18.857142857142858,52.06,32.86667770140508,-0.02883985611639006,0.0,-52.06,-0.9611914587728246,0
Nalerigu,North East,2020-01-12,0.1854382502043933,0.0,34.7,21.614285714285717,31.714285714285715,44.88,33.86413853229561,-0.06977845718430209,0.0,-44.88,-0.9495699416250388,0
Nalerigu,North East,2020-01-19,0.2421551235596429,0.0,34.385714285714286,21.857142857142858,22.285714285714285,55.22,36.88944127160602,-0.00010117377958893115,0.0,-55.22,-0.9980341407945286,0
Nalerigu,North East,2020-01-26,0.23137054653903633,0.0,35.457142857142856,23.0,20.428571428571427,56.21,38.486137673102405,0.0019263114915139268,0.0,-56.21,-1.0426245009147563,0
Nalerigu,North East,2020-02-02,0.2205859695184298,0.0,35.18571428571429,22.114285714285717,13.714285714285714,59.07,39.5199264631558,0.0006984970630542209,0.0,-59.07,-1.1004023982239608,0
Nalerigu,North East,2020-02-09,0.231006195059841,0.0,34.371428571428574,21.47142857142857,13.857142857142858,58.43,38.3231403517639,-0.0002732636093965013,0.0,-58.43,-1.2120843537931083,0
Nalerigu,North East,2020-02-16,0.19899888943646077,0.0,35.271428571428565,22.67142857142857,11.714285714285714,61.42,37.126354240372,-0.021491510701981215,0.0,-61.42,-1.2631860604003935,0
Nalerigu,North East,2020-02-23,0.2147439479724998,0.0,37.55714285714286,24.37142857142857,15.0,59.47,39.93869983826937,-0.0015898025243080427,0.0,-59.47,-1.2900556674229335,0
Nalerigu,North East,2020-03-01,0.1694857687721286,0.0,37.48571428571428,24.842857142857145,15.857142857142858,60.33,40.38893434751844,-0.03407293153810395,0.0,-60.33,-1.3004408529592533,0
Nalerigu,North East,2020-03-08,0.2094257012029743,0.1,38.114285714285714,25.62857142857143,55.42857142857143,47.47,44.65725942585675,0.01126212435695842,0.07500000000000001,-47.37,-1.2092820021404505,0
Nalerigu,North East,2020-03-15,0.2151055568425018,0.1,38.028571428571425,26.885714285714283,59.142857142857146,44.24,37.86103660276535,0.012915313144975682,0.05,-44.14,-1.0668566004995013,0
Nalerigu,North East,2020-03-22,0.1924439180181983,4.8,37.771428571428565,27.785714285714285,61.57142857142857,42.39,43.78883907813616,-0.004171318190752449,3.55,-37.59,-0.8865170294402435,0
Nalerigu,North East,2020-03-29,0.20580381624827415,1.8,36.27142857142857,26.17142857142857,75.71428571428571,38.78,39.83947892449197,0.00010906817028702442,0.10000000000000009,-36.980000000000004,-0.6940614085886129,0
Nalerigu,North East,2020-04-05,0.21916371447835004,1.2,38.98571428571428,27.45714285714286,67.71428571428571,48.07,42.48212473466086,0.01103446308151898,-0.7750000000000001,-46.87,-0.6899403032170578,0
Nalerigu,North East,2020-04-12,0.2325236127084259,15.799999999999999,36.957142857142856,26.885714285714283,73.14285714285714,41.78,45.124770544829744,0.020039847345113798,9.899999999999999,-25.980000000000004,-0.5402617561221711,0
Nalerigu,North East,2020-04-19,0.22720417440465362,0.6,37.92857142857143,27.814285714285713,68.0,48.18,41.64362857576083,0.006030344944727706,-4.25,-47.58,-0.6226014414458448,0
Nalerigu,North East,2020-04-26,0.22188473610088136,13.1,35.7,26.585714285714285,76.28571428571429,41.58,38.17586803800668,-0.0033093233221963836,5.425000000000001,-28.479999999999997,-0.5525426501294055,0
Nalerigu,North East,2020-05-03,0.2165652977971091,1.2000000000000002,36.028571428571425,26.442857142857143,77.85714285714286,44.74,36.24223567168701,-0.007979157455658414,-6.475,-43.54,-0.5250960883548474,0
Nalerigu,North East,2020-05-10,0.2244071346005011,21.5,35.31428571428571,26.057142857142857,79.57142857142857,37.64,42.539912155053344,0.0018917988747148007,12.399999999999999,-16.14,-0.4439927346426402,0
Nalerigu,North East,2020-05-17,0.2322489714038931,19.3,33.614285714285714,25.67142857142857,87.28571428571429,35.26,33.61875843835821,0.008472436428296926,5.525,-15.959999999999997,-0.18337403094548582,0
Nalerigu,North East,2020-05-24,0.216246510491592,9.1,33.8,25.17142857142857,85.0,38.33,43.22860487520444,-0.006120468081681818,-3.6750000000000007,-29.229999999999997,-0.1895556890028187,0
Nalerigu,North East,2020-05-31,0.2291554815409403,5.2,31.685714285714287,24.557142857142857,89.85714285714286,30.380000000000003,39.84442213904339,0.0036409570317086637,-8.575,-25.180000000000003,-0.038228699759309766,0
Nalerigu,North East,2020-06-07,0.2420644525902886,3.0,32.6,24.728571428571428,87.28571428571429,34.48,36.46023940288234,0.012135598583610102,-6.15,-31.479999999999997,-0.16466421255862498,0
Nalerigu,North East,2020-06-14,0.2703190839916913,14.9,30.17142857142857,23.071428571428573,93.0,27.5,31.814122702562656,0.03087270183806326,6.85,-12.6,-0.13697038446177368,0
Nalerigu,North East,2020-06-21,0.29857371539309396,18.0,30.557142857142857,23.942857142857143,92.57142857142857,27.21,35.04720338608769,0.03854553201409039,7.725,-9.21,0.028038674615298655,0
Nalerigu,North East,2020-06-28,0.3268283467944967,3.9,30.842857142857145,24.014285714285712,91.57142857142857,28.95,34.41707918459656,0.04238194710210408,-6.050000000000001,-25.05,0.029110162011902984,0
Nalerigu,North East,2020-07-05,0.35508297819589935,18.1,29.842857142857145,23.24285714285714,94.28571428571429,25.06,32.90329741047875,0.04238194710210402,4.375,-6.959999999999997,0.23120916943297273,0
Nalerigu,North East,2020-07-12,0.383337609597302,17.900000000000002,29.857142857142858,23.099999999999998,94.71428571428571,27.0,31.389515636360937,0.04238194710210402,3.4250000000000007,-9.099999999999998,0.26005690703385953,0
Nalerigu,North East,2020-07-19,0.41159224099870473,71.0,26.957142857142856,22.157142857142855,98.28571428571429,15.530000000000001,29.875733862243123,0.04238194710210408,43.275,55.47,0.7931630978982471,0
Nalerigu,North East,2020-07-26,0.43984687240010734,78.3,28.357142857142858,22.37142857142857,98.42857142857143,22.91,31.697335833361688,0.04238194710210397,31.974999999999994,55.39,1.4561665300740567,0
Nalerigu,North East,2020-08-02,0.46810150380151005,40.6,27.785714285714285,22.314285714285713,97.0,23.37,33.51893780448025,0.04238194710210402,-11.350000000000001,17.23,1.6555456079498996,0
Nalerigu,North East,2020-08-09,0.4963561352029128,5.3,28.785714285714285,22.342857142857145,88.71428571428571,27.67,35.34053977559881,0.04238194710210402,-43.50000000000001,-22.37,1.546171471388823,0
Nalerigu,North East,2020-08-16,0.5027031074994022,37.6,28.414285714285715,22.185714285714287,95.57142857142857,23.84,29.89445078587221,0.025951202773419058,-2.8500000000000014,13.760000000000002,1.202388861293684,0
Nalerigu,North East,2020-08-23,0.5090500797958916,44.9,29.185714285714287,22.5,96.57142857142857,25.7,29.36944267515929,0.014997373220962396,12.799999999999997,19.2,0.9041032545005147,0
Nalerigu,North East,2020-08-30,0.515397052092381,120.5,26.928571428571427,22.114285714285717,96.71428571428571,16.25,28.888849264064334,0.009520458444734037,68.425,104.25,1.6213404333659909,0
Nalerigu,North East,2020-09-06,0.5217440243888704,93.3,26.385714285714283,22.25714285714286,97.57142857142857,14.700000000000001,29.886436283129143,0.009520458444734037,19.224999999999994,78.6,2.453556452097859,0
Nalerigu,North East,2020-09-13,0.5280909966853597,60.7,27.67142857142857,21.928571428571427,98.28571428571429,19.12,30.884023302193956,0.009520458444734148,-19.150000000000006,41.58,2.6828547549711934,0
Nalerigu,North East,2020-09-20,0.5344379689818493,61.900000000000006,28.12857142857143,22.67142857142857,97.71428571428571,21.33,29.990318711561628,0.009520458444734148,-22.19999999999999,40.57000000000001,2.858990798551465,0
Nalerigu,North East,2020-09-27,0.5407849412783386,18.0,28.485714285714288,22.17142857142857,98.14285714285714,23.23,29.096614120929303,0.009520458444734148,-40.475,-5.23,1.9566335663957264,0
Nalerigu,North East,2020-10-04,0.547131913574828,62.4,28.114285714285717,22.142857142857142,98.0,22.87,29.56593595012049,0.009520458444734148,11.649999999999991,39.53,1.634610392662399,0
Nalerigu,North East,2020-10-11,0.5534788858713174,36.099999999999994,28.37142857142857,22.185714285714287,97.14285714285714,23.19,32.83169539068024,0.009520458444734037,-8.500000000000007,12.909999999999993,1.3983062106574204,0
Nalerigu,North East,2020-10-18,0.5598258581678068,3.5,30.114285714285717,22.785714285714285,97.14285714285714,28.759999999999998,33.78856388355399,0.009520458444734148,-26.5,-25.259999999999998,0.8557214774384558,0
Nalerigu,North East,2020-10-25,0.5188258767734287,0.0,31.942857142857143,22.2,87.14285714285714,34.96,34.60355099565351,-0.025989756823416532,-25.5,-34.96,0.6106805520457803,0
Nalerigu,North East,2020-11-01,0.4746886842169992,0.0,32.471428571428575,20.97142857142857,67.57142857142857,39.96,36.38379460224405,-0.05201614204038879,-9.899999999999999,-39.96,-0.04449277992407391,0
Nalerigu,North East,2020-11-08,0.39135248008448653,0.0,33.114285714285714,22.528571428571432,58.714285714285715,42.51,37.35306529869615,-0.09482074472619378,-0.875,-42.51,-0.5012760993072581,0
Nalerigu,North East,2020-11-15,0.34826855476387597,0.0,33.142857142857146,22.557142857142857,46.42857142857143,46.0,38.1955079349035,-0.08501534419582163,0.0,-46.0,-0.6722195501193702,0
Nalerigu,North East,2020-11-22,0.30518462944326535,0.0,33.74285714285714,22.814285714285713,40.285714285714285,46.2,39.037950571110855,-0.07468895768389139,0.0,-46.2,-0.7648619988719324,0
Nalerigu,North East,2020-11-29,0.3011765212519515,0.2,33.8,22.97142857142857,54.42857142857143,38.24,38.312720357828766,-0.03531902513394336,0.15000000000000002,-38.04,-0.74903695424516,0
Nalerigu,North East,2020-12-06,0.2971684130606376,0.0,34.785714285714285,21.52857142857143,45.42857142857143,41.56,40.35000252703935,-0.015781116569294984,-0.05,-41.56,-0.7412068540392052,0
Nalerigu,North East,2020-12-13,0.276390947210558,0.0,35.357142857142854,22.2,55.42857142857143,38.78,39.87025245122817,-0.018589180531045135,-0.05,-38.78,-0.6816980924739473,0
Nalerigu,North East,2020-12-20,0.2397791027743452,0.0,34.642857142857146,22.24285714285714,47.57142857142857,42.65,38.648637673102144,-0.03884964330002791,-0.05,-42.65,-0.6524382443359049,0
Nalerigu,North East,2020-12-27,0.2540980535033071,0.0,34.3,22.2,24.428571428571427,50.36,39.42717173759212,-0.012761075633904884,0.0,-50.36,-0.7539822806910266,0
Nalerigu,North East,2021-01-03,0.2501194589262294,0.0,34.714285714285715,22.085714285714285,28.571428571428573,47.54,41.031870514505215,-0.004977431677380573,0.0,-47.54,-0.8032707009348273,0
Nalerigu,North East,2021-01-10,0.2401235769804759,0.0,36.58571428571429,23.014285714285712,35.142857142857146,48.26,40.81483245729322,-0.005906471065613483,0.0,-48.26,-0.8814068587795149,0
Nalerigu,North East,2021-01-17,0.23242610140236597,0.0,35.128571428571426,22.5,20.571428571428573,52.58,38.499331850803685,-0.011765696300728629,0.0,-52.58,-0.9632520114586023,0
Nalerigu,North East,2021-01-24,0.2221467693469928,0.0,34.471428571428575,21.75714285714286,17.428571428571427,56.43,38.16707154048328,-0.01405720731702323,0.0,-56.43,-1.013282230669283,0
Nalerigu,North East,2021-01-31,0.2246609151234549,0.0,35.9,22.785714285714285,15.714285714285714,57.55,37.83481123016287,-0.0051784255898675025,0.0,-57.55,-1.095786760207819,0
Nalerigu,North East,2021-02-07,0.2142402246911821,0.0,36.42857142857143,23.62857142857143,16.285714285714285,55.28,38.86688163347827,-0.009128277949816854,0.0,-55.28,-1.1536470796244551,0
Nalerigu,North East,2021-02-14,0.2248716816406685,0.0,37.32857142857143,24.114285714285717,17.571428571428573,56.27,42.50161654705357,0.0033917839400939287,0.0,-56.27,-1.1840608372665329,0
Nalerigu,North East,2021-02-21,0.2063039540808543,0.0,35.32857142857143,23.428571428571427,33.285714285714285,55.51,37.79140932982909,-0.011215239803185645,0.0,-55.51,-1.176478003382871,0
Nalerigu,North East,2021-02-28,0.1855551710931641,0.0,36.05714285714286,23.228571428571428,11.857142857142858,59.96,37.32328565652477,-0.022187586783303154,0.0,-59.96,-1.1963417312737676,0
Nalerigu,North East,2021-03-07,0.1932054984042364,0.0,38.07142857142857,26.285714285714285,33.857142857142854,54.47,44.22543844132201,-0.009278577900494439,0.0,-54.47,-1.1896655405718481,0
Nalerigu,North East,2021-03-14,0.1819023151853166,1.3,36.55714285714286,26.285714285714285,56.42857142857143,41.76,40.85754397048407,-0.009839419505576236,0.9750000000000001,-40.46,-1.0593561887232703,0
Nalerigu,North East,2021-03-21,0.1705991319663968,10.8,36.7,25.9,67.57142857142857,41.0,40.25357146467201,-0.012216397195881662,7.775,-30.2,-0.8507458348151438,0
Nalerigu,North East,2021-03-28,0.183042563632202,1.1,37.528571428571425,26.485714285714288,71.85714285714286,46.089999999999996,39.64959895885994,0.0008551863351640709,-2.2,-44.989999999999995,-0.7273599399907795,0
Nalerigu,North East,2021-04-04,0.1954859952980072,0.0,38.228571428571435,25.485714285714288,23.285714285714285,58.58,41.22444657838872,0.01272849377752655,-3.3000000000000003,-58.58,-0.7612354261449638,0
Nalerigu,North East,2021-04-11,0.191450909758152,0.0,39.1,27.728571428571428,60.142857142857146,48.5,42.01459314666948,0.00630625959446246,-2.975,-48.5,-0.8275028005195719,0
Nalerigu,North East,2021-04-18,0.1945545326193934,6.999999999999999,38.199999999999996,27.7,66.28571428571429,47.62,46.348084251491,0.0034210322924547454,4.975,-40.62,-0.9133866364627836,0
Nalerigu,North East,2021-04-25,0.19383207688427911,33.5,37.114285714285714,26.614285714285717,77.28571428571429,42.09,41.25471217022147,1.198244321182207e-06,23.375,-8.590000000000003,-0.613370165413561,0
Nalerigu,North East,2021-05-02,0.19310962114916486,3.1,37.028571428571425,26.87142857142857,72.42857142857143,44.38,37.978538874897424,-0.00012716395358247645,-7.800000000000001,-41.28,-0.4707799195577494,0
Nalerigu,North East,2021-05-09,0.21284945542133848,17.3,34.542857142857144,25.62857142857143,81.71428571428571,38.48,39.32354669968674,0.014263033902794542,2.0749999999999993,-21.179999999999996,-0.24560272205597036,0
Nalerigu,North East,2021-05-16,0.2325892896935121,2.2,35.42857142857143,25.82857142857143,75.71428571428571,41.39,38.40871019913075,0.024494178906438485,-11.825,-39.19,-0.2338163606933223,0
Nalerigu,North East,2021-05-23,0.21747639273211772,4.7,34.857142857142854,26.25714285714286,75.85714285714286,40.87,37.49387369857476,0.003470202983084425,-2.125000000000001,-36.169999999999995,-0.46113653298831,0
Nalerigu,North East,2021-05-30,0.2023634957707233,2.9000000000000004,34.98571428571429,26.87142857142857,75.0,41.04,37.76819594662896,-0.013956162633699615,-3.875,-38.14,-0.4352559912549431,0
Nalerigu,North East,2021-06-06,0.3052573985067028,6.6,33.68571428571429,25.599999999999998,79.42857142857143,40.15,29.11237668048102,0.0658357543309388,2.5,-33.55,-0.5372121381472201,0
Nalerigu,North East,2021-06-13,0.3163142161393621,8.8,31.985714285714288,24.74285714285714,88.57142857142857,31.09,31.187833049772,0.055961340352135625,3.0500000000000007,-22.29,-0.3979187765886525,0
Nalerigu,North East,2021-06-20,0.3273710337720214,2.2,31.67142857142857,25.02857142857143,84.57142857142857,32.27,34.295651472801524,0.039544497724818994,-2.925,-30.070000000000004,-0.34764129105567854,0
Nalerigu,North East,2021-06-27,0.3291590776980475,16.7,29.071428571428573,22.914285714285715,93.71428571428571,26.1,32.163704134236355,0.00963364616901402,8.125,-9.400000000000002,-0.11076015429868256,0
Nalerigu,North East,2021-07-04,0.33094712162407347,8.9,29.82857142857143,22.842857142857145,93.85714285714286,28.75,28.227967502274225,0.004999259315697335,-0.25,-19.85,0.0021581328819315366,0
Nalerigu,North East,2021-07-11,0.3327351655500995,30.8,30.099999999999998,23.271428571428572,90.71428571428571,29.49,28.36083230986361,0.002682065889039076,16.15,1.3100000000000023,0.19667430641933947,0
Nalerigu,North East,2021-07-18,0.3345232094761255,27.200000000000003,28.657142857142855,22.52857142857143,96.85714285714286,23.880000000000003,28.493697117453,0.0026820658890390203,6.300000000000004,3.3200000000000003,0.4718817231317994,0
Nalerigu,North East,2021-07-25,0.33631125340215157,7.8,29.17142857142857,23.071428571428573,92.42857142857143,28.7,27.670000000000016,0.0026820658890390203,-10.875,-20.9,0.3770962995860286,0
Nalerigu,North East,2021-08-01,0.3380992973281776,203.29999999999998,27.728571428571428,22.37142857142857,96.42857142857143,21.75,28.767218675980587,0.002682065889039076,136.02499999999998,181.54999999999998,2.037077543248485,0
Nalerigu,North East,2021-08-08,0.3398873412542036,52.4,27.957142857142856,22.357142857142858,97.14285714285714,22.060000000000002,28.952310503358405,0.0026820658890390203,-20.275,30.339999999999996,2.2763489211209826,0
Nalerigu,North East,2021-08-15,0.34167538518022966,38.699999999999996,27.085714285714285,22.3,97.85714285714286,21.03,29.137402330736226,0.0026820658890390203,-36.85,17.669999999999995,2.394624645284619,0
Nalerigu,North East,2021-08-22,0.3434634291062557,37.3,27.32857142857143,22.37142857142857,97.28571428571429,20.42,29.594536782456633,0.002682065889039076,-45.625,16.879999999999995,2.7060153671593334,0
Nalerigu,North East,2021-08-29,0.3452514730322817,58.5,27.857142857142858,22.24285714285714,98.28571428571429,21.11,30.051671234177036,0.0026820658890390203,11.775000000000006,37.39,1.5178182664325228,0
Nalerigu,North East,2021-09-05,0.34703951695830776,25.0,28.014285714285712,22.557142857142857,97.0,21.55,30.508805685897443,0.002682065889039076,-14.875,3.4499999999999993,1.2961852195502814,0
Nalerigu,North East,2021-09-12,0.34882756088433375,36.699999999999996,28.685714285714287,22.714285714285715,97.14285714285714,24.63,30.96594013761785,0.0026820658890390203,-2.6750000000000043,12.069999999999997,1.2500288393888623,0
Nalerigu,North East,2021-09-19,0.3506156048103598,14.100000000000001,29.071428571428573,22.5,95.28571428571429,26.58,31.30179321902796,0.002682065889039076,-19.475,-12.479999999999997,1.008037531971138,0
Nalerigu,North East,2021-09-26,0.44333721310918284,2.9,29.428571428571427,22.771428571428572,97.28571428571429,27.849999999999998,29.807609734897937,0.07088223916863678,-16.775000000000002,-24.95,0.494218114245629,0
Nalerigu,North East,2021-10-03,0.5360588214080059,24.999999999999996,30.228571428571428,22.785714285714285,95.57142857142857,29.53,31.623418831496963,0.11634902135503528,5.324999999999999,-4.530000000000005,0.42844527251560716,0
Nalerigu,North East,2021-10-10,0.5424867339615282,6.8,32.128571428571426,23.285714285714285,95.14285714285714,32.69,32.9527153037501,0.07436214063925906,-5.3999999999999995,-25.889999999999997,0.11557095270713229,0
Nalerigu,North East,2021-10-17,0.5489146465150506,0.0,32.957142857142856,23.771428571428572,85.85714285714286,35.81,32.29194834731618,0.031215292766608727,-8.674999999999999,-35.81,-0.07671982392963597,0
Nalerigu,North East,2021-10-24,0.5232994797829464,29.8,29.685714285714287,22.771428571428572,96.14285714285714,25.75,33.03669766501565,-0.014390440633936352,14.400000000000002,4.050000000000001,0.1623042876205689,0
Nalerigu,North East,2021-10-31,0.4976843130508423,1.3,32.54285714285714,22.642857142857142,88.28571428571429,33.95,33.86862743859294,-0.030411980276749573,-8.174999999999999,-32.650000000000006,-0.06946667847569865,0
Nalerigu,North East,2021-11-07,0.4720691463187382,0.5,33.07142857142857,22.342857142857145,79.28571428571429,35.1,34.700557212170224,-0.03842275009815621,-7.4,-34.6,-0.14125633404819113,0
Nalerigu,North East,2021-11-14,0.4402359946351264,0.6,33.07142857142857,23.014285714285712,82.71428571428571,32.57,34.47754877185895,-0.043086238811786914,-7.450000000000001,-31.97,-0.10960624479464674,0
Nalerigu,North East,2021-11-21,0.4084028429515147,0.0,34.67142857142857,22.314285714285713,61.285714285714285,39.14,38.35991256443947,-0.04619523128754072,-0.6,-39.14,-0.4655873267895896,0
Nalerigu,North East,2021-11-28,0.3771612443826418,0.0,35.07142857142857,21.657142857142855,52.142857142857146,41.79,38.09006140705537,-0.04730606268936349,-0.275,-41.79,-0.5409211329816197,0
Nalerigu,North East,2021-12-05,0.3246291292552156,0.0,34.98571428571428,21.685714285714287,40.857142857142854,46.18,37.06120893561115,-0.06297817355090901,-0.15,-46.18,-0.6363659333868393,0
Nalerigu,North East,2021-12-12,0.2175195785690974,0.0,34.714285714285715,22.071428571428573,33.857142857142854,48.230000000000004,33.84080081876078,-0.11440862022051998,0.0,-48.230000000000004,-0.7703842800698163,0
Nalerigu,North East,2021-12-19,0.2267063526203696,0.0,34.028571428571425,21.985714285714288,24.714285714285715,52.1,38.39024613362994,-0.059797723586461515,0.0,-52.1,-0.8772033313005283,0
Nalerigu,North East,2021-12-26,0.2358931266716418,0.0,34.17142857142857,21.900000000000002,22.428571428571427,52.78,38.332164219650295,-0.015293920107439296,0.0,-52.78,-0.9677852273673129,0
Nalerigu,North East,2022-01-02,0.2558296106536546,0.0,33.94285714285714,21.785714285714285,18.857142857142858,53.77,38.274082305670646,0.021842443524963784,0.0,-53.77,-1.0303436069075216,0
Nalerigu,North East,2022-01-09,0.2197049157729835,0.0,32.91428571428571,21.67142857142857,23.285714285714285,48.45,37.393358687961154,-0.014828585656678883,0.0,-48.45,-1.032156893271006,0
Nalerigu,North East,2022-01-16,0.23318883362323925,0.0,34.714285714285715,21.857142857142858,17.0,54.53,36.79239487516418,-0.002965288057140525,0.0,-54.53,-1.0521854653767646,0
Nalerigu,North East,2022-01-23,0.2220917390303694,0.0,32.042857142857144,19.7,15.714285714285714,55.900000000000006,36.1914310623672,-0.0106120357396923,0.0,-55.900000000000006,-1.0779011628952695,0
Nalerigu,North East,2022-01-30,0.2337878063807835,0.0,33.9,20.928571428571427,15.857142857142858,58.61,37.26741458607097,0.006594482678939584,0.0,-58.61,-1.1177934628919242,0
Nalerigu,North East,2022-02-06,0.2179759517290139,0.0,33.81428571428571,20.67142857142857,13.571428571428571,56.86,37.177708986151856,-0.008785130961837584,0.0,-56.86,-1.1871104552414833,0
Nalerigu,North East,2022-02-13,0.2261175738899155,0.0,36.44285714285714,23.357142857142858,18.0,57.55,41.73055594865059,0.0011243061323948922,0.0,-57.55,-1.2120019316856774,0
Nalerigu,North East,2022-02-20,0.2114250244133677,0.0,37.785714285714285,24.5,18.428571428571427,59.730000000000004,40.31811154351561,-0.010901564689902471,0.0,-59.730000000000004,-1.2435695988317905,0
Nalerigu,North East,2022-02-27,0.2045031452766712,0.0,36.885714285714286,24.214285714285715,18.285714285714285,56.78,39.91421712321835,-0.01050227855057087,0.0,-56.78,-1.2284863531718984,0
Nalerigu,North East,2022-03-06,0.21284596122409563,0.6,37.67142857142857,26.400000000000002,52.142857142857146,46.52,40.48668755685844,-0.0008769649769168886,0.44999999999999996,-45.92,-1.1383165676422695,0
Nalerigu,North East,2022-03-13,0.22118877717152005,0.0,38.67142857142857,26.428571428571427,39.285714285714285,54.04,36.871850045486724,0.008698050150106384,-0.15,-54.04,-1.1093864079339517,0
Nalerigu,North East,2022-03-20,0.22953159311894444,18.900000000000002,36.94285714285714,26.25714285714286,69.57142857142857,41.81,33.257012534115006,0.012514223921136602,14.025000000000002,-22.91,-0.8059082083726224,0
Nalerigu,North East,2022-03-27,0.23787440906636886,1.4,37.94285714285714,27.442857142857143,61.714285714285715,43.95,39.908477964217184,0.01251422392113663,-3.8250000000000006,-42.550000000000004,-0.6886215494981599,0
Nalerigu,North East,2022-04-03,0.24621722501379328,2.3,36.857142857142854,26.271428571428572,55.42857142857143,46.629999999999995,39.01108384716457,0.01251422392113663,-3.3500000000000005,-44.33,-0.6755164344166142,0
Nalerigu,North East,2022-04-10,0.2545600409612177,2.3,37.05714285714286,26.32857142857143,72.0,45.12,36.61621196805817,0.01251422392113663,-3.9250000000000007,-42.82,-0.5830388298789143,0
Nalerigu,North East,2022-04-17,0.2629028569086421,13.799999999999999,35.542857142857144,24.52857142857143,80.85714285714286,41.05,37.92829621957526,0.012514223921136658,8.85,-27.25,-0.6188100245040139,0
Nalerigu,North East,2022-04-24,0.27124567285606654,24.599999999999998,34.68571428571428,24.814285714285713,81.0,38.46,36.56562721115949,0.012514223921136602,13.849999999999998,-13.860000000000003,-0.3823409982841735,0
Nalerigu,North East,2022-05-01,0.27958848880349096,27.900000000000002,34.15714285714286,24.7,78.71428571428571,36.17,36.53718343509428,0.012514223921136602,10.750000000000004,-8.27,-0.08512687888760855,0
Nalerigu,North East,2022-05-08,0.28793130475091533,6.6000000000000005,34.2,24.942857142857143,83.28571428571429,36.32,37.481561586833095,0.012514223921136602,-11.625,-29.72,0.02284608184713907,0
Nalerigu,North East,2022-05-15,0.2962741206983398,18.200000000000003,34.41428571428572,25.157142857142855,87.28571428571429,38.35,38.42593973857191,0.012514223921136658,-1.125,-20.15,0.08136577812322375,0
Nalerigu,North East,2022-05-22,0.30461693664576417,32.4,32.628571428571426,24.271428571428572,87.57142857142857,34.49,29.57921674635935,0.012514223921136602,11.125,-2.0900000000000034,0.1783765985696344,0
Nalerigu,North East,2022-05-29,0.3129597525931886,6.2,31.771428571428572,23.685714285714287,91.28571428571429,33.8,35.57741408066323,0.012514223921136602,-9.649999999999999,-27.599999999999998,0.01905466490530829,0
Nalerigu,North East,2022-06-05,0.321302568540613,15.5,33.48571428571429,23.957142857142856,85.14285714285714,38.88,35.993414412136474,0.012514223921136658,-2.5749999999999993,-23.380000000000003,0.07131028101662894,0
Nalerigu,North East,2022-06-12,0.3629021082287336,14.2,30.928571428571427,23.614285714285717,88.85714285714286,31.79,34.060903725562866,0.03745676672665876,-2.875,-17.59,0.09241034051899175,0
Nalerigu,North East,2022-06-19,0.4045016479168542,89.0,29.114285714285717,22.685714285714287,95.0,24.62,29.73308774593545,0.05408512859700687,57.775000000000006,64.38,0.6402700886135472,0
Nalerigu,North East,2022-06-26,0.4461011876049748,20.0,29.3,22.17142857142857,94.85714285714286,28.61,28.61849826626722,0.062399309532180924,-14.674999999999997,-8.61,0.7967896706252158,0
Nalerigu,North East,2022-07-03,0.4522976784722158,25.6,28.385714285714283,22.47142857142857,95.14285714285714,23.78,27.503908786598988,0.0358470229165212,-11.599999999999994,1.8200000000000003,1.0044933813516006,0
Nalerigu,North East,2022-07-10,0.4584941693394568,14.700000000000001,29.75714285714286,22.62857142857143,95.42857142857143,27.73,26.38931930693076,0.018145498506081437,-22.625,-13.03,1.0420778623401845,0
Nalerigu,North East,2022-07-17,0.4646906602066978,19.200000000000003,29.071428571428573,22.514285714285712,94.28571428571429,26.11,30.72406039043966,0.009294736300861528,-0.6749999999999972,-6.909999999999997,0.4544906584638364,0
Nalerigu,North East,2022-07-24,0.4708871510739388,60.7,27.614285714285717,21.857142857142858,95.0,24.29,28.436734455842327,0.009294736300861473,30.65,36.410000000000004,0.8255549861186715,0
Nalerigu,North East,2022-07-31,0.4770836419411798,32.5,28.400000000000002,22.057142857142857,95.85714285714286,24.59,28.765050766529782,0.009294736300861528,0.7249999999999943,7.91,0.8757500495442145,0
Nalerigu,North East,2022-08-07,0.4832801328084208,10.7,28.214285714285715,21.62857142857143,94.14285714285714,27.8,29.09336707721724,0.009294736300861473,-20.075000000000003,-17.1,0.8422042518197548,0
Nalerigu,North East,2022-08-14,0.4894766236756618,19.6,28.52857142857143,22.614285714285717,96.28571428571429,23.81,32.653776228386846,0.009294736300861473,-11.275000000000002,-4.209999999999997,0.8644582208261531,0
Nalerigu,North East,2022-08-21,0.4956731145429028,23.4,27.74285714285714,21.52857142857143,95.42857142857143,23.75,30.33388768898493,0.009294736300861473,1.8499999999999979,-0.3500000000000014,0.5614745539094107,0
Nalerigu,North East,2022-08-28,0.5018696054101438,104.9,27.314285714285713,21.62857142857143,97.28571428571429,20.87,29.944108367536415,0.009294736300861528,65.25,84.03,1.1888716356749829,0
Nalerigu,North East,2022-09-04,0.5080660962773849,41.9,27.52857142857143,21.414285714285715,97.57142857142857,21.55,29.5543290460879,0.009294736300861528,-5.550000000000004,20.349999999999998,1.4975424280044711,0
Nalerigu,North East,2022-09-11,0.5142625871446258,45.6,27.7,21.900000000000002,97.28571428571429,23.240000000000002,24.34397192809655,0.009294736300861528,-8.350000000000001,22.36,1.7165379674489174,0
Nalerigu,North East,2022-09-18,0.5204590780118667,121.10000000000001,27.485714285714288,21.771428571428572,96.85714285714286,19.259999999999998,25.978450362696236,0.009294736300861417,42.72500000000001,101.84,2.55880948328738,0
Nalerigu,North East,2022-09-25,0.5266555688791078,53.3,28.014285714285712,21.585714285714285,98.14285714285714,23.740000000000002,27.61292879729592,0.009294736300861528,-12.174999999999997,29.559999999999995,2.109856264110151,0
Nalerigu,North East,2022-10-02,0.5328520597463489,25.099999999999998,27.614285714285717,21.685714285714287,98.57142857142857,22.11,30.055306747348084,0.009294736300861528,-36.17500000000001,2.9899999999999984,1.9667714856097525,0
Nalerigu,North East,2022-10-09,0.5390485506135898,22.400000000000002,29.25714285714286,21.728571428571428,96.57142857142857,27.91,30.187103760234493,0.009294736300861528,-33.07499999999999,-5.509999999999998,1.7370610721992625,0
Nalerigu,North East,2022-10-16,0.5452450414808307,11.299999999999999,29.75714285714286,22.25714285714286,95.42857142857143,27.57,31.91987196334109,0.009294736300861528,-16.725,-16.270000000000003,0.7635735613304804,0
Nalerigu,North East,2022-10-23,0.5514415323480718,0.0,31.457142857142856,21.7,84.42857142857143,35.59,33.65264016644769,0.009294736300861528,-14.7,-35.59,0.22659353141683072,0
Nalerigu,North East,2022-10-30,0.5037468913995194,0.0,32.7,21.714285714285715,72.14285714285714,40.88,35.385408369554284,-0.031123612560983505,-8.425,-40.88,-0.1349922538834272,0
Nalerigu,North East,2022-11-06,0.430643804446918,0.0,33.2,23.157142857142855,53.714285714285715,42.89,35.72258516122503,-0.077125512971917,-2.8249999999999997,-42.89,-0.4430860914608982,0
Nalerigu,North East,2022-11-13,0.3575407174943166,0.1,33.22857142857143,21.900000000000002,64.14285714285714,39.54,38.07261902355208,-0.10330251892788989,0.07500000000000001,-39.44,-0.6340581143787686,0
Nalerigu,North East,2022-11-20,0.3503147979623268,0.0,33.628571428571426,21.214285714285715,44.142857142857146,45.54,37.62674163549997,-0.060246754863443386,-0.025,-45.54,-0.7160681112727181,0
Nalerigu,North East,2022-11-27,0.3151055377676139,0.0,34.042857142857144,21.957142857142856,35.57142857142857,46.89,37.09223162842403,-0.04829567665017992,-0.025,-46.89,-0.7656037978388122,0
Nalerigu,North East,2022-12-04,0.2984271886136321,0.0,33.628571428571426,21.514285714285712,50.0,38.83,36.653230314363896,-0.03191987184584022,-0.025,-38.83,-0.7321404222217834,0
Nalerigu,North East,2022-12-11,0.2330376916117552,0.0,34.528571428571425,22.7,29.285714285714285,49.38,37.1402655918327,-0.06618361237707676,0.0,-49.38,-0.8140679970083019,0
Nalerigu,North East,2022-12-18,0.23685554416605972,0.0,34.57142857142857,21.085714285714285,27.285714285714285,48.96,35.23479379359159,-0.034000946373705515,0.0,-48.96,-0.84225635774974,0
Nalerigu,North East,2022-12-25,0.24067339672036422,0.0,31.74285714285714,20.685714285714287,22.714285714285715,51.97,33.32932199535048,-0.011575058557588586,0.0,-51.97,-0.8841267883247415,0
Nalerigu,North East,2023-01-01,0.24449124927466875,0.0,32.48571428571429,20.414285714285715,24.0,52.86,34.51737642777712,0.00572677883145678,0.0,-52.86,-0.9997650050505819,0
Nalerigu,North East,2023-01-08,0.1674448249667671,0.0,33.457142857142856,20.614285714285717,23.857142857142858,50.94,34.89540243101179,-0.05492142881519785,0.0,-50.94,-1.0126228538098343,1
Nalerigu,North East,2023-01-15,0.2122522880481035,0.0,33.614285714285714,21.114285714285717,19.857142857142858,53.269999999999996,35.273428434246455,-0.003963151704372392,0.0,-53.269999999999996,-1.0481467821126405,0
Nalerigu,North East,2023-01-22,0.2524224091924144,0.0,34.7,21.414285714285715,21.142857142857142,51.3,36.96501036086136,0.033269716321925935,0.0,-51.3,-1.0426245009147563,0
Nalerigu,North East,2023-01-29,0.2427897557793703,0.0,35.91428571428572,22.071428571428573,28.0,49.33,39.10462473466066,0.024062436282706434,0.0,-49.33,-1.013529496991576,0
Nalerigu,North East,2023-02-05,0.2137403245126787,0.0,36.971428571428575,23.457142857142856,22.0,55.52,38.12295587789339,-0.01656086987046304,0.0,-55.52,-1.0512788221950222,0
Nalerigu,North East,2023-02-12,0.2235635016254835,0.0,36.800000000000004,24.3,24.571428571428573,54.269999999999996,37.24867962195492,-0.009565496152003222,0.0,-54.269999999999996,-1.059521032938133,0
Nalerigu,North East,2023-02-19,0.226441162392518,0.0,35.01428571428571,22.8,17.714285714285715,62.160000000000004,37.53512988982124,-0.00019252368499461658,0.0,-62.160000000000004,-1.1490314416083132,0
Nalerigu,North East,2023-02-26,0.1908093224811327,0.0,37.65714285714286,23.985714285714288,26.0,55.629999999999995,41.45516274133234,-0.022829255271820503,0.0,-55.629999999999995,-1.200957369289909,0
Nalerigu,North East,2023-03-05,0.2297736659120683,0.0,37.9,25.52857142857143,54.57142857142857,46.27,41.2227256646114,0.012126752809267699,0.0,-46.27,-1.1247169199161369,0
Nalerigu,North East,2023-03-12,0.23808758187009424,1.3,38.24285714285714,26.271428571428572,57.0,47.15,40.99028858789046,0.016809648706140934,0.9750000000000001,-45.85,-1.0553175054591466,0
Nalerigu,North East,2023-03-19,0.2464014978281202,0.9,37.48571428571428,24.614285714285717,54.285714285714285,48.43,43.31255685838465,0.020133480805266335,0.35,-47.53,-0.9347339622874397,0
Nalerigu,North East,2023-03-26,0.25471541378614615,8.1,35.5,24.857142857142858,70.0,38.72,38.27848958859812,0.012470873937038912,5.5249999999999995,-30.619999999999997,-0.7285962716022458,0
Nalerigu,North East,2023-04-02,0.2630293297441721,5.0,37.08571428571429,25.62857142857143,65.42857142857143,42.71,35.24592135853641,0.012470873937038884,1.1750000000000003,-37.71,-0.6580429476412202,0
Nalerigu,North East,2023-04-09,0.3045706734963036,16.9,37.58571428571429,25.928571428571427,68.42857142857143,45.24,39.45344334377848,0.03739144478261808,9.174999999999999,-28.340000000000003,-0.513721837529355,0
Nalerigu,North East,2023-04-16,0.3461120172484352,7.4,38.457142857142856,25.614285714285717,71.42857142857143,46.67,40.18824016981716,0.05400515867967093,-1.9499999999999993,-39.27,-0.44564117679126225,0
Nalerigu,North East,2023-04-23,0.3381721592984231,22.2,35.81428571428571,25.928571428571427,76.28571428571429,42.58,35.90568609117554,0.025201114351589615,9.325,-20.38,-0.3612409387818107,0
Nalerigu,North East,2023-04-30,0.330232301348411,11.5,34.1,24.599999999999998,83.71428571428571,35.67,35.77451202870719,0.0004605135005177896,-3.0,-24.17,-0.24964140532009446,0
Nalerigu,North East,2023-05-07,0.32229244339839885,16.2,34.84285714285714,24.885714285714283,82.28571428571429,38.92,35.643337966238846,-0.011909786925018151,1.875,-22.720000000000002,-0.20332018094381338,0
Nalerigu,North East,2023-05-14,0.31435258544838673,19.5,35.17142857142857,25.74285714285714,82.85714285714286,38.94,36.06905262611315,-0.011909786925018206,2.1499999999999986,-19.439999999999998,-0.03987714190793201,0
Nalerigu,North East,2023-05-21,0.3064127274983746,18.3,32.871428571428574,24.900000000000002,86.42857142857143,34.74,36.748107752956685,-0.011909786925018151,1.9250000000000007,-16.44,-0.007402831580076508,0
Nalerigu,North East,2023-05-28,0.3250116374131669,4.2,34.27142857142857,25.314285714285713,86.42857142857143,38.07,36.65779945415932,0.007994288973585117,-10.350000000000001,-33.87,-0.08735227578824846,0
Nalerigu,North East,2023-06-04,0.3376095870309774,5.5,34.18571428571429,25.62857142857143,80.71428571428571,38.19,35.51224250856893,0.016762952683250953,-6.375,-32.69,-0.1695271168970602,0
Nalerigu,North East,2023-06-11,0.3502075366487879,16.4,33.642857142857146,24.357142857142858,85.71428571428571,38.43,31.747237229548205,0.020397164500961185,5.299999999999999,-22.03,-0.19087444272171647,0
Nalerigu,North East,2023-06-18,0.36280548626659836,34.1,31.214285714285715,23.97142857142857,89.14285714285714,29.52,31.91372324052054,0.018896924426715755,19.05,4.580000000000002,-0.017623172901533615,0
Nalerigu,North East,2023-06-25,0.37540343588440883,26.799999999999997,30.400000000000002,23.114285714285717,94.0,27.76,31.90039615361968,0.018896924426715755,6.100000000000001,-0.9600000000000044,0.25362798265423325,0
Nalerigu,North East,2023-07-02,0.38800138550221935,43.9,29.414285714285715,22.457142857142856,96.42857142857143,24.54,31.887069066718823,0.0188969244267157,13.600000000000001,19.36,0.6826350518331352,0
Nalerigu,North East,2023-07-09,0.4005993351200298,13.899999999999999,30.785714285714285,23.17142857142857,96.14285714285714,27.61,32.07448381452326,0.0188969244267157,-15.774999999999999,-13.71,0.7512102452158146,0
Nalerigu,North East,2023-07-16,0.41319728473784034,29.6,29.685714285714287,23.0,94.57142857142857,25.729999999999997,31.22936179486601,0.018896924426715755,1.0500000000000043,3.8700000000000045,0.7453582755882062,0
Nalerigu,North East,2023-07-23,0.4257952343556508,46.0,29.75714285714286,22.75714285714286,96.57142857142857,25.14,29.293323394495246,0.018896924426715755,12.650000000000006,20.86,0.9252033140028776,0
Nalerigu,North East,2023-07-30,0.4383931839734613,36.2,29.400000000000002,22.642857142857142,96.85714285714286,25.05,30.137007492552414,0.018896924426715755,4.775000000000006,11.150000000000002,0.8575347638019403,0
Nalerigu,North East,2023-08-06,0.4509911335912718,58.8,28.785714285714285,22.62857142857143,97.0,22.8,30.98069159060958,0.0188969244267157,16.15,36.0,1.2672550598419636,0
Nalerigu,North East,2023-08-13,0.46358908320908226,75.7,27.571428571428573,22.185714285714287,98.28571428571429,20.740000000000002,30.662413531093176,0.0188969244267157,21.525000000000006,54.96,1.6883496067074792,0
Nalerigu,North East,2023-08-20,0.4761870328268928,42.199999999999996,28.02857142857143,22.057142857142857,97.57142857142857,24.27,30.344135471576767,0.018896924426715755,-11.025000000000006,17.929999999999996,1.6641999292301657,0
Nalerigu,North East,2023-08-27,0.48878498244470325,77.9,28.942857142857143,22.771428571428572,97.71428571428571,24.17,30.02585741206036,0.018896924426715755,14.250000000000007,53.730000000000004,2.015153262671811,0
Nalerigu,North East,2023-09-03,0.5013829320625137,55.4,28.32857142857143,22.25714285714286,98.0,22.81,26.69616257749061,0.018896924426715755,-7.400000000000006,32.59,1.9870473240378042,0
Nalerigu,North East,2023-09-10,0.5139808816803242,38.2,28.900000000000002,22.47142857142857,96.28571428571429,27.21,30.13101915495804,0.018896924426715644,-15.224999999999994,10.990000000000002,1.6246373176632354,0
Nalerigu,North East,2023-09-17,0.5265788312981348,45.0,28.25714285714286,22.75714285714286,98.14285714285714,23.02,32.56432762288665,0.018896924426715755,-9.125,21.98,1.6580182711728328,0
Nalerigu,North East,2023-09-24,0.5391767809159452,32.699999999999996,29.285714285714285,21.928571428571427,98.28571428571429,28.4,28.977777721621408,0.018896924426715755,-10.125000000000007,4.299999999999997,1.2506057941408804,0
Nalerigu,North East,2023-10-01,0.5517747305337557,23.7,30.414285714285715,22.87142857142857,96.0,30.41,28.55222562411683,0.018896924426715755,-11.2,-6.710000000000001,0.9266869119366374,0
Nalerigu,North East,2023-10-08,0.5417314434263685,82.4,28.957142857142856,22.285714285714285,98.42857142857143,24.34,28.49968353825284,0.0019159968828174057,36.45,58.06,1.314647771614849,0
Nalerigu,North East,2023-10-15,0.5316881563189811,25.9,30.428571428571427,22.571428571428573,96.42857142857143,29.09,29.755755546544833,-0.009404621479781494,-15.275000000000006,-3.1900000000000013,1.1071913272107574,0
Nalerigu,North East,2023-10-22,0.5216448692115938,15.5,30.942857142857143,22.814285714285713,93.85714285714286,30.41,31.011827554836827,-0.015064930661080944,-21.375,-14.91,0.9488584588356045,0
Nalerigu,North East,2023-10-29,0.5116015821042066,0.0,32.2,22.614285714285717,87.71428571428571,34.07,33.43774512281385,-0.015064930661080944,-30.950000000000003,-34.07,0.7233515729041011,0
Nalerigu,North East,2023-11-05,0.4583199175523968,0.1,33.285714285714285,23.5,81.85714285714286,34.88,34.04014757909624,-0.04749371374439776,-10.275,-34.78,-0.04185527248627861,0
Nalerigu,North East,2023-11-12,0.4048007013364965,0.5,33.08571428571428,23.557142857142857,83.14285714285714,33.42,35.729887294046364,-0.0692910662146769,-3.5250000000000004,-32.92,-0.28689619787895393,0
Nalerigu,North East,2023-11-19,0.38363714710541713,0.0,33.74285714285714,22.87142857142857,62.57142857142857,40.74,37.54044526432818,-0.055952689919212095,-0.15,-40.74,-0.49979250137349845,0
Nalerigu,North East,2023-11-26,0.3624735928743377,20.5,33.471428571428575,23.47142857142857,68.14285714285714,35.69,37.05080865258276,-0.03983424684282427,15.225,-15.189999999999998,-0.344179562543572,0
Nalerigu,North East,2023-12-03,0.3413100386432584,0.2,34.48571428571429,23.185714285714287,71.14285714285714,36.79,37.05177853027397,-0.031745331346619055,-5.1,-36.589999999999996,-0.3590979639886019,0
Nalerigu,North East,2023-12-10,0.3563797339934783,0.0,33.628571428571426,20.75714285714286,50.0,42.38,35.76458619731122,-0.004570394160644586,-5.175,-42.38,-0.4370692776184274,0
Nalerigu,North East,2023-12-17,0.3542446950318267,0.0,32.48571428571429,20.428571428571427,31.428571428571427,47.71,34.47739386434847,0.0006426798961014502,-5.175,-47.71,-0.4945174864979076,0
Nalerigu,North East,2023-12-24,0.298072620699822,0.0,33.199999999999996,21.17142857142857,24.571428571428573,51.82,35.44430329525915,-0.039429151392274375,-0.05,-51.82,-0.7964296660180455,0
Nalerigu,North East,2023-12-31,0.2921094736021661,0.0,33.01428571428571,20.014285714285712,24.428571428571427,48.58,35.92702441119974,-0.03309215722965719,0.0,-48.58,-0.8952537728279406,0
Sefwi Wiawso,Western North,2019-01-06,0.5144021144942281,0.1,33.88333333333333,22.933333333333334,98.0,24.84,27.7408042810751,0.0,0.0,-24.74,-0.615834068816306,0
Sefwi Wiawso,Western North,2019-01-13,0.6455640854699182,11.1,33.214285714285715,22.685714285714287,98.57142857142857,26.53,27.11300686134524,0.06558098548784497,5.5,-15.430000000000001,-0.7845123495516232,0
Sefwi Wiawso,Western North,2019-01-20,0.609157287635767,16.0,32.114285714285714,23.657142857142855,97.14285714285714,23.19,28.880353179124256,0.01944945843579593,6.933333333333334,-7.190000000000001,-0.8631122742753387,0
Sefwi Wiawso,Western North,2019-01-27,0.5727504898016159,4.6000000000000005,32.785714285714285,23.728571428571428,97.57142857142857,26.22,28.044169739341385,-0.01271800454876637,-3.3499999999999996,-21.619999999999997,-1.0994586404125748,0
Sefwi Wiawso,Western North,2019-02-03,0.5796633234375126,18.3,31.614285714285717,23.900000000000002,97.0,22.810000000000002,28.43113010065093,-0.02212047314869081,5.800000000000001,-4.510000000000002,-0.8783075309326355,0
Sefwi Wiawso,Western North,2019-02-10,0.5865761570734092,26.9,32.15714285714286,23.785714285714285,98.71428571428571,23.91,27.818206825964356,-0.000460657413667076,10.449999999999996,2.9899999999999984,-0.6769430506251475,0
Sefwi Wiawso,Western North,2019-02-17,0.5934889907093058,1.4000000000000001,34.27142857142857,23.75714285714286,98.0,31.09,28.435084720378857,0.010369250453844958,-11.4,-29.69,-0.9229094353655645,0
Sefwi Wiawso,Western North,2019-02-24,0.5661223618388849,12.8,32.92857142857143,24.385714285714283,96.42857142857143,26.55,29.051962614793357,-0.015340346425893214,-2.0500000000000007,-13.75,-0.8368758599030276,0
Sefwi Wiawso,Western North,2019-03-03,0.5560948369345455,8.7,32.271428571428565,23.47142857142857,96.57142857142857,25.41,30.265629967525683,-0.01947574970449084,-3.75,-16.71,-0.9702442996289424,0
Sefwi Wiawso,Western North,2019-03-10,0.5495114507887285,29.099999999999998,33.142857142857146,24.228571428571428,96.42857142857143,27.82,29.68365673219199,-0.01679295927913771,16.099999999999998,1.2799999999999976,-0.9889377448692143,0
Sefwi Wiawso,Western North,2019-03-17,0.5429280646429115,24.1,33.05714285714286,24.042857142857144,97.71428571428571,27.42,28.27622834084985,-0.010736113908356049,5.425000000000001,-3.3200000000000003,-0.7006651419534454,0
Sefwi Wiawso,Western North,2019-03-24,0.5363446784970946,10.6,31.814285714285713,24.042857142857144,97.42857142857143,25.26,29.17872593601959,-0.009875079218725547,-7.525,-14.660000000000002,-0.71061311573628,0
Sefwi Wiawso,Western North,2019-03-31,0.5297612923512776,26.1,32.18571428571429,24.157142857142855,98.0,27.04,28.341923926134086,-0.009875079218725435,3.625,-0.9399999999999977,-0.5382180096315523,0
Sefwi Wiawso,Western North,2019-04-07,0.5231779062054606,55.2,32.3,24.428571428571427,96.57142857142857,27.3,30.13153198802104,-0.009875079218725547,26.200000000000003,27.900000000000002,-0.24721244688533445,0
Sefwi Wiawso,Western North,2019-04-14,0.5298548633325614,40.4,31.82857142857143,23.442857142857143,97.14285714285714,26.25,27.94980511897171,7.017823596289219e-05,7.324999999999996,14.149999999999999,-0.056233213933552885,0
Sefwi Wiawso,Western North,2019-04-21,0.5365318204596623,43.599999999999994,32.31428571428571,23.52857142857143,98.71428571428571,29.7,25.768078249922382,0.006700349872421851,2.2749999999999915,13.899999999999995,0.2559801170969497,0
Sefwi Wiawso,Western North,2019-04-28,0.5432087775867631,24.7,31.285714285714285,24.014285714285712,98.28571428571429,26.12,28.415356443374776,0.01001543569065122,-16.275000000000002,-1.4200000000000017,0.25073283422248743,0
Sefwi Wiawso,Western North,2019-05-05,0.5498857347138639,44.300000000000004,31.400000000000002,24.071428571428573,98.28571428571429,26.240000000000002,27.827581042742224,0.01001543569065122,6.050000000000004,18.060000000000002,0.14316353529601183,0
Sefwi Wiawso,Western North,2019-05-12,0.5565626918409649,30.400000000000002,31.442857142857143,23.814285714285717,98.57142857142857,27.07,28.765049775336195,0.010015435690651331,-5.349999999999998,3.330000000000002,0.02488103383417573,0
Sefwi Wiawso,Western North,2019-05-19,0.5632396489680657,29.099999999999998,30.52857142857143,23.75714285714286,98.57142857142857,24.28,27.61344225438205,0.010015435690651331,-3.025000000000002,4.819999999999997,-0.07438006720773477,0
Sefwi Wiawso,Western North,2019-05-26,0.5699166060951665,38.9,30.271428571428572,23.485714285714288,98.14285714285714,23.87,27.30858493768278,0.01001543569065122,3.2250000000000014,15.029999999999998,0.10544868963581451,0
Sefwi Wiawso,Western North,2019-06-02,0.5765935632222674,56.1,29.314285714285713,23.3,98.14285714285714,21.34,27.00372762098351,0.010015435690651331,17.475,34.760000000000005,0.28801040630981295,0
Sefwi Wiawso,Western North,2019-06-09,0.5832705203493682,22.900000000000002,29.12857142857143,22.857142857142858,96.42857142857143,22.61,26.34121163657872,0.010015435690651331,-13.849999999999998,0.2900000000000027,0.25477761477155225,0
Sefwi Wiawso,Western North,2019-06-16,0.589947477476469,31.8,27.87142857142857,22.599999999999998,96.85714285714286,18.05,25.67869565217393,0.01001543569065122,-5.6249999999999964,13.75,0.3523989399151932,0
Sefwi Wiawso,Western North,2019-06-23,0.59662443460357,23.0,29.914285714285715,23.071428571428573,96.85714285714286,24.82,27.726153846153863,0.010015435690651331,-10.450000000000003,-1.8200000000000003,0.16819744734292544,0
Sefwi Wiawso,Western North,2019-06-30,0.6033013917306708,85.3,28.271428571428572,22.17142857142857,98.0,21.15,25.53720665499128,0.010015435690651331,44.55,64.15,0.48948420501051904,0
Sefwi Wiawso,Western North,2019-07-07,0.6099783488577716,70.5,28.957142857142856,22.900000000000002,97.57142857142857,22.2,25.603932240248923,0.010015435690651331,17.85,48.3,1.0143218108499599,0
Sefwi Wiawso,Western North,2019-07-14,0.6166553059848725,38.699999999999996,27.685714285714287,22.02857142857143,97.42857142857143,20.55,25.670657825506566,0.010015435690651331,-15.675000000000004,18.149999999999995,1.0624219038658638,0
Sefwi Wiawso,Western North,2019-07-21,0.6233322631119733,43.3,28.185714285714287,21.928571428571427,97.71428571428571,19.77,25.73738341076421,0.01001543569065122,-16.150000000000006,23.529999999999998,1.3395440306734,0
Sefwi Wiawso,Western North,2019-07-28,0.6300092202390741,29.9,28.62857142857143,22.3,96.42857142857143,23.28,25.804108996021853,0.01001543569065122,-15.699999999999996,6.619999999999997,0.7106353144904584,0
Sefwi Wiawso,Western North,2019-08-04,0.636686177366175,26.7,27.314285714285713,22.0,95.71428571428571,19.11,25.870834581279496,0.010015435690651331,-7.949999999999999,7.59,0.2656001357001304,0
Sefwi Wiawso,Western North,2019-08-11,0.6433631344932759,25.5,27.528571428571432,21.785714285714285,96.57142857142857,20.93,25.93756016653714,0.010015435690651331,-5.850000000000001,4.57,0.11714575771013665,0
Sefwi Wiawso,Western North,2019-08-18,0.6500400916203768,11.6,28.25714285714286,21.814285714285713,96.28571428571429,22.99,26.004285751794782,0.010015435690651331,-11.824999999999998,-11.389999999999999,-0.2645940714069906,0
Sefwi Wiawso,Western North,2019-08-25,0.6567170487474776,48.5,28.0,22.414285714285715,96.42857142857143,20.71,26.071011337052425,0.01001543569065122,20.425,27.79,-0.03316703296456264,0
Sefwi Wiawso,Western North,2019-09-01,0.6633940058745784,48.0,28.785714285714285,22.185714285714287,97.0,24.31,26.646070274636543,0.01001543569065122,14.600000000000001,23.69,0.142835580116358,0
Sefwi Wiawso,Western North,2019-09-08,0.6700709630016792,42.7,28.0,22.571428571428573,97.85714285714286,19.18,26.690072652590402,0.01001543569065122,5.0,23.520000000000003,0.34999393526439815,0
Sefwi Wiawso,Western North,2019-09-15,0.6767479201287802,37.0,28.61428571428571,22.542857142857144,97.42857142857143,22.02,26.73407503054426,0.010015435690651331,-7.049999999999997,14.98,0.6382665381801669,0
Sefwi Wiawso,Western North,2019-09-22,0.683424877255881,53.400000000000006,28.942857142857143,22.74285714285714,97.71428571428571,22.48,26.77807740849812,0.010015435690651331,8.125,30.920000000000005,0.6724831952573894,0
Sefwi Wiawso,Western North,2019-09-29,0.6901018343829819,44.5,29.185714285714287,22.685714285714287,98.28571428571429,21.67,28.090158074118165,0.010015435690651331,0.09999999999999432,22.83,0.6630818134406445,0
Sefwi Wiawso,Western North,2019-10-06,0.6967787915100827,128.5,28.228571428571428,22.614285714285717,98.42857142857143,20.47,29.40223873973821,0.01001543569065122,62.64999999999999,108.03,1.5869315545256506,0
Sefwi Wiawso,Western North,2019-10-13,0.7034557486371835,83.4,27.985714285714288,22.414285714285715,98.14285714285714,19.080000000000002,27.252061039939747,0.01001543569065122,5.949999999999989,64.32000000000001,2.126308506663081,0
Sefwi Wiawso,Western North,2019-10-20,0.7101327057642843,39.699999999999996,29.2,22.87142857142857,98.42857142857143,22.4,27.31214949910094,0.01001543569065122,-34.32500000000001,17.299999999999997,1.9774168551002151,0
Sefwi Wiawso,Western North,2019-10-27,0.7168096628913853,48.8,29.014285714285712,22.785714285714285,98.57142857142857,22.66,29.297350724637734,0.010015435690651331,-26.299999999999997,26.139999999999997,2.013601243255361,0
Sefwi Wiawso,Western North,2019-11-03,0.7234866200184861,45.9,29.314285714285713,22.614285714285717,98.57142857142857,23.31,27.34051681706319,0.01001543569065122,-8.550000000000004,22.59,1.079584891601084,0
Sefwi Wiawso,Western North,2019-11-10,0.730163577145587,15.7,29.87142857142857,22.771428571428572,99.57142857142857,24.35,28.88867045281688,0.010015435690651331,-21.825,-8.650000000000002,0.281888576289607,0
Sefwi Wiawso,Western North,2019-11-17,0.7368405342726878,22.8,29.985714285714288,23.24285714285714,99.71428571428571,22.16,28.87776608246253,0.010015435690651331,-10.499999999999996,0.6400000000000006,0.09976413318848047,0
Sefwi Wiawso,Western North,2019-11-24,0.7435174913997886,13.4,30.599999999999998,23.057142857142857,98.85714285714286,24.62,28.525511964654243,0.01001543569065122,-11.049999999999999,-11.22,-0.30864938387382973,0
Sefwi Wiawso,Western North,2019-12-01,0.7334814010184754,3.0,31.514285714285712,23.385714285714283,99.42857142857143,26.37,28.17325784684596,-0.0025193499406592768,-10.725,-23.37,-0.8110767191035883,0
Sefwi Wiawso,Western North,2019-12-08,0.723445310637162,15.0,31.085714285714285,23.3,99.14285714285714,23.44,27.095899323169878,-0.010875873694866423,1.4499999999999993,-8.440000000000001,-0.808781032846011,0
Sefwi Wiawso,Western North,2019-12-15,0.7134092202558486,5.5,30.228571428571428,22.771428571428572,99.42857142857143,22.92,26.142746377613094,-0.015054135571969995,-3.7249999999999996,-17.42,-1.0062100509976524,0
Sefwi Wiawso,Western North,2019-12-22,0.7033731298745354,6.4,31.82857142857143,23.485714285714288,99.57142857142857,24.19,27.337986691891388,-0.015054135571969995,-1.0750000000000002,-17.79,-1.0780322353418543,0
Sefwi Wiawso,Western North,2019-12-29,0.6933370394932221,0.5,32.6,23.042857142857144,99.85714285714286,26.89,27.32924514230166,-0.015054135571969884,-6.35,-26.39,-1.111046390093679,0
Sefwi Wiawso,Western North,2020-01-05,0.6833009491119088,0.1,32.5,20.942857142857143,81.85714285714286,33.03,25.298079707855777,-0.015054135571969995,-3.025,-32.93,-1.3787671350844706,0
Sefwi Wiawso,Western North,2020-01-12,0.5919357953388183,5.5,34.01428571428571,21.057142857142857,90.57142857142857,29.13,27.541570022365818,-0.0760509331158028,2.375,-23.63,-1.4466538572728256,1
Sefwi Wiawso,Western North,2020-01-19,0.4872420174014389,2.3,34.47142857142857,23.485714285714288,98.14285714285714,28.72,27.490318679791244,-0.12671193293490812,0.20000000000000018,-26.419999999999998,-1.5409956306199277,1
Sefwi Wiawso,Western North,2020-01-26,0.3825482394640594,5.2,34.457142857142856,23.957142857142856,98.28571428571429,28.81,27.70231782054367,-0.15370851086499687,1.9250000000000003,-23.61,-1.5106051173053343,1
Sefwi Wiawso,Western North,2020-02-02,0.5634528230122107,0.0,35.4,23.085714285714285,97.71428571428571,32.36,29.69960411428002,0.057158104208078875,-3.25,-32.36,-1.5043739688919104,0
Sefwi Wiawso,Western North,2020-02-09,0.5324633456886199,0.2,35.614285714285714,22.52857142857143,98.71428571428571,34.03,29.32408761798871,0.041036739297037605,-1.725,-33.83,-1.6158787299742328,0
Sefwi Wiawso,Western North,2020-02-16,0.5332903448822934,1.8,35.9,23.74285714285714,97.28571428571429,33.629999999999995,28.9485711216974,0.030351656620497547,0.0,-31.829999999999995,-1.6750199807051507,0
Sefwi Wiawso,Western North,2020-02-23,0.5341173440759671,8.3,35.357142857142854,25.214285714285715,94.14285714285714,29.57,29.47221046718471,-0.006713620338805626,5.7250000000000005,-21.27,-1.6494394766921472,0
Sefwi Wiawso,Western North,2020-03-01,0.5349443432696407,3.2,35.97142857142857,25.74285714285714,92.57142857142857,32.71,30.28690704473297,0.0012404987905104692,-0.17499999999999982,-29.51,-1.6182837346250278,0
Sefwi Wiawso,Western North,2020-03-08,0.5357713424633144,28.099999999999998,32.9,24.571428571428573,97.28571428571429,24.22,29.12047374097739,0.0012404987905104692,17.75,3.879999999999999,-1.2060440738000888,0
Sefwi Wiawso,Western North,2020-03-15,0.5365983416569879,23.900000000000002,32.228571428571435,24.542857142857144,97.0,24.63,25.536985798878675,0.0012404987905103582,8.025000000000002,-0.7299999999999969,-0.8660638708922236,0
Sefwi Wiawso,Western North,2020-03-22,0.5374253408506616,29.0,32.82857142857143,24.74285714285714,95.85714285714286,27.59,30.4125587691496,0.0012404987905104692,7.949999999999999,1.4100000000000001,-0.6181297550738833,0
Sefwi Wiawso,Western North,2020-03-29,0.5382523400443352,28.6,31.614285714285717,23.67142857142857,96.71428571428571,26.39,26.70784161180933,0.0012404987905104692,1.2000000000000028,2.210000000000001,-0.27137181178650427,0
Sefwi Wiawso,Western North,2020-04-05,0.5390793392380089,27.5,32.714285714285715,23.87142857142857,97.85714285714286,26.9,28.126749199000272,0.0012404987905104692,0.25,0.6000000000000014,-0.3072282447619961,0
Sefwi Wiawso,Western North,2020-04-12,0.5399063384316825,37.8,32.42857142857143,23.685714285714287,98.0,27.8,29.545656786191216,0.0012404987905103582,7.074999999999999,9.999999999999996,-0.18992960883912177,0
Sefwi Wiawso,Western North,2020-04-19,0.5407333376253561,31.5,32.142857142857146,24.157142857142855,97.42857142857143,29.36,28.317006096709576,0.0012404987905104692,0.15000000000000213,2.1400000000000006,-0.18194936613421048,0
Sefwi Wiawso,Western North,2020-04-26,0.5415603368190297,23.900000000000002,31.685714285714287,23.47142857142857,97.28571428571429,27.85,29.43871908919772,0.0012404987905104692,-6.274999999999999,-3.9499999999999993,-0.24928949635647574,0
Sefwi Wiawso,Western North,2020-05-03,0.5423873360127034,22.7,33.15714285714286,23.928571428571427,97.0,32.29,27.178932259427143,0.0012404987905104692,-6.275000000000002,-9.59,-0.36068493904558024,0
Sefwi Wiawso,Western North,2020-05-10,0.543214335206377,9.4,32.3,24.099999999999998,97.71428571428571,27.630000000000003,29.016526385552083,0.0012404987905103582,-12.475,-18.230000000000004,-0.6692907630998901,0
Sefwi Wiawso,Western North,2020-05-17,0.5440413344000506,37.9,31.885714285714283,23.457142857142856,96.85714285714286,26.52,28.319662966808664,0.0012404987905104692,14.424999999999997,11.379999999999999,-0.5682805677664922,0
Sefwi Wiawso,Western North,2020-05-24,0.5448683335937242,8.7,31.657142857142855,23.585714285714285,97.42857142857143,27.78,27.622799548065245,0.0012404987905104692,-10.974999999999998,-19.080000000000002,-0.7336792967052704,0
Sefwi Wiawso,Western North,2020-05-31,0.5456953327873979,45.8,30.32857142857143,23.37142857142857,98.85714285714286,22.77,26.108583066814475,0.0012404987905104692,20.35,23.029999999999998,-0.3770826980282747,0
Sefwi Wiawso,Western North,2020-06-07,0.5465223319810715,24.099999999999998,30.52857142857143,23.285714285714285,98.28571428571429,24.48,24.594366585563705,0.0012404987905103582,-5.024999999999999,-0.38000000000000256,-0.18194936613421056,0
Sefwi Wiawso,Western North,2020-06-14,0.5473493311747452,83.3,29.442857142857143,22.642857142857142,98.57142857142857,21.8,25.562183292781867,0.0012404987905104692,42.825,61.5,0.3659544206742206,0
Sefwi Wiawso,Western North,2020-06-21,0.5481763303684187,51.0,28.271428571428572,22.900000000000002,97.42857142857143,19.78,26.53000000000003,0.0012404987905104692,-0.04999999999999716,31.22,0.915825938560575,0
Sefwi Wiawso,Western North,2020-06-28,0.5490033295620924,35.4,28.97142857142857,22.485714285714288,98.14285714285714,21.39,26.15378859390366,0.0012404987905104692,-13.049999999999997,14.009999999999998,0.8172207478779724,0
Sefwi Wiawso,Western North,2020-07-05,0.549830328755766,28.9,27.285714285714285,22.514285714285712,97.0,16.02,25.77757718780729,0.0012404987905103582,-20.75,12.879999999999999,0.9621769372849915,0
Sefwi Wiawso,Western North,2020-07-12,0.5506573279494397,43.1,28.400000000000002,22.342857142857145,97.0,19.91,25.401365781710922,0.0012404987905104692,3.5,23.19,0.5433781728669748,0
Sefwi Wiawso,Western North,2020-07-19,0.5514843271431132,17.8,28.057142857142857,21.585714285714285,96.71428571428571,21.0,25.02515437561455,0.0012404987905104692,-13.5,-3.1999999999999993,0.16710426341074572,0
Sefwi Wiawso,Western North,2020-07-26,0.5523113263367869,19.900000000000002,28.7,22.142857142857142,96.0,23.42,24.64894296951818,0.0012404987905104692,-7.525000000000002,-3.5199999999999996,-0.02453087990034356,0
Sefwi Wiawso,Western North,2020-08-02,0.5531383255304605,12.9,29.099999999999998,21.7,95.57142857142857,24.34,24.27273156342181,0.0012404987905103582,-10.525,-11.44,-0.2903932122064299,0
Sefwi Wiawso,Western North,2020-08-09,0.5539653247241341,5.5,29.085714285714285,19.857142857142858,96.28571428571429,27.91,25.738127118644115,0.0012404987905103582,-8.525,-22.41,-0.7888850852803416,0
Sefwi Wiawso,Western North,2020-08-16,0.5547923239178078,11.8,28.985714285714288,21.414285714285715,94.14285714285714,24.31,26.206262133777276,0.0012404987905104692,-0.7249999999999996,-12.509999999999998,-0.8906605093662653,0
Sefwi Wiawso,Western North,2020-08-23,0.5556193231114813,11.2,29.642857142857142,22.085714285714285,94.42857142857143,24.939999999999998,28.15257409440176,0.0012404987905104692,0.8499999999999996,-13.739999999999998,-1.0023839072350236,0
Sefwi Wiawso,Western North,2020-08-30,0.556446322305155,10.9,29.599999999999998,21.9,95.28571428571429,25.36,27.993167445872018,0.0012404987905104692,1.049999999999999,-14.459999999999999,-1.0353980619868486,0
Sefwi Wiawso,Western North,2020-09-06,0.5572733214988286,13.4,29.928571428571427,22.457142857142856,93.57142857142857,25.45,27.83376079734228,0.0012404987905103582,1.5749999999999993,-12.049999999999999,-0.9221442066130386,0
Sefwi Wiawso,Western North,2020-09-13,0.5581003206925023,46.1,29.228571428571428,22.442857142857143,96.71428571428571,21.59,27.535619081279282,0.0012404987905104692,25.700000000000003,24.51,-0.5174475149201392,0
Sefwi Wiawso,Western North,2020-09-20,0.5589273198861758,94.2,28.485714285714288,22.157142857142855,97.14285714285714,20.51,27.23747736521629,0.0012404987905104692,53.05,73.69,0.4383231969845122,0
Sefwi Wiawso,Western North,2020-09-27,0.5597543190798495,62.8,29.585714285714285,22.571428571428573,97.28571428571429,25.0,26.939335649153293,0.0012404987905104692,8.674999999999997,37.8,1.0096211199415874,0
Sefwi Wiawso,Western North,2020-10-04,0.5605813182735231,39.9,29.0,22.25714285714286,98.0,23.35,23.65011409689029,0.0012404987905103582,-20.85000000000001,16.549999999999997,1.3222717245449622,0
Sefwi Wiawso,Western North,2020-10-11,0.5614083174671968,57.2,28.7,22.67142857142857,97.71428571428571,20.88,20.36089254462729,0.0012404987905104692,-6.324999999999996,36.32000000000001,1.4513767469353762,0
Sefwi Wiawso,Western North,2020-10-18,0.5622353166608703,74.2,29.071428571428573,22.47142857142857,98.42857142857143,22.66,27.00640355311617,0.0012404987905104692,15.674999999999997,51.540000000000006,1.2092365059575882,0
Sefwi Wiawso,Western North,2020-10-25,0.563062315854544,19.8,29.67142857142857,23.0,98.42857142857143,23.42,26.780581245115684,0.0012404987905104692,-27.975000000000005,-3.620000000000001,0.756439721248785,0
Sefwi Wiawso,Western North,2020-11-01,0.5638893150482176,24.8,29.857142857142858,23.02857142857143,99.14285714285714,24.3,26.5547589371152,0.0012404987905103582,-19.200000000000006,0.5,0.5809837001339543,0
Sefwi Wiawso,Western North,2020-11-08,0.5647163142418913,16.099999999999998,30.542857142857144,23.228571428571428,99.14285714285714,23.95,27.536514861299224,0.0012404987905104692,-17.625000000000004,-7.850000000000001,0.09812435729021113,0
Sefwi Wiawso,Western North,2020-11-15,0.5655433134355649,16.6,30.599999999999998,22.842857142857145,99.0,26.94,28.26585745599249,0.0012404987905104692,-2.725000000000005,-10.34,-0.5783378599425447,0
Sefwi Wiawso,Western North,2020-11-22,0.5663703126292385,10.5,30.485714285714288,22.942857142857143,98.71428571428571,24.61,28.995200050685757,0.0012404987905104692,-6.500000000000007,-14.11,-0.693012854428188,0
Sefwi Wiawso,Western North,2020-11-29,0.5671973118229121,5.9,29.885714285714283,23.014285714285712,98.57142857142857,20.61,26.030441963426316,0.0012404987905103582,-6.375000000000007,-14.709999999999999,-0.8592861305127099,0
Sefwi Wiawso,Western North,2020-12-06,0.5680243110165858,3.4000000000000004,31.071428571428573,23.0,98.14285714285714,23.85,27.78421199518453,0.0012404987905104692,-5.700000000000006,-20.450000000000003,-0.9970273059673435,0
Sefwi Wiawso,Western North,2020-12-13,0.5688513102102594,12.700000000000001,30.75714285714286,22.97142857142857,99.0,20.08,26.978148423966672,0.0012404987905104692,4.574999999999994,-7.379999999999997,-0.9646690615748265,0
Sefwi Wiawso,Western North,2020-12-20,0.569678309403933,18.200000000000003,30.485714285714288,22.5,98.85714285714286,20.18,25.98512462535558,0.0012404987905104692,8.149999999999995,-1.9799999999999969,-0.8320658506014371,0
Sefwi Wiawso,Western North,2020-12-27,0.5705053085976066,11.299999999999999,30.985714285714288,22.985714285714288,99.28571428571429,22.41,26.829150757176308,0.0012404987905103582,-0.10000000000000853,-11.110000000000001,-0.7927112290429704,0
Sefwi Wiawso,Western North,2021-01-03,0.5713323077912803,1.7,32.51428571428571,23.900000000000002,98.0,26.54,27.62270835927029,0.0012404987905104692,-9.27500000000001,-24.84,-0.8407020036656563,0
Sefwi Wiawso,Western North,2021-01-10,0.5721593069849539,14.100000000000001,31.4,23.271428571428572,98.0,23.12,27.458145920469065,0.0012404987905104692,2.7749999999999932,-9.02,-0.8586302201534022,0
Sefwi Wiawso,Western North,2021-01-17,0.5778765215792263,4.6000000000000005,31.62857142857143,22.928571428571427,98.57142857142857,24.3,24.71568291234428,0.004908160340959533,-3.3250000000000064,-19.7,-1.052342412935633,0
Sefwi Wiawso,Western North,2021-01-24,0.5835937361734989,4.6,32.357142857142854,22.142857142857142,99.0,26.240000000000002,26.0899605332655,0.00735326804125902,-1.6500000000000075,-21.64,-1.167454680994148,0
Sefwi Wiawso,Western North,2021-01-31,0.5893109507677713,1.2,33.528571428571425,23.2,97.28571428571429,27.93,27.46423815418672,0.008575821891408708,-4.925000000000007,-26.73,-1.188115857312343,0
Sefwi Wiawso,Western North,2021-02-07,0.588699610490711,7.9,33.91428571428572,24.099999999999998,96.14285714285714,26.74,27.57859215114865,0.0038294057379091306,3.324999999999993,-18.839999999999996,-1.2954665194523827,0
Sefwi Wiawso,Western North,2021-02-14,0.5880882702136507,4.6,34.55714285714286,24.32857142857143,94.85714285714286,30.080000000000002,24.98941988512865,0.0006651283022427457,0.02499999999999325,-25.480000000000004,-1.3586525507323655,0
Sefwi Wiawso,Western North,2021-02-21,0.5874769299365904,39.5,32.957142857142856,23.400000000000002,97.57142857142857,26.96,27.54527516350305,-0.0009170104155904468,26.199999999999992,12.54,-0.9850022827133675,0
Sefwi Wiawso,Western North,2021-02-28,0.5868655896595302,10.3,34.385714285714286,23.32857142857143,96.57142857142857,30.4,29.30749973835691,-0.0009170104155903358,-5.275000000000006,-20.099999999999998,-0.9125241880098579,0
Sefwi Wiawso,Western North,2021-03-07,0.5862542493824698,20.8,33.9,24.428571428571427,95.85714285714286,27.82,29.9794497024223,-0.0009170104155904468,1.999999999999993,-7.02,-0.7833098472262255,0
Sefwi Wiawso,Western North,2021-03-14,0.5856429091054096,39.4,31.942857142857143,24.071428571428573,96.71428571428571,22.89,30.98544482231739,-0.0009170104155904468,11.899999999999991,16.509999999999998,-0.3242819141039984,0
Sefwi Wiawso,Western North,2021-03-21,0.5850315688283493,13.1,31.37142857142857,23.12857142857143,96.57142857142857,25.89,30.870390880560734,-0.0009170104155904468,-7.80000000000001,-12.790000000000001,-0.601185404125099,0
Sefwi Wiawso,Western North,2021-03-28,0.584420228551289,30.099999999999998,32.32857142857143,23.185714285714287,96.14285714285714,29.28,30.75533693880408,-0.0009170104155904468,4.249999999999993,0.8199999999999967,-0.3724913255131202,0
Sefwi Wiawso,Western North,2021-04-04,0.5838088882742287,12.1,33.82857142857143,24.057142857142857,97.71428571428571,31.14,26.078147877013294,-0.0009170104155904468,-11.575000000000005,-19.04,-0.503892034161112,0
Sefwi Wiawso,Western North,2021-04-11,0.5831975479971684,30.1,33.1,24.185714285714287,97.42857142857143,27.71,31.64545710711525,-0.0009170104155904468,8.749999999999993,2.3900000000000006,-0.6582496053848758,0
Sefwi Wiawso,Western North,2021-04-18,0.5825862077201082,24.2,33.471428571428575,24.114285714285717,97.71428571428571,30.08,30.952517367273455,-0.0009170104155903358,0.07499999999999218,-5.879999999999999,-0.5827105956712633,0
Sefwi Wiawso,Western North,2021-04-25,0.5819748674430478,19.799999999999997,33.042857142857144,24.02857142857143,97.28571428571429,28.17,28.31945737368858,-0.0009170104155904468,-1.7500000000000107,-8.370000000000005,-0.6831741990385715,0
Sefwi Wiawso,Western North,2021-05-02,0.5813635271659876,21.1,33.214285714285715,24.2,97.42857142857143,30.89,28.456051540023,-0.0009170104155904468,-2.7000000000000064,-9.79,-0.5820546853119555,0
Sefwi Wiawso,Western North,2021-05-09,0.5807521868889273,21.599999999999998,31.37142857142857,23.685714285714287,95.85714285714286,25.88,28.54180953030675,-0.0009170104155904468,-0.0750000000000064,-4.280000000000001,-0.6549700535883369,0
Sefwi Wiawso,Western North,2021-05-16,0.5801408466118669,26.0,32.94285714285714,23.657142857142855,96.14285714285714,29.68,27.821422683661012,-0.0009170104155904468,3.874999999999993,-3.6799999999999997,-0.630920007080385,0
Sefwi Wiawso,Western North,2021-05-23,0.5795295063348067,117.89999999999999,31.04285714285714,23.17142857142857,98.71428571428571,25.43,27.101035837015274,-0.0009170104155904468,71.24999999999999,92.47,0.4714466701295551,0
Sefwi Wiawso,Western North,2021-05-30,0.5789181660577464,38.4,32.214285714285715,24.0,97.28571428571429,27.77,27.333231805065736,-0.0009170104155904468,-12.57500000000001,10.629999999999999,0.6946748290806356,0
Sefwi Wiawso,Western North,2021-06-06,0.5783068257806862,50.8,30.314285714285713,23.37142857142857,98.42857142857143,23.33,27.43997343932142,-0.0009170104155903358,-7.475000000000001,27.47,1.0417607275476686,0
Sefwi Wiawso,Western North,2021-06-13,0.5776954855036258,39.7,30.571428571428573,22.942857142857143,98.85714285714286,24.38,28.51690257879659,-0.0009170104155904468,-22.000000000000007,15.320000000000004,1.2494656746617985,0
Sefwi Wiawso,Western North,2021-06-20,0.5770841452265656,25.4,29.900000000000002,23.085714285714285,97.71428571428571,23.69,27.632341350033755,-0.0009170104155904468,-13.175000000000004,1.7099999999999973,0.2572919378155653,0
Sefwi Wiawso,Western North,2021-06-27,0.5764728049495053,88.3,28.25714285714286,21.814285714285713,98.42857142857143,18.6,26.74778012127092,-0.0009170104155904468,37.24999999999999,69.69999999999999,0.9030356865540734,0
Sefwi Wiawso,Western North,2021-07-04,0.5758614646724449,49.900000000000006,28.685714285714287,21.885714285714283,98.57142857142857,21.18,25.863218892508087,-0.0009170104155904468,-0.9250000000000043,28.720000000000006,0.9167004857063188,0
Sefwi Wiawso,Western North,2021-07-11,0.5752501243953847,36.2,29.385714285714283,21.785714285714285,97.71428571428571,25.91,26.32940646673822,-0.0009170104155904468,-13.75,10.290000000000003,0.8617133339176832,0
Sefwi Wiawso,Western North,2021-07-18,0.5746387841183244,52.4,28.17142857142857,22.32857142857143,96.0,20.52,26.795594040968357,-0.0009170104155904468,-4.300000000000011,31.88,1.1915269262562782,0
Sefwi Wiawso,Western North,2021-07-25,0.5740274438412641,9.200000000000001,29.0,21.914285714285715,94.71428571428571,25.09,25.646667753782424,-0.0009170104155903358,-27.72500000000001,-15.889999999999999,0.2558707987037319,0
Sefwi Wiawso,Western North,2021-08-01,0.5734161035642038,31.0,28.928571428571427,21.87142857142857,96.42857142857143,23.5,25.15151623139209,-0.0009170104155904468,-1.20000000000001,7.5,0.0238971682952141,0
Sefwi Wiawso,Western North,2021-08-08,0.5728047632871436,22.0,29.157142857142855,22.357142857142858,96.28571428571429,23.75,24.656364709001757,-0.0009170104155904468,-6.650000000000006,-1.75,-0.10772217713921349,0
Sefwi Wiawso,Western North,2021-08-15,0.5721934230100832,37.4,29.014285714285712,21.97142857142857,96.28571428571429,23.18,24.161213186611423,-0.0009170104155904468,12.499999999999993,14.219999999999999,-0.3007784595621364,0
Sefwi Wiawso,Western North,2021-08-22,0.5715820827330229,45.1,28.599999999999998,21.8,96.71428571428571,20.490000000000002,23.666061664221086,-0.0009170104155904468,11.224999999999994,24.61,0.14196103297061424,0
Sefwi Wiawso,Western North,2021-08-29,0.5709707424559627,57.1,28.714285714285715,22.571428571428573,97.57142857142857,20.04,23.170910141830753,-0.0009170104155904468,16.699999999999996,37.06,0.46510620332291325,0
Sefwi Wiawso,Western North,2021-09-05,0.5703594021789024,69.8,28.428571428571427,22.7,97.14285714285714,20.69,22.67575861944042,-0.0009170104155904468,17.44999999999999,49.11,1.0210995512294736,0
Sefwi Wiawso,Western North,2021-09-12,0.5697480619018421,30.4,29.342857142857145,22.442857142857143,97.28571428571429,23.12,22.180607097050085,-0.0009170104155903358,-20.20000000000001,7.279999999999998,0.9452325863362072,0
Sefwi Wiawso,Western North,2021-09-19,0.5691367216247818,123.89999999999999,28.985714285714288,22.385714285714283,98.14285714285714,22.1,27.13591029333969,-0.0009170104155904468,53.59999999999998,101.79999999999998,1.7890612635856646,0
Sefwi Wiawso,Western North,2021-09-26,0.5685253813477216,78.10000000000001,28.75714285714286,22.599999999999998,98.28571428571429,20.46,25.88312187523178,-0.0009170104155904468,2.549999999999997,57.64000000000001,2.0140385168282324,0
Sefwi Wiawso,Western North,2021-10-03,0.5679140410706612,135.6,29.414285714285715,22.714285714285715,98.14285714285714,23.4,27.02557877609132,-0.0009170104155904468,43.599999999999994,112.19999999999999,2.7037282596403616,0
Sefwi Wiawso,Western North,2021-10-10,0.5673027007936009,38.0,30.057142857142857,22.985714285714288,99.14285714285714,24.74,28.61822474782917,-0.0009170104155904468,-55.900000000000006,13.260000000000002,2.7691006587847036,0
Sefwi Wiawso,Western North,2021-10-17,0.5666913605165407,32.8,30.514285714285712,23.014285714285712,98.71428571428571,26.53,27.346071996219848,-0.0009170104155904468,-38.325,6.269999999999996,1.724782048373502,0
Sefwi Wiawso,Western North,2021-10-24,0.5660800202394803,41.6,29.142857142857142,22.557142857142857,98.28571428571429,21.740000000000002,27.31270095464771,-0.0009170104155904468,-20.4,19.86,1.3117771587960374,0
Sefwi Wiawso,Western North,2021-10-31,0.5654686799624201,57.8,30.042857142857144,22.185714285714287,99.0,25.68,27.12349289806926,-0.0009170104155903358,15.249999999999993,32.12,0.4363554659065888,0
Sefwi Wiawso,Western North,2021-11-07,0.5648573396853598,8.6,30.400000000000002,22.37142857142857,99.0,27.59,26.934284841490808,-0.0009170104155904468,-26.6,-18.990000000000002,0.0838036477786577,0
Sefwi Wiawso,Western North,2021-11-14,0.5642459994082996,46.6,30.12857142857143,22.614285714285717,99.14285714285714,23.55,29.1800822603268,-0.0009170104155904468,7.949999999999996,23.05,0.2672399115983999,0
Sefwi Wiawso,Western North,2021-11-21,0.5636346591312392,33.3,31.314285714285713,22.457142857142856,99.57142857142857,26.44,27.959415332516187,-0.0009170104155904468,-3.275000000000013,6.859999999999996,0.12512600041504784,0
Sefwi Wiawso,Western North,2021-11-28,0.5843792338081364,15.3,31.3,22.457142857142856,99.14285714285714,26.41,28.820671411564547,0.015099925799877623,-10.650000000000006,-11.11,-0.34745741346620673,0
Sefwi Wiawso,Western North,2021-12-05,0.6051238084850336,8.2,31.714285714285715,22.957142857142856,98.85714285714286,27.32,27.815392447621434,0.025777883276856373,-17.65000000000001,-19.12,-0.34887855257804024,0
Sefwi Wiawso,Western North,2021-12-12,0.6258683831619306,1.8,32.628571428571426,23.657142857142855,98.0,28.07,26.797076624636304,0.031116862015345692,-12.850000000000005,-26.27,-0.8880368679290344,0
Sefwi Wiawso,Western North,2021-12-19,0.6466129578388278,10.9,33.028571428571425,23.114285714285717,98.85714285714286,28.28,27.11325528500481,0.031116862015345692,1.8499999999999925,-17.380000000000003,-1.1530246530893768,0
Sefwi Wiawso,Western North,2021-12-26,0.6673575325157249,0.3,34.34285714285714,22.314285714285713,97.85714285714286,31.69,27.08614846978051,0.031116862015345692,-5.000000000000007,-31.39,-1.3747223545354061,0
Sefwi Wiawso,Western North,2022-01-02,0.6585502413043902,4.8,34.42857142857143,23.5,98.0,29.68,27.05904165455621,0.008952962599171777,0.34999999999999254,-24.88,-1.4376897490289529,0
Sefwi Wiawso,Western North,2022-01-09,0.6497429500930556,2.8,34.91428571428572,23.52857142857143,98.14285714285714,30.009999999999998,25.660796446758297,-0.005822970344943945,-1.9000000000000075,-27.209999999999997,-1.4479656779914414,0
Sefwi Wiawso,Western North,2022-01-16,0.6409356588817209,0.2,35.34285714285714,22.957142857142856,96.0,31.21,26.135313056773583,-0.013210936817002028,-1.825000000000007,-31.01,-1.596966647947525,0
Sefwi Wiawso,Western North,2022-01-23,0.6321283676703862,0.3,34.58571428571428,21.485714285714288,96.0,33.61,26.60982966678887,-0.013210936817002028,-1.725000000000007,-33.31,-1.6179557794453738,0
Sefwi Wiawso,Western North,2022-01-30,0.6041683142345219,0.0,35.6,21.728571428571428,96.71428571428571,36.11,26.958574280696094,-0.027575508485399247,-0.8250000000000071,-36.11,-1.7407203350291467,0
Sefwi Wiawso,Western North,2022-02-06,0.6045689024940136,5.6000000000000005,35.31428571428571,22.342857142857145,97.71428571428571,33.22,27.609631281668957,-0.01588140832614704,4.074999999999993,-27.619999999999997,-1.745202389151083,0
Sefwi Wiawso,Western North,2022-02-13,0.6049694907535055,13.399999999999999,35.48571428571429,24.2,93.42857142857143,31.13,27.725400495699148,-0.006489278034601309,8.574999999999992,-17.73,-1.6000275629576282,0
Sefwi Wiawso,Western North,2022-02-20,0.6053700790129972,49.3,34.34285714285714,23.67142857142857,96.71428571428571,28.240000000000002,27.48207377383017,0.0006008823892376114,32.224999999999994,21.059999999999995,-1.0056634590315625,0
Sefwi Wiawso,Western North,2022-02-27,0.6057706672724891,8.8,33.957142857142856,23.97142857142857,95.57142857142857,28.81,28.083295791673436,0.0006008823892377224,-10.475000000000005,-20.009999999999998,-0.829660845950642,0
Sefwi Wiawso,Western North,2022-03-06,0.6061712555319808,26.4,33.68571428571429,23.5,95.71428571428571,30.02,28.684517809516706,0.0006008823892377224,1.92499999999999,-3.620000000000001,-0.5672967022275306,0
Sefwi Wiawso,Western North,2022-03-13,0.6065718437914727,12.4,33.77142857142857,24.428571428571427,95.71428571428571,27.48,27.91726887392045,0.0006008823892377224,-11.825000000000005,-15.08,-0.5383273280247703,0
Sefwi Wiawso,Western North,2022-03-20,0.6069724320509644,38.7,33.01428571428572,23.62857142857143,96.85714285714286,27.15,27.150019938324192,0.0006008823892377224,17.124999999999993,11.550000000000004,-0.6422891199750532,0
Sefwi Wiawso,Western North,2022-03-27,0.6073730203104563,92.0,33.214285714285715,23.457142857142856,97.85714285714286,26.9,25.466925575101527,0.0006008823892377224,49.624999999999986,65.1,0.2881197247030308,0
Sefwi Wiawso,Western North,2022-04-03,0.607773608569948,13.5,32.82857142857143,24.428571428571427,96.0,28.23,25.694712872488935,0.0006008823892376114,-25.650000000000006,-14.73,0.1666669898378738,0
Sefwi Wiawso,Western North,2022-04-10,0.6081741968294399,28.6,33.871428571428574,23.771428571428572,97.0,30.93,25.922500169876344,0.0006008823892377224,-14.600000000000009,-2.3299999999999983,0.3060479411907768,0
Sefwi Wiawso,Western North,2022-04-17,0.6085747850889316,48.6,32.34285714285714,23.614285714285717,97.0,26.64,28.010699528677435,0.0006008823892376114,2.92499999999999,21.96,0.41984838853067635,0
Sefwi Wiawso,Western North,2022-04-24,0.6089753733484234,73.9,31.771428571428572,23.25714285714286,97.85714285714286,27.9,28.3544453862454,0.0006008823892377224,32.74999999999999,46.00000000000001,0.211050257484367,0
Sefwi Wiawso,Western North,2022-05-01,0.6093759616079152,24.0,31.914285714285715,22.957142857142856,98.28571428571429,27.66,23.14016759776541,0.0006008823892377224,-19.775000000000013,-3.66,0.33206571877665225,0
Sefwi Wiawso,Western North,2022-05-08,0.609776549867407,51.9,32.0,23.157142857142855,98.71428571428571,27.45,23.948193634948296,0.0006008823892377224,2.299999999999983,24.45,0.6248203758143573,0
Sefwi Wiawso,Western North,2022-05-15,0.6101771381268988,76.7,31.571428571428573,23.214285714285715,98.42857142857143,24.23,24.75621967213118,0.0006008823892377224,20.07499999999999,52.47,0.9583507935223627,0
Sefwi Wiawso,Western North,2022-05-22,0.6105777263863905,120.9,30.67142857142857,23.057142857142857,98.57142857142857,23.06,27.11259110516147,0.0006008823892376114,52.525000000000006,97.84,1.5250573439642836,0
Sefwi Wiawso,Western North,2022-05-29,0.6109783146458824,40.3,30.428571428571427,21.87142857142857,99.0,25.0,27.648159074533567,0.0006008823892377224,-32.150000000000006,15.299999999999997,1.7323250175055418,0
Sefwi Wiawso,Western North,2022-06-05,0.6113789029053741,40.599999999999994,31.02857142857143,22.514285714285712,98.71428571428571,26.82,25.680054851522584,0.0006008823892377224,-29.02500000000002,13.779999999999994,1.6156822919419749,0
Sefwi Wiawso,Western North,2022-06-12,0.611779491164866,68.3,29.914285714285715,21.97142857142857,98.57142857142857,23.7,27.26758540732726,0.0006008823892377224,0.7749999999999915,44.599999999999994,1.529648716479438,0
Sefwi Wiawso,Western North,2022-06-19,0.6121800794243577,100.0,28.957142857142856,21.857142857142858,97.57142857142857,20.79,24.16898734177221,0.0006008823892377224,37.699999999999996,79.21000000000001,1.3259885499143726,0
Sefwi Wiawso,Western North,2022-06-26,0.6125806676838496,48.1,28.942857142857143,21.685714285714287,98.42857142857143,20.08,25.19240986132513,0.0006008823892377224,-16.150000000000013,28.020000000000003,1.4650415460876216,0
Sefwi Wiawso,Western North,2022-07-03,0.6129812559433413,122.10000000000001,27.928571428571427,21.814285714285713,98.14285714285714,18.03,24.120954105580097,0.0006008823892377224,37.47500000000001,104.07000000000001,2.452077318452611,0
Sefwi Wiawso,Western North,2022-07-10,0.6133818442028331,44.0,28.785714285714285,21.785714285714285,98.28571428571429,23.04,23.049498349835066,0.0006008823892377224,-34.55000000000001,20.96,2.1936486368853463,0
Sefwi Wiawso,Western North,2022-07-17,0.6137824324623249,22.7,28.714285714285715,21.857142857142858,96.85714285714286,21.64,23.968865248226905,0.0006008823892377224,-36.525000000000006,1.0599999999999987,1.3393253938869645,0
Sefwi Wiawso,Western North,2022-07-24,0.6141830207218167,4.0,29.185714285714287,20.342857142857145,93.85714285714286,27.8,24.74753598298986,0.0006008823892377224,-44.20000000000001,-23.8,0.7728374802314794,0
Sefwi Wiawso,Western North,2022-07-31,0.6145836089813085,10.1,29.485714285714288,21.342857142857145,94.85714285714286,26.22,25.80861832395988,0.0006008823892376114,-10.100000000000007,-16.119999999999997,-0.5410602878552193,0
Sefwi Wiawso,Western North,2022-08-07,0.6149841972408003,13.0,28.857142857142858,20.114285714285717,95.71428571428571,24.83,23.662161383285365,0.0006008823892377224,0.5499999999999936,-11.829999999999998,-0.8995152992169203,0
Sefwi Wiawso,Western North,2022-08-14,0.6153847855002921,7.6,29.857142857142858,21.914285714285715,94.0,26.31,24.358141069001192,0.0006008823892376114,-1.0750000000000082,-18.71,-1.1156377626088336,0
Sefwi Wiawso,Western North,2022-08-21,0.6157853737597839,9.8,28.742857142857144,21.2,96.28571428571429,24.65,25.05412075471702,0.0006008823892377224,-0.3250000000000064,-14.849999999999998,-1.0177978006787562,0
Sefwi Wiawso,Western North,2022-08-28,0.6161859620192757,29.0,27.942857142857143,21.728571428571428,95.0,21.27,24.874410892822453,0.0006008823892377224,14.149999999999993,7.73,-0.7570734328539144,0
Sefwi Wiawso,Western North,2022-09-04,0.6165865502787675,43.7,28.985714285714288,21.814285714285713,98.14285714285714,22.509999999999998,24.694701030927888,0.0006008823892377224,21.174999999999997,21.190000000000005,-0.39610409844820016,0
Sefwi Wiawso,Western North,2022-09-11,0.6169871385382593,19.5,29.02857142857143,22.042857142857144,96.42857142857143,23.8,26.38166666666672,0.0006008823892377224,-6.000000000000007,-4.300000000000001,-0.23857629382111528,0
Sefwi Wiawso,Western North,2022-09-18,0.617387726797751,84.8,29.071428571428573,22.042857142857144,97.71428571428571,22.37,24.93210526315795,0.0006008823892376114,40.54999999999999,62.42999999999999,0.6062362489673035,0
Sefwi Wiawso,Western North,2022-09-25,0.6177883150572429,79.7,28.585714285714285,22.142857142857142,97.71428571428571,21.3,25.32271742167069,0.0006008823892377224,22.77499999999999,58.400000000000006,1.1601525474027228,0
Sefwi Wiawso,Western North,2022-10-02,0.6181889033167346,80.1,27.2,21.771428571428572,98.28571428571429,16.76,25.713329580183427,0.0006008823892377224,14.074999999999989,63.33999999999999,1.6209295748164374,0
Sefwi Wiawso,Western North,2022-10-09,0.6185894915762264,26.9,29.25714285714286,21.97142857142857,98.71428571428571,22.2,25.605053478816387,0.0006008823892377224,-40.975000000000016,4.699999999999999,1.7193161287126042,0
Sefwi Wiawso,Western North,2022-10-16,0.6189900798357182,59.599999999999994,29.47142857142857,21.3,98.71428571428571,25.08,26.510149867523676,0.0006008823892377224,-1.9750000000000085,34.519999999999996,1.4142084932412688,0
Sefwi Wiawso,Western North,2022-10-23,0.61939066809521,45.1,29.885714285714283,22.042857142857144,99.42857142857143,24.65,27.41524625623096,0.0006008823892377224,-7.82500000000001,20.450000000000003,0.9993451909790989,0
Sefwi Wiawso,Western North,2022-10-30,0.6197912563547018,52.1,30.400000000000002,22.114285714285717,98.85714285714286,27.650000000000002,28.32034264493825,0.0006008823892377224,6.174999999999997,24.45,0.5742059597544404,0
Sefwi Wiawso,Western North,2022-11-06,0.6201918446141936,34.5,30.357142857142858,22.25714285714286,99.0,25.990000000000002,27.280257162160183,0.0006008823892377224,-13.32500000000001,8.509999999999998,0.6158562675704843,0
Sefwi Wiawso,Western North,2022-11-13,0.6205924328736854,42.5,29.642857142857142,21.97142857142857,99.28571428571429,22.03,27.790799312570243,0.0006008823892377224,-1.0500000000000114,20.47,0.46226392509924613,0
Sefwi Wiawso,Western North,2022-11-20,0.6209930211331772,8.9,30.52857142857143,22.157142857142855,99.0,27.48,25.81138998612153,0.0006008823892377224,-25.60000000000001,-18.58,0.03559423636953608,0
Sefwi Wiawso,Western North,2022-11-27,0.621393609392669,6.8,30.914285714285715,22.214285714285715,99.14285714285714,27.490000000000002,26.883561364643526,0.0006008823892376114,-16.375000000000004,-20.69,-0.45786899061634945,0
Sefwi Wiawso,Western North,2022-12-04,0.6217941976521608,57.4,29.942857142857143,21.914285714285715,99.28571428571429,22.13,27.077776289488384,0.0006008823892377224,28.499999999999993,35.269999999999996,-0.16533297036508013,0
Sefwi Wiawso,Western North,2022-12-11,0.6221947859116526,4.8,31.085714285714285,22.32857142857143,99.0,25.98,26.524676708070785,0.0006008823892376114,-14.675000000000008,-21.18,-0.6206440781178966,0
Sefwi Wiawso,Western North,2022-12-18,0.6225953741711444,16.3,31.37142857142857,22.728571428571428,98.57142857142857,25.23,26.613407927823317,0.0006008823892377224,-5.025000000000006,-8.93,-0.515151828662562,0
Sefwi Wiawso,Western North,2022-12-25,0.6229959624306362,0.6,31.457142857142856,20.542857142857144,97.57142857142857,28.099999999999998,26.70213914757585,0.0006008823892377224,-19.175000000000004,-27.499999999999996,-0.5895976544439949,0
Sefwi Wiawso,Western North,2023-01-01,0.6659403425057053,0.0,32.885714285714286,20.557142857142857,98.42857142857143,31.490000000000002,26.551586196439246,0.032508726250920716,-5.425000000000008,-31.490000000000002,-1.3194072475671166,0
Sefwi Wiawso,Western North,2023-01-08,0.6608702949202699,0.0,33.6,20.2,89.0,32.38,26.49423161099176,0.017769801413331066,-4.225000000000008,-32.38,-1.4418438479712352,0
Sefwi Wiawso,Western North,2023-01-15,0.6558002473348346,0.2,33.81428571428571,23.485714285714288,97.85714285714286,30.21,26.43687702554428,0.004398535536973114,-7.105427357601002e-15,-30.01,-1.6722870208747018,0
Sefwi Wiawso,Western North,2023-01-22,0.650730199749399,0.8999999999999999,34.15714285714286,23.557142857142857,96.57142857142857,29.939999999999998,27.15149862810199,-0.00760507137815325,0.6249999999999928,-29.04,-1.6891220534302678,0
Sefwi Wiawso,Western North,2023-01-29,0.6456601521639637,16.8,32.3,23.085714285714285,97.14285714285714,24.71,26.551248436295737,-0.007605071378153139,12.324999999999992,-7.91,-1.431349282222311,0
Sefwi Wiawso,Western North,2023-02-05,0.6405901045785283,11.9,34.15714285714286,23.571428571428573,97.57142857142857,30.75,26.71819974980741,-0.007605071378153139,4.449999999999992,-18.85,-1.2834414961984069,0
Sefwi Wiawso,Western North,2023-02-12,0.6355200569930929,26.8,33.028571428571425,23.25714285714286,97.57142857142857,29.67,27.51759827645037,-0.007605071378153139,12.699999999999992,-2.870000000000001,-0.9867513770048549,0
Sefwi Wiawso,Western North,2023-02-19,0.6374997645061736,4.1,34.15714285714286,23.24285714285714,95.71428571428571,33.37,26.195153324941717,-0.002317755054266013,-10.800000000000008,-29.269999999999996,-0.9892657000488682,0
Sefwi Wiawso,Western North,2023-02-26,0.6394794720192545,21.6,35.528571428571425,24.442857142857143,94.14285714285714,32.82,26.434067429910726,0.0012071224949921078,5.499999999999993,-11.219999999999999,-1.0254500882040138,0
Sefwi Wiawso,Western North,2023-03-05,0.6414591795323352,33.9,33.785714285714285,23.657142857142855,97.0,28.03,27.854622327558985,0.0029695612696212237,12.29999999999999,5.869999999999997,-0.7552150201692092,0
Sefwi Wiawso,Western North,2023-03-12,0.643438887045416,33.5,32.65714285714286,23.728571428571428,96.57142857142857,24.86,29.275177225207244,0.0029695612696211127,10.224999999999994,8.64,-0.6293895495753334,0
Sefwi Wiawso,Western North,2023-03-19,0.6454185945584967,1.9000000000000001,33.357142857142854,23.5,97.14285714285714,32.07,27.164527404100284,0.0029695612696211127,-20.82500000000001,-30.17,-0.6392282049649503,0
Sefwi Wiawso,Western North,2023-03-26,0.6473983020715776,61.1,32.31428571428571,23.099999999999998,97.28571428571429,27.98,29.093809457463863,0.0029695612696211127,28.499999999999993,33.120000000000005,-0.15451044943650172,0
Sefwi Wiawso,Western North,2023-04-02,0.6493780095846583,63.900000000000006,32.92857142857143,23.32857142857143,98.0,28.549999999999997,27.27525101403853,0.0029695612696212237,23.799999999999997,35.35000000000001,0.16776017377005367,0
Sefwi Wiawso,Western North,2023-04-09,0.651357717097739,39.6,31.885714285714283,23.157142857142855,98.14285714285714,28.25,30.10910024463402,0.0029695612696211127,-2.0250000000000057,11.350000000000001,0.1973854583321217,0
Sefwi Wiawso,Western North,2023-04-16,0.6533374246108199,36.4,32.785714285714285,23.62857142857143,98.28571428571429,29.299999999999997,28.030190260591095,0.0029695612696212237,-13.850000000000001,7.100000000000001,0.6048151098554703,0
Sefwi Wiawso,Western North,2023-04-23,0.6553171321239006,57.9,32.8,23.599999999999998,97.57142857142857,29.580000000000002,27.809582995152745,0.0029695612696212237,8.449999999999996,28.319999999999997,0.5523422811108478,0
Sefwi Wiawso,Western North,2023-04-30,0.6553171321239006,82.10000000000001,30.485714285714288,23.071428571428573,98.28571428571429,23.5,27.588975729714395,0.0014847806348106118,28.1,58.60000000000001,0.806507545342612,0
Sefwi Wiawso,Western North,2023-05-07,0.6553171321239006,43.3,32.08571428571428,23.37142857142857,98.42857142857143,30.1,27.368368464276045,0.0004949268782701299,-11.625000000000014,13.199999999999996,0.8267314480879352,0
Sefwi Wiawso,Western North,2023-05-14,0.6553171321239006,38.5,32.6,23.685714285714287,98.57142857142857,29.0,28.80929744607886,0.0,-16.950000000000003,9.5,0.8529678624602464,0
Sefwi Wiawso,Western North,2023-05-21,0.6553171321239006,59.3,31.02857142857143,23.542857142857144,98.71428571428571,23.78,26.801220346463765,0.0,3.499999999999986,35.519999999999996,0.9316771055771798,0
Sefwi Wiawso,Western North,2023-05-28,0.6553171321239006,68.0,30.8,22.97142857142857,99.14285714285714,22.05,24.618774193548347,0.0,15.724999999999994,45.95,0.7933893381564563,0
Sefwi Wiawso,Western North,2023-06-04,0.6553171321239006,27.400000000000002,30.67142857142857,22.74285714285714,98.71428571428571,24.09,26.29183729301656,0.0,-20.900000000000002,3.3100000000000023,0.685273447263891,0
Sefwi Wiawso,Western North,2023-06-11,0.6553171321239006,108.5,29.142857142857142,22.642857142857142,98.28571428571429,20.02,26.431976274569024,0.0,42.69999999999999,88.48,1.548670116899364,0
Sefwi Wiawso,Western North,2023-06-18,0.6553171321239006,7.6000000000000005,29.842857142857145,21.82857142857143,93.85714285714286,26.150000000000002,25.384104166666702,0.0,-45.275000000000006,-18.55,0.9575855647698372,0
Sefwi Wiawso,Western North,2023-06-25,0.6553171321239006,155.5,27.8,22.47142857142857,97.85714285714286,17.16,25.065556623931645,0.0,80.75,138.34,1.9675781997105986,0
Sefwi Wiawso,Western North,2023-07-02,0.6553171321239006,25.8,28.74285714285714,22.099999999999998,96.71428571428571,22.35,24.74700908119659,0.0,-48.55000000000001,3.4499999999999993,1.9691086572156498,0
Sefwi Wiawso,Western North,2023-07-09,0.6553171321239006,49.9,29.142857142857142,22.342857142857145,98.28571428571429,21.31,24.428461538461534,0.0,-9.800000000000004,28.59,1.3144008002332688,0
Sefwi Wiawso,Western North,2023-07-16,0.6553171321239006,85.89999999999999,28.82857142857143,22.114285714285717,98.14285714285714,20.8,25.35846635892426,0.0,6.624999999999986,65.1,2.2288491595015305,0
Sefwi Wiawso,Western North,2023-07-23,0.6553171321239006,64.0,28.142857142857142,22.428571428571427,97.42857142857143,19.75,25.42748689972136,0.0,7.599999999999994,44.25,1.2002723977137153,0
Sefwi Wiawso,Western North,2023-07-30,0.6553171321239006,39.6,28.842857142857145,22.785714285714285,97.71428571428571,20.4,25.496507440518453,0.0,-20.25,19.200000000000003,1.3724488670320076,0
Sefwi Wiawso,Western North,2023-08-06,0.6553171321239006,30.6,28.714285714285715,22.271428571428572,96.85714285714286,20.18,25.56552798131555,0.0,-24.425000000000004,10.420000000000002,1.1738173465549684,0
Sefwi Wiawso,Western North,2023-08-13,0.6553171321239006,25.299999999999997,29.12857142857143,22.3,96.0,22.78,25.63454852211265,0.0,-14.57500000000001,2.519999999999996,0.4897028417969552,0
Sefwi Wiawso,Western North,2023-08-20,0.6553171321239006,36.7,28.32857142857143,22.185714285714287,98.0,19.35,25.703569062909743,0.0,3.6499999999999915,17.35,0.19563636404063448,0
Sefwi Wiawso,Western North,2023-08-27,0.6553171321239006,29.4,29.771428571428572,23.014285714285712,96.71428571428571,22.279999999999998,25.77258960370684,0.0,-1.1000000000000085,7.120000000000001,0.06357974503333497,0
Sefwi Wiawso,Western North,2023-09-03,0.6553171321239006,46.2,29.357142857142858,22.542857142857144,97.71428571428571,21.05,25.841610144503935,0.0,11.799999999999997,25.150000000000002,0.2246057382433947,0
Sefwi Wiawso,Western North,2023-09-10,0.6553171321239006,30.799999999999997,29.97142857142857,22.2,97.71428571428571,25.0,25.910630685301033,0.0,-4.9750000000000085,5.799999999999997,0.2604621712188866,0
Sefwi Wiawso,Western North,2023-09-17,0.6553171321239006,49.9,29.442857142857143,22.685714285714287,97.42857142857143,21.89,25.97965122609813,0.0,10.824999999999996,28.009999999999998,0.37699557838923525,0
Sefwi Wiawso,Western North,2023-09-24,0.6553171321239006,41.3,29.842857142857145,22.728571428571428,98.0,23.23,26.048671766895225,0.0,-0.7500000000000071,18.069999999999997,0.49669921896290475,0
Sefwi Wiawso,Western North,2023-10-01,0.6553171321239006,33.4,30.87142857142857,23.285714285714285,98.0,26.91,26.117692307692323,0.0,-5.45000000000001,6.489999999999998,0.2927110972181856,0
Sefwi Wiawso,Western North,2023-10-08,0.6553171321239006,77.9,29.7,22.657142857142855,98.28571428571429,21.61,27.640064687975663,0.0,27.275,56.290000000000006,0.8446596645756814,0
Sefwi Wiawso,Western North,2023-10-15,0.6553171321239006,81.8,29.47142857142857,22.485714285714288,98.85714285714286,23.46,27.618802218975528,0.0,23.19999999999999,58.339999999999996,1.1762223512057637,0
Sefwi Wiawso,Western North,2023-10-22,0.6553171321239006,49.6,30.342857142857145,22.642857142857142,98.85714285714286,26.0,27.597539749975397,0.0,-11.07500000000001,23.6,1.2366754226552972,0
Sefwi Wiawso,Western North,2023-10-29,0.6553171321239006,9.0,30.685714285714287,22.785714285714285,98.57142857142857,27.87,27.576277280975262,0.0,-45.57500000000001,-18.87,0.9594439774545426,0
Sefwi Wiawso,Western North,2023-11-05,0.6553171321239006,28.299999999999997,31.342857142857145,22.75714285714286,99.14285714285714,28.619999999999997,27.555014811975127,0.0,-13.875000000000007,-0.3200000000000003,0.34059255344765355,0
Sefwi Wiawso,Western North,2023-11-12,0.6553171321239006,49.4,30.914285714285715,22.928571428571427,99.0,26.47,27.467134514060945,0.0,15.324999999999996,22.93,-0.04650387693715385,0
Sefwi Wiawso,Western North,2023-11-19,0.6553171321239006,55.10000000000001,31.385714285714283,22.67142857142857,99.28571428571429,28.11,25.15340677450428,0.0,19.65,26.99000000000001,-0.00944494163626427,0
Sefwi Wiawso,Western North,2023-11-26,0.6553171321239006,25.900000000000002,31.02857142857143,23.37142857142857,97.71428571428571,24.78,28.63439659667563,0.0,-13.77500000000001,1.120000000000001,0.20908252640644406,0
Sefwi Wiawso,Western North,2023-12-03,0.6553171321239006,30.3,30.928571428571427,22.428571428571427,98.85714285714286,26.43,26.522929908136405,0.0,-9.87500000000001,3.870000000000001,0.25488693316477057,0
Sefwi Wiawso,Western North,2023-12-10,0.6553171321239006,6.6,31.571428571428573,22.814285714285713,99.14285714285714,27.47,26.536942721035246,0.0,-22.875000000000007,-20.869999999999997,-0.22392762912990785,0
Sefwi Wiawso,Western North,2023-12-17,0.6553171321239006,0.7,32.528571428571425,21.928571428571427,97.14285714285714,29.72,26.550955533934086,0.0,-15.175000000000008,-29.02,-0.8362199495437194,0
Sefwi Wiawso,Western North,2023-12-24,0.6553171321239006,0.0,33.68571428571429,19.914285714285715,80.57142857142857,32.35,26.415497921378854,0.0,-9.400000000000006,-32.35,-1.202108611644242,0
Sefwi Wiawso,Western North,2023-12-31,0.6553171321239006,2.0,33.58571428571428,23.642857142857142,98.42857142857143,29.650000000000002,26.084864262259657,0.0,-0.3250000000000073,-27.650000000000002,-1.546680187067262,0
Sekondi-Takoradi,Western,2019-01-06,0.0289767230610105,10.1,30.900000000000002,24.75,95.0,22.19,28.827008536373118,0.0,0.0,-12.090000000000002,-0.12315339898844654,0
Sekondi-Takoradi,Western,2019-01-13,0.02086579150015679,4.8,30.2,24.52857142857143,94.42857142857143,23.65,29.4729511683924,-0.004055465780426856,-2.6499999999999995,-18.849999999999998,-0.36172058920681993,0
Sekondi-Takoradi,Western,2019-01-20,0.012754859939303077,10.2,30.12857142857143,24.942857142857143,94.14285714285714,22.82,29.198814999610192,-0.008110931560853712,1.833333333333334,-12.620000000000001,-0.5214403738516938,0
Sekondi-Takoradi,Western,2019-01-27,0.004643928378449364,15.7,30.642857142857142,24.942857142857143,95.71428571428571,23.81,28.88602319801157,-0.012166397341280569,5.5,-8.11,-0.6240812180252222,0
Sekondi-Takoradi,Western,2019-02-03,-0.0034670031824043483,26.3,29.985714285714288,24.75714285714286,95.57142857142857,22.33,32.66329614743114,-0.012166397341280569,12.05,3.9700000000000024,-0.4208245031760403,0
Sekondi-Takoradi,Western,2019-02-10,-0.01157793474325806,10.1,30.47142857142857,25.057142857142857,96.14285714285714,24.95,30.50781800078244,-0.012166397341280569,-5.475,-14.85,-0.37020016572917064,0
Sekondi-Takoradi,Western,2019-02-17,-0.019688866304111773,5.7,31.214285714285715,25.428571428571427,95.28571428571429,29.0,30.15489268596781,-0.012166397341280569,-8.75,-23.3,-0.5053671467123128,0
Sekondi-Takoradi,Western,2019-02-24,-0.027799797864965486,12.8,31.12857142857143,25.97142857142857,92.42857142857143,26.53,29.801967371153182,-0.012166397341280569,-0.9250000000000007,-13.73,-0.5764943408251647,0
Sekondi-Takoradi,Western,2019-03-03,-0.0359107294258192,39.2,30.185714285714287,24.585714285714285,94.85714285714286,25.18,31.1559422400195,-0.012166397341280569,22.25,14.020000000000003,-0.4493006929899046,0
Sekondi-Takoradi,Western,2019-03-10,-0.013075292970961348,7.2,30.8,25.47142857142857,93.57142857142857,28.009999999999998,33.23593100616023,0.011043378670503104,-9.025000000000002,-20.81,-0.5247309557857405,0
Sekondi-Takoradi,Western,2019-03-17,0.009760143483896505,4.2,31.12857142857143,25.642857142857142,93.0,29.53,31.5678349066078,0.02651656267835889,-11.650000000000002,-25.330000000000002,-0.5504228070400268,0
Sekondi-Takoradi,Western,2019-03-24,0.03259557993875435,9.3,31.442857142857143,25.714285714285715,92.85714285714286,28.95,32.520879498646366,0.03425315468228678,-5.6750000000000025,-19.65,-0.625346826461394,0
Sekondi-Takoradi,Western,2019-03-31,0.05543101639361221,22.4,31.12857142857143,25.114285714285717,95.85714285714286,29.63,33.61482872680381,0.034253154682286784,11.624999999999996,-7.23,-0.8942886191478892,0
Sekondi-Takoradi,Western,2019-04-07,0.07826645284847007,23.2,31.314285714285713,25.357142857142858,95.0,30.45,25.308611514271945,0.03425315468228679,8.424999999999997,-7.25,-0.722672115203001,0
Sekondi-Takoradi,Western,2019-04-14,0.1011018893033279,115.1,30.571428571428573,24.74285714285714,96.28571428571429,26.34,28.50272286378859,0.03425315468228678,72.6,88.75999999999999,0.7212605496253397,0
Sekondi-Takoradi,Western,2019-04-21,0.12393732575818577,12.0,30.914285714285715,24.97142857142857,95.71428571428571,30.43,31.69683421330524,0.03425315468228678,-31.174999999999997,-18.43,0.736700972546635,0
Sekondi-Takoradi,Western,2019-04-28,0.1467727622130436,15.3,30.400000000000002,25.314285714285713,94.85714285714286,29.53,31.72304979784036,0.03425315468228678,-26.100000000000005,-14.23,0.648108382014613,0
Sekondi-Takoradi,Western,2019-05-05,0.14472405032875849,15.4,29.8,25.400000000000002,93.57142857142857,27.35,29.19081515132126,0.01559004342792955,-24.049999999999997,-11.950000000000001,0.5886247855145411,0
Sekondi-Takoradi,Western,2019-05-12,0.14267533844447336,16.5,30.271428571428572,25.099999999999998,95.71428571428571,27.75,31.501545909849938,0.0031479692583580576,1.6999999999999993,-11.25,-0.6771102115008182,0
Sekondi-Takoradi,Western,2019-05-19,0.1406266265601882,23.8,29.457142857142856,24.87142857142857,94.71428571428571,22.35,32.17284564012698,-0.003073067826427689,6.050000000000001,1.4499999999999993,-0.4255072543898759,0
Sekondi-Takoradi,Western,2019-05-26,0.13857791467590308,33.2,29.042857142857144,24.414285714285715,97.14285714285714,21.55,30.618935318884354,-0.003073067826427689,10.975000000000001,11.650000000000002,-0.09796779110862894,0
Sekondi-Takoradi,Western,2019-06-02,0.13652920279161795,78.8,28.285714285714285,23.685714285714287,99.14285714285714,20.73,29.06502499764173,-0.003073067826427689,40.724999999999994,58.06999999999999,0.7882112358988249,0
Sekondi-Takoradi,Western,2019-06-09,0.13448049090733283,36.7,28.32857142857143,24.014285714285712,96.28571428571429,22.91,28.476320120209948,-0.003073067826427689,-6.424999999999997,13.790000000000003,1.1051195883162295,0
Sekondi-Takoradi,Western,2019-06-16,0.13243177902304767,15.2,28.1,24.157142857142855,92.0,23.72,27.887615242778168,-0.0030730678264277167,-25.774999999999995,-8.52,0.9789384272299065,0
Sekondi-Takoradi,Western,2019-06-23,0.13038306713876255,25.9,27.942857142857143,23.728571428571428,96.14285714285714,24.28,29.09243944938146,-0.0030730678264277167,-13.25,1.6199999999999974,0.8519979010818808,0
Sekondi-Takoradi,Western,2019-06-30,0.12833435525447742,43.2,26.842857142857145,23.228571428571428,97.14285714285714,19.68,30.117380251674604,-0.003073067826427689,12.950000000000003,23.520000000000003,0.4147301863845439,0
Sekondi-Takoradi,Western,2019-07-07,0.1262856433701923,15.9,27.385714285714283,23.928571428571427,94.0,22.8,28.405862152381474,-0.003073067826427689,-9.15,-6.9,0.1528758009406104,0
Sekondi-Takoradi,Western,2019-07-14,0.12423693148590716,19.1,27.014285714285712,22.614285714285717,97.85714285714286,20.81,26.694344053088344,-0.003073067826427703,-6.924999999999997,-1.7099999999999973,0.2390637354439061,0
Sekondi-Takoradi,Western,2019-07-21,0.12218821960162202,13.0,27.37142857142857,23.17142857142857,96.71428571428571,22.43,27.98094290516741,-0.003073067826427689,-9.8,-9.43,0.09921400324692858,0
Sekondi-Takoradi,Western,2019-07-28,0.12013950771733689,13.6,26.957142857142856,23.25714285714286,95.14285714285714,22.73,27.65437531346197,-0.003073067826427689,-1.8000000000000007,-9.13,-0.31400715116314537,0
Sekondi-Takoradi,Western,2019-08-04,0.11809079583305176,13.4,26.614285714285717,23.02857142857143,94.0,21.81,27.32780772175653,-0.003073067826427675,-1.375,-8.409999999999998,-0.3331178385493387,0
Sekondi-Takoradi,Western,2019-08-11,0.11604208394876663,13.4,26.47142857142857,22.771428571428572,95.85714285714286,22.61,27.001240130051087,-0.003073067826427689,0.05000000000000071,-9.209999999999999,-0.42803847126221933,0
Sekondi-Takoradi,Western,2019-08-18,0.11399337206448149,11.0,26.7,22.685714285714287,97.71428571428571,23.21,27.060896770302264,-0.003073067826427689,-1.8499999999999996,-12.21,-0.4632223857877938,0
Sekondi-Takoradi,Western,2019-08-25,0.11194466018019636,58.6,26.62857142857143,23.114285714285717,97.28571428571429,19.43,27.12055341055344,-0.003073067826427689,34.5,39.17,0.14806648888315777,0
Sekondi-Takoradi,Western,2019-09-01,0.10989594829591123,19.2,27.17142857142857,23.0,96.57142857142857,24.36,27.68812392612394,-0.003073067826427689,-6.349999999999998,-5.16,0.1891987630587394,0
Sekondi-Takoradi,Western,2019-09-08,0.1078472364116261,19.0,27.24285714285714,23.485714285714288,96.28571428571429,21.94,28.25569444169444,-0.003073067826427703,-7.949999999999999,-2.9400000000000013,0.2685524120067076,0
Sekondi-Takoradi,Western,2019-09-15,0.10579852452734095,16.8,27.414285714285715,23.342857142857145,96.0,23.75,28.82326495726494,-0.003073067826427703,-11.599999999999998,-6.949999999999999,0.33512341574934124,0
Sekondi-Takoradi,Western,2019-09-22,0.10374981264305583,33.1,27.928571428571427,23.657142857142855,96.57142857142857,23.66,28.950085793590745,-0.003073067826427689,11.075000000000003,9.440000000000001,-0.04114197232451775,0
Sekondi-Takoradi,Western,2019-09-29,0.1017011007587707,29.7,28.428571428571427,23.62857142857143,95.57142857142857,25.28,29.188277139809184,-0.003073067826427689,5.050000000000001,4.419999999999998,0.08010331586073514,0
Sekondi-Takoradi,Western,2019-10-06,0.09965238887448556,27.0,27.514285714285712,23.485714285714288,96.85714285714286,22.08,29.42646848602762,-0.003073067826427703,0.3500000000000014,4.920000000000002,0.17958013894383412,0
Sekondi-Takoradi,Western,2019-10-13,0.09760367699020044,79.6,27.614285714285717,23.32857142857143,98.0,18.96,29.66465983224606,-0.003073067826427689,37.25,60.63999999999999,1.035004880952315,0
Sekondi-Takoradi,Western,2019-10-20,0.0955549651059153,34.2,28.17142857142857,23.599999999999998,97.28571428571429,24.259999999999998,27.5107169921306,-0.003073067826427703,-8.424999999999997,9.940000000000005,1.0413329231331736,0
Sekondi-Takoradi,Western,2019-10-27,0.09350625322163017,30.7,28.599999999999998,23.7,96.14285714285714,24.04,32.06366679109124,-0.003073067826427689,-12.174999999999994,6.66,1.0696825521034206,0
Sekondi-Takoradi,Western,2019-11-03,0.09145754133734504,38.5,28.428571428571427,23.357142857142858,99.0,23.73,30.182297131147664,-0.003073067826427689,-7.25,14.77,1.1943449830663373,0
Sekondi-Takoradi,Western,2019-11-10,0.0894088294530599,9.7,29.457142857142856,23.857142857142858,96.57142857142857,28.36,31.47771549334817,-0.003073067826427689,-18.575000000000003,-18.66,0.19071749318214545,0
Sekondi-Takoradi,Western,2019-11-17,0.1063536080282544,21.7,29.442857142857143,24.157142857142855,96.28571428571429,23.43,30.43180992404274,0.011172050018182028,-3.4499999999999993,-1.7300000000000004,0.04302098868090305,0
Sekondi-Takoradi,Western,2019-11-24,0.1232983866034489,9.899999999999999,29.657142857142855,24.47142857142857,95.57142857142857,25.86,31.261898859144367,0.020668795247921853,-10.05,-15.96,-0.24325963958114508,0
Sekondi-Takoradi,Western,2019-12-01,0.1176201622379773,7.7,30.314285714285713,24.485714285714288,94.42857142857143,26.919999999999998,32.091987794245995,0.008449915657292181,-4.55,-19.22,-0.6734399470359202,0
Sekondi-Takoradi,Western,2019-12-08,0.1119419378725057,9.2,30.157142857142855,24.771428571428572,94.0,23.52,30.8872806865964,-0.0028615858130408844,-2.924999999999999,-14.32,-0.6185125409060667,0
Sekondi-Takoradi,Western,2019-12-15,0.1062637135070341,9.3,29.714285714285715,24.157142857142855,94.71428571428571,24.61,28.720249867603968,-0.008517336548207383,0.27500000000000213,-15.309999999999999,-0.7903821665381893,0
Sekondi-Takoradi,Western,2019-12-22,0.08564782260637002,5.9,30.400000000000002,25.014285714285712,93.57142857142857,25.509999999999998,32.0261389711556,-0.019720586449601757,-2.125,-19.61,-0.8365768744584577,0
Sekondi-Takoradi,Western,2019-12-29,0.06503193170570595,3.6,30.657142857142855,24.114285714285717,93.0,27.259999999999998,29.85706462335912,-0.027189419717197974,-3.4,-23.659999999999997,-0.8927698890244831,0
Sekondi-Takoradi,Western,2020-01-05,0.0629317746023425,5.3,30.885714285714283,22.95714285714286,86.57142857142857,30.54,29.13443443418521,-0.01703703600302063,-0.7250000000000005,-25.24,-1.0309743302544374,0
Sekondi-Takoradi,Western,2020-01-12,0.1802680318066591,0.6,30.7,23.485714285714288,92.42857142857143,27.64,31.03877773881692,0.08179814162638971,-3.25,-27.04,-1.1794301998173826,0
Sekondi-Takoradi,Western,2020-01-19,0.084419772895251,7.699999999999999,31.142857142857142,24.885714285714283,96.14285714285714,25.66,29.509322524903663,-0.013743104857238633,3.3999999999999995,-17.96,-1.158547660620549,0
Sekondi-Takoradi,Western,2020-01-26,0.0734325789189089,2.1,30.74285714285714,24.900000000000002,94.71428571428571,27.32,31.29476792513884,-0.026830460636881465,-1.8249999999999997,-25.22,-1.178291152224828,0
Sekondi-Takoradi,Western,2020-02-02,0.0624453849425668,4.7,30.914285714285715,24.857142857142858,94.28571428571429,28.509999999999998,30.246205261910404,-0.03769605719827964,0.9250000000000003,-23.81,-1.1601929515875722,0
Sekondi-Takoradi,Western,2020-02-09,0.0897826442958162,3.6,31.314285714285713,24.7,95.0,29.21,29.005781488966846,0.012262549032680481,-0.9250000000000003,-25.61,-1.1420947509503163,0
Sekondi-Takoradi,Western,2020-02-16,0.08635888274149921,3.9,31.042857142857144,24.857142857142858,94.85714285714286,28.9,27.76535771602329,0.00835401001680143,0.32499999999999973,-25.0,-1.231193584856807,0
Sekondi-Takoradi,Western,2020-02-23,0.08293512118718221,5.5,31.057142857142857,26.485714285714288,92.28571428571429,27.54,31.1575897664639,0.002554612895416114,1.0749999999999993,-22.04,-1.1909472365865454,0
Sekondi-Takoradi,Western,2020-03-01,0.07951135963286522,9.5,31.585714285714285,26.357142857142858,93.85714285714286,28.34,31.65018263464043,-0.005135642331475496,3.875,-18.84,-1.12804649730881,0
Sekondi-Takoradi,Western,2020-03-08,0.07608759807854823,11.5,30.614285714285717,25.571428571428573,95.0,24.94,34.423956690948955,-0.005135642331475482,3.9000000000000004,-13.440000000000001,-0.9740219506267089,0
Sekondi-Takoradi,Western,2020-03-15,0.07266383652423125,15.7,30.928571428571427,25.728571428571428,94.42857142857143,27.14,31.212451790633796,-0.005135642331475482,5.149999999999999,-11.440000000000001,-0.8024054466818209,0
Sekondi-Takoradi,Western,2020-03-22,0.06924007496991426,6.4,30.814285714285713,25.514285714285712,95.71428571428571,29.54,33.8027540950759,-0.005135642331475482,-4.375,-23.14,-0.8163271394797099,0
Sekondi-Takoradi,Western,2020-03-29,0.06581631341559727,29.4,29.342857142857145,24.271428571428572,97.85714285714286,24.12,34.399661320761005,-0.005135642331475482,13.649999999999999,5.279999999999998,-0.5110623846750858,0
Sekondi-Takoradi,Western,2020-04-05,0.062392551861280274,2.8,30.842857142857145,25.02857142857143,96.85714285714286,28.310000000000002,34.99656854644612,-0.005135642331475496,-10.774999999999999,-25.51,-0.663821322921015,0
Sekondi-Takoradi,Western,2020-04-12,0.05896879030696328,15.0,30.75714285714286,25.0,96.42857142857143,28.950000000000003,35.59347577213123,-0.005135642331475482,1.6000000000000014,-13.950000000000003,-0.6955880946689259,0
Sekondi-Takoradi,Western,2020-04-19,0.05554502875264629,21.0,30.985714285714288,25.728571428571428,93.0,29.950000000000003,35.18525721983667,-0.005135642331475496,3.9499999999999993,-8.950000000000003,-0.5159982575761557,0
Sekondi-Takoradi,Western,2020-04-26,0.0521212671983293,29.0,30.457142857142856,24.8,95.14285714285714,27.45,32.97984652535558,-0.005135642331475482,12.05,1.5500000000000007,-0.5632054522453616,0
Sekondi-Takoradi,Western,2020-05-03,0.044198199003324765,11.2,30.357142857142858,24.642857142857142,96.14285714285714,30.529999999999998,32.19027904724442,-0.008510122311991143,-7.850000000000001,-19.33,-0.4849908508899479,0
Sekondi-Takoradi,Western,2020-05-10,0.03627513080832022,25.2,30.47142857142857,25.014285714285712,96.14285714285714,27.64,32.95555871087055,-0.010759775632334927,3.599999999999998,-2.4400000000000013,-0.3393193198865803,0
Sekondi-Takoradi,Western,2020-05-17,0.02835206261331568,49.0,29.914285714285715,24.485714285714288,96.28571428571429,26.46,32.703735954195224,-0.011884602292506811,20.4,22.54,0.05922077666390136,0
Sekondi-Takoradi,Western,2020-05-24,0.02042899441831114,14.2,30.37142857142857,24.928571428571427,93.85714285714286,27.59,32.4519131975199,-0.011884602292506805,-10.700000000000003,-13.39,-0.12986112370015696,0
Sekondi-Takoradi,Western,2020-05-31,0.0125059262233066,42.2,29.157142857142855,24.057142857142857,99.42857142857143,22.04,29.214537469100094,-0.011884602292506811,9.549999999999997,20.160000000000004,0.3699276477440641,0
Sekondi-Takoradi,Western,2020-06-07,0.027865633219367737,24.8,28.87142857142857,24.2,96.28571428571429,22.18,25.977161740680287,0.005577479100792447,-7.7500000000000036,2.620000000000001,0.43396743461435433,0
Sekondi-Takoradi,Western,2020-06-14,0.04322534021542887,208.6,27.985714285714288,23.571428571428573,98.57142857142857,18.45,26.702438804453873,0.01721886669632528,136.14999999999998,190.15,2.5552537344818114,0
Sekondi-Takoradi,Western,2020-06-21,0.05858504721149001,61.8,27.857142857142858,23.728571428571428,98.71428571428571,19.59,27.427715868227455,0.023039560494091706,-22.55000000000001,42.209999999999994,3.2589320249933,0
Sekondi-Takoradi,Western,2020-06-28,0.07394475420755114,67.1,27.614285714285717,23.814285714285713,96.28571428571429,21.36,28.15299293200104,0.023039560494091706,-23.47500000000001,45.739999999999995,3.5826746629660318,0
Sekondi-Takoradi,Western,2020-07-05,0.08930446120361228,35.3,26.914285714285715,23.6,96.0,19.59,28.79145233878624,0.023039560494091713,-57.900000000000006,15.709999999999997,3.7483428072609124,0
Sekondi-Takoradi,Western,2020-07-12,0.10466416819967342,19.8,26.97142857142857,23.442857142857143,95.0,20.75,29.429911745571438,0.023039560494091713,-26.2,-0.9499999999999993,1.3297650857367131,0
Sekondi-Takoradi,Western,2020-07-19,0.12002387519573456,16.1,26.714285714285715,22.714285714285715,95.85714285714286,20.75,30.068371152356637,0.023039560494091713,-18.474999999999994,-4.649999999999999,0.7367009725466348,0
Sekondi-Takoradi,Western,2020-07-26,0.1353835821917957,12.2,26.87142857142857,22.857142857142858,97.0,22.7,28.635071275686954,0.0230395604940917,-8.650000000000002,-10.5,0.024922788043646962,0
Sekondi-Takoradi,Western,2020-08-02,0.11437312017424595,9.5,26.485714285714288,22.928571428571427,93.14285714285714,25.18,27.201771399017275,-0.004238066266116447,-4.9,-15.68,-0.3723517000706629,0
Sekondi-Takoradi,Western,2020-08-09,0.0933626581566962,3.7,26.814285714285713,21.885714285714283,92.71428571428571,26.87,30.62402960067021,-0.022423150772921896,-6.675,-23.17,-0.6535698945880241,0
Sekondi-Takoradi,Western,2020-08-16,0.09165987077756627,11.3,26.385714285714283,21.957142857142856,96.57142857142857,23.38,30.775947916666723,-0.017034937047509774,2.125,-12.079999999999998,-0.7476046013955846,0
Sekondi-Takoradi,Western,2020-08-23,0.08995708339843633,15.4,26.67142857142857,22.785714285714285,95.71428571428571,23.810000000000002,30.39380591878881,-0.007381099728299867,5.425000000000001,-8.410000000000002,-0.7211533850795951,0
Sekondi-Takoradi,Western,2020-08-30,0.0882542960193064,10.1,26.74285714285714,22.599999999999998,96.28571428571429,24.330000000000002,32.25253727919255,-0.0025541810686948996,-0.025000000000000355,-14.230000000000002,-0.7028020627551049,0
Sekondi-Takoradi,Western,2020-09-06,0.08655150864017647,12.5,26.87142857142857,23.057142857142857,95.71428571428571,24.16,34.11126863959629,-0.0025541810686948996,0.1750000000000007,-11.66,-0.5571305317517373,0
Sekondi-Takoradi,Western,2020-09-13,0.08484872126104653,20.6,27.25714285714286,23.37142857142857,95.42857142857143,23.3,35.97000000000003,-0.0025541810686948996,5.950000000000001,-2.6999999999999993,-0.4384164604388279,0
Sekondi-Takoradi,Western,2020-09-20,0.0831459338819166,20.8,26.914285714285715,23.099999999999998,97.28571428571429,20.69,34.3666904661907,-0.0025541810686948996,4.800000000000001,0.10999999999999943,-0.3305866216769955,0
Sekondi-Takoradi,Western,2020-09-27,0.08144314650278667,17.2,26.885714285714283,23.071428571428573,97.28571428571429,23.08,32.76338093238136,-0.0025541810686948996,-0.5749999999999993,-5.879999999999999,-0.22490831725665497,0
Sekondi-Takoradi,Western,2020-10-04,0.07974035912365673,21.2,27.25714285714286,23.24285714285714,97.14285714285714,24.759999999999998,31.16007139857203,-0.0025541810686948996,1.25,-3.5599999999999987,-0.12239403392674382,0
Sekondi-Takoradi,Western,2020-10-11,0.0780375717445268,43.5,27.571428571428573,23.314285714285713,98.0,22.19,31.482347139199447,-0.0025541810686948996,17.825000000000003,21.31,0.18147855159809148,0
Sekondi-Takoradi,Western,2020-10-18,0.07633478436539687,11.2,27.82857142857143,23.285714285714285,95.14285714285714,26.07,31.804622879826866,-0.0025541810686948996,-12.075,-14.870000000000001,-0.008109592140435506,0
Sekondi-Takoradi,Western,2020-10-25,0.07463199698626694,18.0,28.357142857142858,23.714285714285715,96.71428571428571,25.3,31.809274944205583,-0.0025541810686948996,-5.474999999999998,-7.300000000000001,-0.02608123193407427,0
Sekondi-Takoradi,Western,2020-11-01,0.072929209607137,8.9,28.785714285714285,23.900000000000002,95.85714285714286,25.78,32.016423107890546,-0.0025541810686948996,-11.499999999999998,-16.880000000000003,-0.1946602756321504,0
Sekondi-Takoradi,Western,2020-11-08,0.07122642222800707,9.9,28.885714285714283,24.714285714285715,94.42857142857143,24.189999999999998,31.39991792967112,-0.0025541810686948996,-2.099999999999998,-14.289999999999997,-0.6452168789092907,0
Sekondi-Takoradi,Western,2020-11-15,0.06952363484887714,8.3,29.514285714285712,24.099999999999998,96.0,26.33,32.15699642227031,-0.0025541810686948996,-2.974999999999998,-18.029999999999998,-0.6852101054923175,0
Sekondi-Takoradi,Western,2020-11-22,0.0678208474697472,11.4,29.17142857142857,24.571428571428573,94.71428571428571,23.35,32.9140749148695,-0.0025541810686948996,1.7750000000000021,-11.950000000000001,-0.7440608977743036,0
Sekondi-Takoradi,Western,2020-11-29,0.06611806009061727,23.6,28.8,24.02857142857143,97.14285714285714,23.09,28.32589054941883,-0.0025541810686948996,10.300000000000002,0.5100000000000016,-0.5239715907240375,0
Sekondi-Takoradi,Western,2020-12-06,0.06441527271148734,8.1,29.32857142857143,24.657142857142855,92.85714285714286,25.13,29.897592734225668,-0.0025541810686948996,-4.75,-17.03,-0.5586492618751433,0
Sekondi-Takoradi,Western,2020-12-13,0.0627124853323574,10.8,29.185714285714287,24.8,94.0,22.6,30.500573904670205,-0.0025541810686948996,-2.674999999999997,-11.8,-0.47980185630164385,0
Sekondi-Takoradi,Western,2020-12-20,0.030848423690427104,11.4,29.17142857142857,24.185714285714287,95.71428571428571,22.48,31.433088630513,-0.025175136765795178,-2.0749999999999975,-11.08,-0.4687910629069497,0
Sekondi-Takoradi,Western,2020-12-27,-0.0010156379515031998,6.1,29.37142857142857,24.157142857142855,95.85714285714286,22.04,28.606865373645235,-0.04025577389719536,-2.9999999999999982,-15.94,-0.6769836506572013,0
Sekondi-Takoradi,Western,2021-01-03,-0.018857232824351266,7.7,29.942857142857143,24.814285714285713,94.57142857142857,24.14,31.10457119067456,-0.03727924238608378,-1.299999999999998,-16.44,-0.6695165608837881,0
Sekondi-Takoradi,Western,2021-01-10,-0.036698827697199336,7.1,29.728571428571428,24.74285714285714,94.14285714285714,22.88,27.94670790453256,-0.03026800900154266,-0.9749999999999996,-15.78,-0.7198877766434234,0
Sekondi-Takoradi,Western,2021-01-17,-0.0545404225700474,10.399999999999999,29.8,24.185714285714287,95.28571428571429,23.78,28.93147235627805,-0.026762392309272104,2.575000000000001,-13.380000000000003,-0.7489967706753734,0
Sekondi-Takoradi,Western,2021-01-24,-0.00905499884946568,8.3,30.085714285714285,23.985714285714288,95.71428571428571,25.18,29.296910604039454,0.020732871635800242,-0.07499999999999574,-16.88,-0.7608934899753879,0
Sekondi-Takoradi,Western,2021-01-31,0.03643042487111604,3.2,30.157142857142855,24.771428571428572,94.28571428571429,26.21,29.662348851800857,0.05239638093251514,-4.049999999999997,-23.01,-0.8440439642318713,0
Sekondi-Takoradi,Western,2021-02-07,0.020820229367833423,12.6,29.82857142857143,25.47142857142857,93.14285714285714,24.03,30.096592382200757,0.022406421162974328,3.9750000000000014,-11.430000000000001,-0.7889899972584006,0
Sekondi-Takoradi,Western,2021-02-14,0.0052100338645508,5.6,30.571428571428573,25.585714285714285,93.71428571428571,26.43,31.40119406219526,-0.008141388448957846,-1.8249999999999993,-20.83,-0.8832778257531954,0
Sekondi-Takoradi,Western,2021-02-21,0.02844598701591555,8.4,30.099999999999998,24.87142857142857,94.42857142857143,27.39,30.362046995326864,0.005719318236061598,0.950000000000002,-18.990000000000002,-0.909982163756419,0
Sekondi-Takoradi,Western,2021-02-28,0.038504588723406986,14.200000000000001,30.214285714285715,25.24285714285714,92.14285714285714,27.580000000000002,29.51224950668717,0.015259378980480298,4.000000000000002,-13.38,-0.7881040713530802,0
Sekondi-Takoradi,Western,2021-03-07,0.04856319043089842,10.2,30.814285714285713,25.657142857142855,93.57142857142857,28.46,31.670531900041794,0.018382240422205483,0.6000000000000014,-18.26,-0.8745451275436104,0
Sekondi-Takoradi,Western,2021-03-14,0.05862179213838986,19.0,29.885714285714283,24.957142857142856,95.28571428571429,23.689999999999998,32.0885206587692,0.015087902561237154,6.0500000000000025,-4.689999999999998,-0.6702759259454911,0
Sekondi-Takoradi,Western,2021-03-21,0.06868039384588129,7.3,30.014285714285712,24.599999999999998,94.0,27.39,30.79497137896928,0.015087902561237154,-5.374999999999997,-20.09,-0.6841976187433803,0
Sekondi-Takoradi,Western,2021-03-28,0.07873899555337273,5.4,29.957142857142856,24.685714285714287,93.85714285714286,26.59,29.50142209916936,0.015087902561237154,-5.0749999999999975,-21.189999999999998,-0.7830416376083932,0
Sekondi-Takoradi,Western,2021-04-04,0.08879759726086417,4.0,30.74285714285714,25.75714285714286,92.28571428571429,30.97,29.705193052458583,0.015087902561237154,-4.924999999999999,-26.97,-0.893276132398952,0
Sekondi-Takoradi,Western,2021-04-11,0.0988561989683556,6.800000000000001,30.75714285714286,25.47142857142857,94.28571428571429,29.55,35.072565705210366,0.015087902561237154,0.9250000000000025,-22.75,-1.1218450159715687,0
Sekondi-Takoradi,Western,2021-04-18,0.07655170263889734,13.0,30.900000000000002,24.97142857142857,95.14285714285714,30.39,36.72345091942327,-0.009184420966475107,5.700000000000002,-17.39,-1.0876735881949315,0
Sekondi-Takoradi,Western,2021-04-25,0.05424720630943907,15.4,31.071428571428573,24.87142857142857,95.14285714285714,29.68,33.6906319803868,-0.025365969984949964,5.600000000000001,-14.28,-1.0002200452554642,0
Sekondi-Takoradi,Western,2021-05-02,0.0319427099799808,17.7,30.342857142857145,25.185714285714287,94.42857142857143,28.07,35.08074643151582,-0.0334567444941874,4.475000000000001,-10.370000000000001,-0.790129044850955,0
Sekondi-Takoradi,Western,2021-05-09,0.010660496719935748,54.5,29.414285714285715,24.357142857142858,95.57142857142857,22.65,36.47086088264484,-0.03269003219212749,29.35,31.85,-0.09910683870118375,0
Sekondi-Takoradi,Western,2021-05-16,-0.0106217165401093,10.0,30.02857142857143,24.985714285714288,92.14285714285714,30.06,35.68435078424082,-0.032178890657420876,-14.399999999999999,-20.06,-0.1328985839469693,0
Sekondi-Takoradi,Western,2021-05-23,-0.005834247147786275,19.0,29.657142857142855,24.485714285714288,96.57142857142857,25.740000000000002,34.8978406858368,-0.012371057900791514,-6.299999999999997,-6.740000000000002,-0.03747170785961995,0
Sekondi-Takoradi,Western,2021-05-30,-0.0010467777554632497,17.4,29.457142857142856,25.385714285714283,93.57142857142857,26.76,37.61419085312235,0.0006637834253925231,-7.824999999999999,-9.360000000000003,-0.02468906265428538,0
Sekondi-Takoradi,Western,2021-06-06,0.003740691636859776,36.9,28.97142857142857,24.62857142857143,96.42857142857143,23.38,31.2178934183558,0.007181204088484541,16.075000000000003,13.52,-0.25667508900456576,0
Sekondi-Takoradi,Western,2021-06-13,0.008528161029182801,44.0,28.714285714285715,24.02857142857143,96.85714285714286,23.6,30.432303189583138,0.007181204088484542,14.675000000000004,20.4,0.2553900842705212,0
Sekondi-Takoradi,Western,2021-06-20,0.013315630421505825,52.2,28.571428571428573,24.400000000000002,94.57142857142857,20.13,24.678056980056965,0.007181204088484541,14.575000000000003,32.07000000000001,0.7465727183487745,0
Sekondi-Takoradi,Western,2021-06-27,0.018103099813828852,55.2,28.057142857142857,23.314285714285713,97.57142857142857,19.6,27.154695998860973,0.007181204088484543,8.125000000000007,35.6,1.31559027125159,0
Sekondi-Takoradi,Western,2021-07-04,0.02289056920615188,157.2,27.414285714285715,23.042857142857144,98.0,18.78,28.691735729267062,0.007181204088484543,80.05,138.42,2.8963352080300955,0
Sekondi-Takoradi,Western,2021-07-11,0.0276780385984749,23.2,27.62857142857143,23.428571428571427,94.71428571428571,25.04,29.066161796165517,0.007181204088484539,-48.749999999999986,-1.8399999999999999,2.6148638918255003,0
Sekondi-Takoradi,Western,2021-07-18,0.03381861066319711,29.7,27.25714285714286,23.642857142857142,93.0,23.23,29.440587863063968,0.008196031092783926,-36.624999999999986,6.469999999999999,2.290868132165534,0
Sekondi-Takoradi,Western,2021-07-25,0.03995918272791932,17.2,26.857142857142858,23.642857142857142,89.57142857142857,24.13,28.219367160171032,0.00887258242898352,-39.625,-6.93,1.752604864261692,0
Sekondi-Takoradi,Western,2021-08-01,0.04609975479264153,15.2,27.142857142857142,23.2,93.57142857142857,24.09,29.404711538461527,0.009210858097083316,-6.125,-8.89,-0.11176292306290123,0
Sekondi-Takoradi,Western,2021-08-08,0.05224032685736373,16.0,27.52857142857143,23.314285714285713,94.85714285714286,22.86,24.870682690365584,0.009210858097083316,-3.5249999999999986,-6.859999999999999,-0.1752964665587227,0
Sekondi-Takoradi,Western,2021-08-15,0.058380898922085936,13.7,26.928571428571427,23.142857142857142,95.14285714285714,24.23,32.71293889320174,0.009210858097083309,-1.8249999999999993,-10.530000000000001,-0.39044990070791885,0
Sekondi-Takoradi,Western,2021-08-22,0.06452147098680815,17.5,27.37142857142857,23.099999999999998,94.57142857142857,22.91,26.446337209302385,0.009210858097083316,1.9000000000000021,-5.41,-0.3712126524781084,0
Sekondi-Takoradi,Western,2021-08-29,0.07066204305153036,21.5,27.271428571428572,23.400000000000002,95.85714285714286,22.439999999999998,27.823044564134175,0.009210858097083316,4.324999999999999,-0.9399999999999977,-0.27059678180245483,0
Sekondi-Takoradi,Western,2021-09-05,0.07680261511625257,51.2,27.442857142857143,23.25714285714286,97.14285714285714,20.740000000000002,29.199751918965962,0.009210858097083316,25.225,30.46,0.2017282865768394,0
Sekondi-Takoradi,Western,2021-09-12,0.08294318718097478,13.9,27.942857142857143,23.37142857142857,97.42857142857143,25.64,30.576459273797752,0.009210858097083316,-12.125000000000002,-11.74,0.18641442449916132,0
Sekondi-Takoradi,Western,2021-09-19,0.08908375924569698,80.0,27.428571428571427,22.957142857142856,99.28571428571429,21.19,28.913999999999987,0.009210858097083316,38.349999999999994,58.81,0.9991881622086544,0
Sekondi-Takoradi,Western,2021-09-26,0.09522433131041919,40.7,27.8,23.314285714285713,98.14285714285714,22.1,29.77022606306045,0.009210858097083316,-5.75,18.6,1.2464880506366127,0
Sekondi-Takoradi,Western,2021-10-03,0.1013649033751414,52.8,27.942857142857143,22.914285714285715,98.71428571428571,22.6,30.62645212612091,0.009210858097083316,5.949999999999989,30.199999999999996,1.2431974687025662,0
Sekondi-Takoradi,Western,2021-10-10,0.10750547543986361,22.4,28.271428571428572,23.74285714285714,97.28571428571429,25.07,30.382863750309014,0.009210858097083316,-26.575000000000003,-2.6700000000000017,1.3579881538633432,0
Sekondi-Takoradi,Western,2021-10-17,0.1136460475045858,11.6,29.02857142857143,23.97142857142857,96.0,27.61,33.577101132147334,0.009210858097083316,-20.275,-16.009999999999998,0.4110599219196455,0
Sekondi-Takoradi,Western,2021-10-24,0.11978661956930801,59.7,27.728571428571428,23.414285714285715,97.0,20.47,31.981241796685595,0.009210858097083316,23.075000000000003,39.230000000000004,0.672154942301876,0
Sekondi-Takoradi,Western,2021-10-31,0.12592719163403024,24.200000000000003,28.728571428571428,23.5,95.71428571428571,26.75,32.30447194850143,0.00921085809708333,-5.274999999999999,-2.549999999999997,0.2576681794556305,0
Sekondi-Takoradi,Western,2021-11-07,0.13206776369875245,15.8,29.042857142857144,23.557142857142857,94.57142857142857,27.34,32.627702100317265,0.00921085809708333,-12.024999999999999,-11.54,0.14540871116719695,0
Sekondi-Takoradi,Western,2021-11-14,0.13820833576347466,37.8,29.314285714285713,23.52857142857143,97.14285714285714,24.95,28.654595269226206,0.00921085809708333,3.424999999999997,12.849999999999998,0.5106633058463618,0
Sekondi-Takoradi,Western,2021-11-21,0.14434890782819684,20.4,29.7,24.214285714285715,95.28571428571429,26.02,32.48216626768237,0.009210858097083302,-4.149999999999999,-5.620000000000001,-0.05696207777666476,0
Sekondi-Takoradi,Western,2021-11-28,0.15048947989291905,7.0,29.357142857142858,24.642857142857142,92.71428571428571,25.57,29.123750679799457,0.00921085809708333,-13.25,-18.57,-0.25971254925137793,0
Sekondi-Takoradi,Western,2021-12-05,0.15663005195764126,7.7,29.928571428571427,25.02857142857143,92.14285714285714,27.29,30.036585357792205,0.00921085809708333,-10.524999999999999,-19.59,-0.3615940283632032,0
Sekondi-Takoradi,Western,2021-12-12,0.16277062402236347,12.0,30.0,24.928571428571427,92.57142857142857,27.0,29.97097962201389,0.00921085809708333,0.22500000000000142,-15.0,-0.7140659778370334,0
Sekondi-Takoradi,Western,2021-12-19,0.16891119608708569,6.300000000000001,30.342857142857145,24.900000000000002,92.57142857142857,26.89,30.032702729954053,0.00921085809708333,-1.9499999999999993,-20.59,-0.9035275607319431,0
Sekondi-Takoradi,Western,2021-12-26,0.1750517681518079,2.5,31.17142857142857,24.3,91.28571428571429,29.89,30.029335304205077,0.00921085809708333,-4.625,-27.39,-1.015154224802291,0
Sekondi-Takoradi,Western,2022-01-02,0.13646689484205696,30.3,29.900000000000002,24.514285714285712,94.71428571428571,25.009999999999998,30.0259678784561,-0.024333225933771546,17.525,5.290000000000003,-0.7002708458827613,0
Sekondi-Takoradi,Western,2022-01-09,0.097882021532306,18.099999999999998,30.042857142857144,24.314285714285713,94.85714285714286,25.16,29.976040920240013,-0.04669594862100811,3.799999999999997,-7.060000000000002,-0.599781536050725,0
Sekondi-Takoradi,Western,2022-01-16,0.12011163107694364,12.9,31.02857142857143,24.599999999999998,93.14285714285714,26.05,29.92611396202393,-0.012266447823834958,-3.0500000000000007,-13.15,-0.5056202683995474,0
Sekondi-Takoradi,Western,2022-01-23,0.1423412406215813,2.5,30.02857142857143,23.37142857142857,96.14285714285714,27.79,29.876187003807843,0.018140793603359337,-13.45,-25.29,-0.47904249123994086,0
Sekondi-Takoradi,Western,2022-01-30,0.078352021046199,2.9,30.357142857142858,23.571428571428573,97.14285714285714,28.47,30.12024663398131,-0.031319707523058474,-6.199999999999999,-25.57,-0.8696092546425404,0
Sekondi-Takoradi,Western,2022-02-06,0.07949830996777321,6.7,29.914285714285715,23.8,96.57142857142857,28.11,29.12731534181745,-0.025577490710351064,0.4500000000000002,-21.41,-1.0512240652331855,0
Sekondi-Takoradi,Western,2022-02-13,0.08064459888934744,12.2,30.042857142857144,24.428571428571427,94.85714285714286,27.65,28.416910709273964,-0.014564443741877778,6.125,-15.45,-1.0803330592651355,0
Sekondi-Takoradi,Western,2022-02-20,0.08179088781092166,37.7,30.285714285714285,24.085714285714285,95.42857142857143,25.63,31.92638966989489,0.0017194333823613434,22.825000000000003,12.070000000000004,-0.6075017475113726,0
Sekondi-Takoradi,Western,2022-02-27,0.08293717673249588,5.7,29.900000000000002,24.8,95.42857142857143,28.52,30.49531211750309,0.0017194333823613434,-9.875,-22.82,-0.5726975155166497,0
Sekondi-Takoradi,Western,2022-03-06,0.0840834656540701,5.1,30.685714285714287,24.3,96.0,29.240000000000002,32.07934857142857,0.0017194333823613434,-10.075,-24.14,-0.6072486258241383,0
Sekondi-Takoradi,Western,2022-03-13,0.08522975457564433,16.6,30.24285714285714,24.942857142857143,96.14285714285714,27.740000000000002,30.04684242730724,0.0017194333823613572,0.3249999999999993,-11.14,-0.5527009022251362,0
Sekondi-Takoradi,Western,2022-03-20,0.08637604349721854,28.8,30.67142857142857,24.97142857142857,92.85714285714286,29.31,28.014336283185912,0.0017194333823613434,14.75,-0.509999999999998,-0.7119144434955414,0
Sekondi-Takoradi,Western,2022-03-27,0.08752233241879276,5.1,30.314285714285713,25.314285714285713,92.28571428571429,30.27,31.26463114275697,0.0017194333823613434,-8.8,-25.17,-0.7416562417455774,0
Sekondi-Takoradi,Western,2022-04-03,0.08866862134036699,8.2,30.885714285714283,25.714285714285715,91.0,29.54,31.706760843379925,0.0017194333823613572,-6.475000000000001,-21.34,-0.7062192055327685,0
Sekondi-Takoradi,Western,2022-04-10,0.0898149102619412,17.5,30.585714285714285,25.400000000000002,91.28571428571429,29.14,32.14889054400288,0.0017194333823613434,2.6000000000000014,-11.64,-0.7125472477136272,0
Sekondi-Takoradi,Western,2022-04-17,0.09096119918351543,54.4,29.571428571428573,24.185714285714287,97.0,23.82,26.756192737430183,0.0017194333823613434,33.1,30.58,-0.31906958490783266,0
Sekondi-Takoradi,Western,2022-04-24,0.09210748810508965,84.8,29.985714285714288,24.214285714285715,95.28571428571429,26.51,26.04165070422539,0.0017194333823613434,43.574999999999996,58.28999999999999,0.7372072159211034,0
Sekondi-Takoradi,Western,2022-05-01,0.09325377702666388,39.9,29.342857142857145,24.099999999999998,95.57142857142857,25.759999999999998,32.13646339622642,0.0017194333823613434,-9.25,14.14,1.1862450890748377,0
Sekondi-Takoradi,Western,2022-05-08,0.09440006594823809,24.599999999999998,30.17142857142857,24.7,93.71428571428571,28.66,30.799317377850628,0.0017194333823613434,-26.325000000000006,-4.060000000000002,1.2821782085366558,0
Sekondi-Takoradi,Western,2022-05-15,0.0955463548698123,46.1,29.242857142857144,24.557142857142857,96.42857142857143,24.26,29.46217135947484,0.0017194333823613295,-2.75,21.84,1.1715640312152455,0
Sekondi-Takoradi,Western,2022-05-22,0.09669264379138653,94.4,28.514285714285712,24.25714285714286,94.85714285714286,21.61,25.746949608610635,0.0017194333823613434,43.150000000000006,72.79,1.3550772544601484,0
Sekondi-Takoradi,Western,2022-05-29,0.09783893271296076,45.8,28.057142857142857,23.414285714285715,96.28571428571429,23.77,31.31526207340636,0.0017194333823613572,-6.924999999999997,22.029999999999998,1.4549337600740988,0
Sekondi-Takoradi,Western,2022-06-05,0.09898522163453498,37.800000000000004,28.52857142857143,23.814285714285713,95.57142857142857,25.419999999999998,28.25428317844836,0.0017194333823613434,-18.224999999999994,12.380000000000006,1.6629997869807331,0
Sekondi-Takoradi,Western,2022-06-12,0.1001315105561092,41.6,28.442857142857143,23.428571428571427,95.0,24.54,27.512466397849494,0.0017194333823613434,-13.300000000000004,17.060000000000002,1.602503703731724,0
Sekondi-Takoradi,Western,2022-06-19,0.10127779947768342,113.0,27.571428571428573,22.599999999999998,97.14285714285714,18.57,27.358263378803827,0.0017194333823613572,53.45,94.43,1.8763813693192888,0
Sekondi-Takoradi,Western,2022-06-26,0.10242408839925764,64.4,27.114285714285717,22.542857142857144,100.0,20.93,20.855114332380595,0.0017194333823613434,0.20000000000000284,43.470000000000006,2.1477278180345105,0
Sekondi-Takoradi,Western,2022-07-03,0.10357037732083185,89.39999999999999,27.17142857142857,23.25714285714286,93.85714285714286,21.18,25.291883868562138,0.0017194333823613434,12.299999999999997,68.22,2.854443568792812,0
Sekondi-Takoradi,Western,2022-07-10,0.10471666624240608,21.099999999999998,27.557142857142857,23.52857142857143,93.0,24.119999999999997,29.72865340474368,0.0017194333823613434,-50.875,-3.0199999999999996,2.6003093948095257,0
Sekondi-Takoradi,Western,2022-07-17,0.10586295516398031,20.2,26.857142857142858,23.985714285714288,88.0,23.63,28.3963228605416,0.0017194333823613434,-28.574999999999992,-3.4299999999999997,1.3617849791718588,0
Sekondi-Takoradi,Western,2022-07-24,0.10700924408555453,5.3999999999999995,27.228571428571428,23.142857142857142,85.57142857142857,30.119999999999997,28.640775488431014,0.0017194333823613434,-28.625,-24.72,0.4987665865463476,0
Sekondi-Takoradi,Western,2022-07-31,0.10815553300712874,13.3,27.285714285714285,22.842857142857145,90.14285714285714,26.259999999999998,30.35040886021926,0.0017194333823613295,-1.6999999999999993,-12.959999999999997,-0.5286543419378728,0
Sekondi-Takoradi,Western,2022-08-07,0.10930182192870297,5.5,26.114285714285717,21.514285714285712,91.14285714285714,25.27,28.22913563375471,0.0017194333823613572,-5.600000000000001,-19.77,-0.7406437549966396,0
Sekondi-Takoradi,Western,2022-08-14,0.11044811085027718,8.3,26.942857142857143,22.785714285714285,92.28571428571429,23.669999999999998,28.211859967931616,0.0017194333823613434,0.1750000000000007,-15.369999999999997,-0.8917574022755457,0
Sekondi-Takoradi,Western,2022-08-21,0.1115943997718514,13.6,26.014285714285712,22.12857142857143,97.42857142857143,23.18,28.567146721661988,0.0017194333823613434,3.424999999999999,-9.58,-0.7001442850391439,0
Sekondi-Takoradi,Western,2022-08-28,0.11274068869342563,26.2,26.12857142857143,21.957142857142856,98.14285714285714,21.05,28.92243347539236,0.0017194333823613434,12.8,5.149999999999999,-0.4709425972484414,0
Sekondi-Takoradi,Western,2022-09-04,0.11388697761499986,22.7,26.485714285714288,22.157142857142855,98.42857142857143,21.85,29.277720229122732,0.0017194333823613572,5.0,0.8499999999999979,-0.20997413770982817,0
Sekondi-Takoradi,Western,2022-09-11,0.11503326653657407,13.1,26.599999999999998,22.75714285714286,96.14285714285714,23.7,26.49430839002269,0.0017194333823613434,-5.799999999999999,-10.6,-0.14960461530443608,0
Sekondi-Takoradi,Western,2022-09-18,0.11617955545814829,13.2,26.657142857142855,22.685714285714287,95.71428571428571,23.9,31.71190046848756,0.0017194333823613295,-5.600000000000001,-10.7,-0.1637794297895596,0
Sekondi-Takoradi,Western,2022-09-25,0.11732584437972252,49.9,26.74285714285714,22.62857142857143,97.14285714285714,22.7,25.867777777777803,0.0017194333823613434,25.175,27.2,0.11528723038630959,0
Sekondi-Takoradi,Western,2022-10-02,0.11847213330129674,30.5,26.87142857142857,22.942857142857143,96.0,22.07,31.35897192566233,0.0017194333823613572,3.825000000000003,8.43,0.21122034984812774,0
Sekondi-Takoradi,Western,2022-10-09,0.11961842222287096,16.8,27.885714285714283,22.985714285714288,95.0,25.58,28.29413410637761,0.0017194333823613572,-10.799999999999997,-8.779999999999998,0.23425442338645344,0
Sekondi-Takoradi,Western,2022-10-16,0.12076471114444517,16.0,28.185714285714287,23.057142857142857,95.28571428571429,26.14,28.74606365977528,0.0017194333823613295,-12.299999999999997,-10.14,0.24134183062901518,0
Sekondi-Takoradi,Western,2022-10-23,0.1219110000660194,14.1,28.514285714285712,22.957142857142856,96.14285714285714,27.73,29.197993213172953,0.0017194333823613434,-5.249999999999998,-13.63,-0.27540609385990716,0
Sekondi-Takoradi,Western,2022-10-30,0.12305728898759362,17.6,29.042857142857144,23.928571428571427,95.42857142857143,27.5,29.649922766570626,0.0017194333823613434,1.4750000000000014,-9.899999999999999,-0.5073921202101875,0
Sekondi-Takoradi,Western,2022-11-06,0.12420357790916783,9.5,29.142857142857142,24.014285714285712,94.14285714285714,27.46,30.811529075604312,0.0017194333823613295,-4.799999999999999,-17.96,-0.6235749746507535,0
Sekondi-Takoradi,Western,2022-11-13,0.12534986683074206,17.3,28.957142857142856,23.428571428571427,95.57142857142857,26.04,30.82540665975779,0.0017194333823613572,2.6750000000000043,-8.739999999999998,-0.605856456544349,0
Sekondi-Takoradi,Western,2022-11-20,0.1264961557523163,7.0,29.0,23.442857142857143,94.0,27.57,29.406537263994775,0.0017194333823613572,-5.849999999999998,-20.57,-0.693689682014668,0
Sekondi-Takoradi,Western,2022-11-27,0.12764244467389052,6.3,29.728571428571428,23.985714285714288,92.71428571428571,28.0,27.779530050552463,0.0017194333823613572,-3.7249999999999988,-21.7,-0.8430314774829335,0
Sekondi-Takoradi,Western,2022-12-04,0.12878873359546472,33.8,29.2,23.457142857142856,95.28571428571429,23.64,31.49028131817664,0.0017194333823613295,17.7,10.159999999999997,-0.4871423852314397,0
Sekondi-Takoradi,Western,2022-12-11,0.12993502251703895,7.4,29.542857142857144,24.042857142857144,93.85714285714286,26.09,29.517308785223804,0.0017194333823613572,-6.224999999999998,-18.689999999999998,-0.6130704246305281,0
Sekondi-Takoradi,Western,2022-12-18,0.13108131143861318,14.2,29.74285714285714,23.74285714285714,94.71428571428571,25.59,30.328242630833984,0.0017194333823613572,-1.2249999999999979,-11.39,-0.4968875701899621,0
Sekondi-Takoradi,Western,2022-12-25,0.13222760036018738,15.700000000000001,29.62857142857143,23.24285714285714,94.28571428571429,25.21,31.139176476444163,0.0017194333823613295,-2.0749999999999975,-9.51,-0.3426099018206267,0
Sekondi-Takoradi,Western,2023-01-01,0.1333738892817616,1.2000000000000002,30.142857142857142,23.185714285714287,96.0,28.21,31.278043153638407,0.0017194333823613295,-8.424999999999997,-27.01,-0.8130365575456633,0
Sekondi-Takoradi,Western,2023-01-08,0.0981773512042139,2.8000000000000003,30.785714285714285,23.74285714285714,92.14285714285714,28.22,31.353040098355336,-0.025537686866980103,-5.674999999999999,-25.419999999999998,-0.8982120053000215,0
Sekondi-Takoradi,Western,2023-01-15,0.0629808131266662,8.9,30.37142857142857,24.32857142857143,94.14285714285714,26.47,31.428037043072266,-0.04370910036654106,1.7500000000000018,-17.57,-0.9764266066554351,0
Sekondi-Takoradi,Western,2023-01-22,0.0277842750491185,10.1,29.75714285714286,24.071428571428573,93.85714285714286,25.25,30.36557956571903,-0.05279480711632155,4.350000000000001,-15.15,-1.0478069224555215,1
Sekondi-Takoradi,Western,2023-01-29,0.05923447106612047,23.6,30.2,23.885714285714283,96.14285714285714,25.240000000000002,32.150232621338205,-0.0028097565454092838,12.250000000000004,-1.6400000000000006,-0.7267220621987506,0
Sekondi-Takoradi,Western,2023-02-05,0.09068466708312244,4.7,29.8,24.271428571428572,96.0,25.98,32.39249041591313,0.030513610501865546,-7.124999999999997,-21.28,-0.6743258729412405,0
Sekondi-Takoradi,Western,2023-02-12,0.1221348631001244,5.9,30.114285714285717,24.214285714285715,95.85714285714286,28.56,30.258542391688135,0.04717529402550297,-5.174999999999997,-22.659999999999997,-0.7387453423423821,0
Sekondi-Takoradi,Western,2023-02-19,0.11873649656389959,3.5,30.74285714285714,24.52857142857143,95.28571428571429,29.869999999999997,32.21790755948044,0.021038872110582876,-5.924999999999997,-26.369999999999997,-0.8807466088808514,0
Sekondi-Takoradi,Western,2023-02-26,0.11533813002767478,12.899999999999999,31.099999999999998,25.37142857142857,92.85714285714286,29.98,34.17727272727274,0.0036145908339694915,6.15,-17.080000000000002,-1.0761565514257685,0
Sekondi-Takoradi,Western,2023-03-05,0.11193976349144998,15.9,30.771428571428572,24.914285714285715,95.28571428571429,29.310000000000002,33.68524568338947,-0.005097549804337201,6.350000000000001,-13.410000000000002,-0.9765531674990524,0
Sekondi-Takoradi,Western,2023-03-12,0.10854139695522516,9.9,30.585714285714285,24.985714285714288,94.57142857142857,26.24,33.1932186395062,-0.005097549804337201,-0.6499999999999986,-16.339999999999996,-0.8965667143329982,0
Sekondi-Takoradi,Western,2023-03-19,0.10514303041900035,4.1,30.914285714285715,25.228571428571428,90.28571428571429,29.83,32.030522121945864,-0.005097549804337201,-6.6,-25.729999999999997,-0.888466820341499,0
Sekondi-Takoradi,Western,2023-03-26,0.10174466388277553,19.900000000000002,30.071428571428573,24.7,92.14285714285714,27.76,33.099589459084655,-0.005097549804337201,7.450000000000003,-7.859999999999999,-0.7717777225264645,0
Sekondi-Takoradi,Western,2023-04-02,0.09834629734655073,18.7,30.82857142857143,24.7,92.42857142857143,32.16,31.826875608963974,-0.005097549804337187,5.550000000000001,-13.459999999999997,-0.7724105267445504,0
Sekondi-Takoradi,Western,2023-04-09,0.09494793081032592,13.5,30.62857142857143,24.62857142857143,93.57142857142857,30.05,29.066280398755453,-0.005097549804337201,-0.5499999999999972,-16.55,-0.775068304460511,0
Sekondi-Takoradi,Western,2023-04-16,0.0915495642741011,10.9,30.75714285714286,25.157142857142855,93.0,31.14,34.84767452278459,-0.005097549804337201,-4.849999999999998,-20.240000000000002,-0.7055864013146824,0
Sekondi-Takoradi,Western,2023-04-23,0.0855613928063739,37.1,30.82857142857143,24.528571428571432,95.71428571428571,29.61,37.18958677685953,-0.007039903502964004,17.050000000000004,7.490000000000002,-0.5113155063623199,0
Sekondi-Takoradi,Western,2023-04-30,0.08719749908458695,32.9,30.457142857142856,24.357142857142858,96.85714285714286,24.93,34.79217743343108,-0.00261659765926002,9.300000000000004,7.969999999999999,-0.24009561849071565,0
Sekondi-Takoradi,Western,2023-05-07,0.08883360536279998,3.8,30.857142857142858,24.842857142857145,91.71428571428571,30.73,32.39476809000263,0.0005480899808345124,-17.374999999999996,-26.93,-0.3714657741653425,0
Sekondi-Takoradi,Western,2023-05-14,0.09046971164101303,13.8,31.12857142857143,25.057142857142857,94.0,30.95,31.257887990940503,0.002454159417319579,-8.099999999999998,-17.15,-0.3323584734876356,0
Sekondi-Takoradi,Western,2023-05-21,0.09210581791922608,59.699999999999996,29.457142857142856,24.414285714285715,97.85714285714286,22.2,33.22286817102139,0.002454159417319593,32.15,37.5,0.04745061820750426,0
Sekondi-Takoradi,Western,2023-05-28,0.09374192419743912,39.7,29.657142857142855,24.571428571428573,95.57142857142857,26.21,25.69000000000005,0.002454159417319593,10.45000000000001,13.490000000000002,0.11731220388418447,0
Sekondi-Takoradi,Western,2023-06-04,0.09537803047565216,50.3,28.542857142857144,24.728571428571428,95.0,22.11,31.28014242278772,0.002454159417319579,9.425000000000004,28.189999999999998,0.8149155739020488,0
Sekondi-Takoradi,Western,2023-06-11,0.09701413675386521,55.400000000000006,28.0,23.785714285714285,97.85714285714286,20.67,29.116685228914832,0.002454159417319579,4.125000000000007,34.730000000000004,1.4715132305879488,0
Sekondi-Takoradi,Western,2023-06-18,0.09865024303207826,11.7,28.942857142857143,24.414285714285715,84.57142857142857,29.75,28.744291936952852,0.002454159417319579,-27.575,-18.05,0.7684677442945459,0
Sekondi-Takoradi,Western,2023-06-25,0.10028634931029129,196.50000000000003,26.75714285714286,23.25714285714286,98.71428571428571,14.84,28.37189864499087,0.002454159417319579,118.02500000000002,181.66000000000003,2.8968414514045655,0
Sekondi-Takoradi,Western,2023-07-02,0.10192245558850434,65.6,27.62857142857143,23.157142857142855,92.42857142857143,22.95,27.99950535302889,0.002454159417319593,-16.700000000000017,42.64999999999999,3.079848431274999,0
Sekondi-Takoradi,Western,2023-07-09,0.10355856186671739,44.6,28.24285714285714,22.785714285714285,98.0,22.689999999999998,28.234893048128413,0.002454159417319579,-35.00000000000001,21.910000000000004,2.9175974297577816,0
Sekondi-Takoradi,Western,2023-07-16,0.10519466814493042,35.199999999999996,27.87142857142857,22.914285714285715,96.57142857142857,23.12,25.05481979927009,0.002454159417319579,-50.275,12.079999999999995,3.2989252515763274,0
Sekondi-Takoradi,Western,2023-07-23,0.10683077442314347,32.0,27.414285714285715,23.32857142857143,96.85714285714286,19.38,24.01854368932044,0.002454159417319579,-12.349999999999994,12.620000000000001,1.1595407510716143,0
Sekondi-Takoradi,Western,2023-07-30,0.10846688070135652,44.0,27.514285714285712,23.25714285714286,97.71428571428571,20.92,25.064271844660226,0.002454159417319593,5.049999999999997,23.08,0.9118611801128044,0
Sekondi-Takoradi,Western,2023-08-06,0.11010298697956955,30.5,27.17142857142857,23.642857142857142,93.42857142857143,20.82,26.110000000000014,0.002454159417319579,-4.924999999999997,9.68,0.7570772683690001,0
Sekondi-Takoradi,Western,2023-08-13,0.1117390932577826,21.700000000000003,27.342857142857145,23.285714285714285,94.71428571428571,23.84,25.946910112359575,0.0024541594173195652,-10.349999999999994,-2.139999999999997,0.5771077487453784,0
Sekondi-Takoradi,Western,2023-08-20,0.11337519953599565,86.7,27.32857142857143,22.67142857142857,99.14285714285714,19.29,25.783820224719136,0.002454159417319579,40.975,67.41,1.2705346109238762,0
Sekondi-Takoradi,Western,2023-08-27,0.1150113058142087,18.3,27.400000000000002,23.542857142857144,96.85714285714286,20.95,25.620730337078697,0.002454159417319579,-21.000000000000004,-2.6499999999999986,0.9448935602968871,0
Sekondi-Takoradi,Western,2023-09-03,0.11664741209242173,32.7,27.885714285714283,23.428571428571427,96.0,22.32,25.45764044943826,0.0024541594173195652,-7.149999999999999,10.380000000000003,0.9537528193500892,0
Sekondi-Takoradi,Western,2023-09-10,0.11828351837063478,25.3,28.24285714285714,22.714285714285715,97.0,24.79,28.96473600706284,0.002454159417319579,-15.45,0.5100000000000016,0.9872914429086403,0
Sekondi-Takoradi,Western,2023-09-17,0.11991962464884783,31.799999999999997,27.985714285714288,23.457142857142856,97.14285714285714,22.77,32.47183156468742,0.002454159417319579,4.774999999999999,9.029999999999998,0.24842923787157714,0
Sekondi-Takoradi,Western,2023-09-24,0.12155573092706087,26.7,28.2,22.785714285714285,98.42857142857143,23.78,28.57880196801977,0.002454159417319593,-2.4250000000000007,2.919999999999998,0.31892362776634314,0
Sekondi-Takoradi,Western,2023-10-01,0.12319183720527391,18.2,28.914285714285715,23.599999999999998,96.42857142857143,26.78,28.04866666666669,0.002454159417319579,-7.300000000000001,-8.580000000000002,0.07896426826818075,0
Sekondi-Takoradi,Western,2023-10-08,0.12482794348348696,44.9,28.7,23.585714285714285,97.42857142857143,23.310000000000002,28.89347254672901,0.002454159417319593,14.5,21.589999999999996,0.34575452661318395,0
Sekondi-Takoradi,Western,2023-10-15,0.1264640497617,77.1,28.428571428571427,23.228571428571428,98.28571428571429,21.68,27.85559618394575,0.002454159417319579,35.375,55.419999999999995,0.9328702801532552,0
Sekondi-Takoradi,Western,2023-10-22,0.12810015603991304,31.6,29.357142857142858,23.085714285714285,98.0,27.79,26.817719821162484,0.002454159417319579,-11.350000000000001,3.8100000000000023,0.9441341952351838,0
Sekondi-Takoradi,Western,2023-10-29,0.12973626231812607,69.0,29.142857142857142,23.642857142857142,96.57142857142857,25.46,30.01085908963205,0.002454159417319579,13.350000000000001,43.54,1.6037693121678958,0
Sekondi-Takoradi,Western,2023-11-05,0.13137236859633913,13.0,29.885714285714283,23.928571428571427,95.85714285714286,27.95,29.543753833976496,0.002454159417319579,-34.675,-14.95,1.1413159895907414,0
Sekondi-Takoradi,Western,2023-11-12,0.13300847487455217,19.5,30.085714285714285,23.8,97.0,26.8,30.907405113686707,0.002454159417319579,-13.775000000000006,-7.300000000000001,0.34752637842382456,0
Sekondi-Takoradi,Western,2023-11-19,0.13464458115276523,22.1,30.314285714285713,24.3,95.0,26.89,28.84177974840173,0.002454159417319607,-8.800000000000004,-4.789999999999999,0.2386840529130547,0
Sekondi-Takoradi,Western,2023-11-26,0.13628068743097826,30.9,30.214285714285715,24.24285714285714,94.42857142857143,25.830000000000002,28.66035834145293,0.002454159417319579,9.524999999999995,5.069999999999997,-0.2481955124822146,0
Sekondi-Takoradi,Western,2023-12-03,0.1379167937091913,5.2,30.071428571428573,23.62857142857143,95.85714285714286,27.52,30.29478342407748,0.002454159417319579,-14.225000000000005,-22.32,-0.34147085422807205,0
Sekondi-Takoradi,Western,2023-12-10,0.13955289998740433,12.700000000000001,30.557142857142857,24.02857142857143,95.42857142857143,27.14,30.430972135622113,0.0024541594173195513,-5.025000000000004,-14.44,-0.43183529657073444,0
Sekondi-Takoradi,Western,2023-12-17,0.1411890062656174,4.5,30.642857142857142,23.414285714285715,94.28571428571429,29.36,30.567160847166747,0.002454159417319579,-8.825000000000003,-24.86,-0.6858429097104032,0
Sekondi-Takoradi,Western,2023-12-24,0.1299450693964881,1.0,32.228571428571435,23.62857142857143,92.85714285714286,30.61,30.908027923645648,-0.007205872943187169,-4.850000000000004,-29.61,-1.1247559153747633,0
Sekondi-Takoradi,Western,2023-12-31,0.1299450693964881,7.1,31.414285714285715,24.728571428571428,97.28571428571429,27.7,30.398163308589687,-0.005212941865011367,0.774999999999995,-20.6,-1.1029874502726091,0
Sunyani,Bono,2019-01-06,0.3463131968607265,0.0,34.88333333333333,20.5,52.5,33.14,31.633856731206663,0.0,0.0,-33.14,-0.4755123831830468,0
Sunyani,Bono,2019-01-13,0.2760356713696405,0.2,34.542857142857144,21.52857142857143,76.71428571428571,31.83,30.261011071229973,-0.035138762745543006,0.1,-31.63,-0.8091164590742436,0
Sunyani,Bono,2019-01-20,0.24581030695305817,10.200000000000001,34.15714285714286,23.62857142857143,94.14285714285714,28.18,33.12530812395744,-0.04357608477475022,6.733333333333334,-17.979999999999997,-0.9987529208043643,0
Sunyani,Bono,2019-01-27,0.3244977753474136,4.8,33.72857142857143,21.3,89.14285714285714,29.86,32.85782594408761,0.02633353771470387,1.0,-25.06,-1.2630626944949552,0
Sunyani,Bono,2019-02-03,0.3023087159378475,6.300000000000001,34.357142857142854,23.47142857142857,91.28571428571429,28.89,31.311481219351776,0.015145598535857563,0.9250000000000007,-22.59,-1.1517910220114862,0
Sunyani,Bono,2019-02-10,0.23352073888571223,11.0,34.371428571428574,23.62857142857143,95.0,30.84,31.749586471866905,-0.04301364539529562,2.9250000000000007,-19.84,-1.0274409728569742,0
Sunyani,Bono,2019-02-17,0.32477060356820425,0.1,36.48571428571428,22.457142857142856,78.57142857142857,38.5,32.481086016884916,0.028496145133409867,-5.45,-38.4,-1.2428123048107598,0
Sunyani,Bono,2019-02-24,0.2352869267789969,16.9,35.07142857142857,24.442857142857143,91.42857142857143,31.259999999999998,33.21258556190293,-0.03868481951369332,8.325,-14.36,-1.1299585706332131,0
Sunyani,Bono,2019-03-03,0.2869915402069404,0.5,35.57142857142857,23.32857142857143,84.57142857142857,34.07,34.28995879884735,0.016849087846976918,-6.625,-33.57,-1.2457654866397052,0
Sunyani,Bono,2019-03-10,0.25086563501785375,45.8,35.142857142857146,23.97142857142857,92.0,31.64,34.25010287649752,-0.023613041375145083,29.974999999999998,14.159999999999997,-0.8871648359820797,0
Sunyani,Bono,2019-03-17,0.3307082469098811,13.3,34.785714285714285,23.857142857142858,94.28571428571429,33.03,31.953888518469228,0.054745159681463096,-5.824999999999999,-19.73,-0.6902508904592013,0
Sunyani,Bono,2019-03-24,0.34772485261664277,27.599999999999998,32.957142857142856,23.928571428571427,93.71428571428571,27.91,36.17492063090839,0.04365228392881326,5.800000000000001,-0.3100000000000023,-0.5420644451139179,0
Sunyani,Bono,2019-03-31,0.3647414583234044,28.1,32.94285714285714,24.142857142857142,95.28571428571429,28.509999999999998,32.21524866320402,0.041231410106458866,-0.5999999999999979,-0.4099999999999966,-0.19232333994312797,0
Sunyani,Bono,2019-04-07,0.4017819520662045,38.7,33.385714285714286,24.271428571428572,95.14285714285714,29.05,32.79819751276466,0.04054282458717129,11.775000000000002,9.650000000000002,-0.23989066154506586,0
Sunyani,Bono,2019-04-14,0.3838037944218361,42.7,32.22857142857143,23.614285714285717,96.0,28.259999999999998,30.562031837871785,0.009290780064814153,8.424999999999997,14.440000000000005,0.1205029923658477,0
Sunyani,Bono,2019-04-21,0.4103735358212178,43.1,32.542857142857144,23.67142857142857,97.28571428571429,30.5,28.32586616297891,0.02019835066305209,4.949999999999996,12.600000000000001,0.2566657688361403,0
Sunyani,Bono,2019-04-28,0.43694327722059956,31.6,32.42857142857143,24.17142857142857,96.57142857142857,28.19,34.18428505464061,0.028717637338135094,-7.425000000000004,3.41,0.29695560664532045,0
Sunyani,Bono,2019-05-05,0.4635130186199813,49.0,31.385714285714283,24.12857142857143,97.28571428571429,25.979999999999997,33.43782442748102,0.039854612099072595,7.399999999999999,23.020000000000003,0.43797003897745146,0
Sunyani,Bono,2019-05-12,0.4777248455728246,37.8,32.27142857142857,23.785714285714285,96.57142857142857,29.64,31.2080409039055,0.030586176264168763,-2.575000000000003,8.159999999999997,0.37173438938539577,0
Sunyani,Bono,2019-05-19,0.47736140945973443,29.3,31.099999999999998,23.52857142857143,96.42857142857143,25.94,30.11706643603054,0.013475771741449483,-7.6250000000000036,3.3599999999999994,0.2742793890302059,0
Sunyani,Bono,2019-05-26,0.4769979733466443,41.6,31.0,23.457142857142856,97.28571428571429,25.98,30.919612983770374,0.003098661596848129,2.1750000000000043,15.620000000000001,0.40305921092813546,0
Sunyani,Bono,2019-06-02,0.4766345372335541,41.1,29.842857142857145,23.042857142857144,96.85714285714286,23.74,28.701708004724253,-0.0005451541696352424,3.6499999999999986,17.360000000000003,0.3433627496716013,0
Sunyani,Bono,2019-06-09,0.47627110112046395,20.2,29.385714285714283,22.814285714285713,95.85714285714286,23.5,27.05585400236214,-0.0005451541696352424,-12.850000000000005,-3.3000000000000007,0.2224932362440606,0
Sunyani,Bono,2019-06-16,0.4759076650073738,90.4,28.2,22.614285714285717,97.57142857142857,19.68,25.410000000000025,-0.0005451541696352424,42.075,70.72,0.9329444076645795,0
Sunyani,Bono,2019-06-23,0.47554422889428366,5.9,30.285714285714285,23.25714285714286,95.42857142857143,26.73,27.502386374602,-0.0005451541696352424,-33.5,-20.83,0.5485034160036841,0
Sunyani,Bono,2019-06-30,0.4751807927811935,34.4,28.62857142857143,22.342857142857145,96.85714285714286,22.98,27.88653278996202,-0.0005451541696351869,-3.3249999999999957,11.419999999999998,0.48585377291820486,0
Sunyani,Bono,2019-07-07,0.4748173566681033,46.2,29.12857142857143,22.87142857142857,96.42857142857143,21.63,27.537110658301685,-0.000545154169635298,1.9750000000000014,24.570000000000004,0.7798008356778524,0
Sunyani,Bono,2019-07-14,0.4744539205550132,33.9,27.5,21.914285714285715,96.57142857142857,19.67,27.187688526641352,-0.0005451541696352424,3.799999999999997,14.229999999999997,0.1839964016881684,0
Sunyani,Bono,2019-07-21,0.47409048444192303,42.9,27.714285714285715,21.900000000000002,96.71428571428571,19.48,26.83826639498102,-0.0005451541696351869,3.5500000000000043,23.419999999999998,0.6507046014411073,0
Sunyani,Bono,2019-07-28,0.4737270483288329,61.5,28.271428571428572,22.12857142857143,96.42857142857143,22.27,26.488844263320686,-0.0005451541696351869,15.375,39.230000000000004,0.9440188395231238,0
Sunyani,Bono,2019-08-04,0.47336361221574275,32.2,27.014285714285712,21.985714285714288,94.71428571428571,17.810000000000002,26.139422131660353,-0.0005451541696352424,-10.424999999999997,14.39,0.8366495858850466,0
Sunyani,Bono,2019-08-11,0.47300017610265255,14.600000000000001,27.47142857142857,21.857142857142858,94.71428571428571,21.05,25.79000000000002,-0.0005451541696352424,-23.200000000000003,-6.449999999999999,0.6185360136615262,0
Sunyani,Bono,2019-08-18,0.4726367399895624,13.5,28.400000000000002,21.885714285714283,94.85714285714286,22.88,26.7010800978112,-0.0005451541696352424,-16.950000000000003,-9.379999999999999,0.27259185655652296,0
Sunyani,Bono,2019-08-25,0.47227330387647226,42.2,28.02857142857143,22.357142857142858,94.57142857142857,21.580000000000002,27.61216019562238,-0.0005451541696352424,16.575000000000003,20.62,0.07631073571127558,0
Sunyani,Bono,2019-09-01,0.4719098677633821,49.8,28.8,22.17142857142857,96.0,24.35,28.52324029343356,-0.0005451541696352424,19.775,25.449999999999996,0.19296141795460894,0
Sunyani,Bono,2019-09-08,0.471546431650292,67.30000000000001,28.085714285714285,22.400000000000002,97.57142857142857,20.009999999999998,29.44115394411557,-0.0005451541696351869,24.10000000000001,47.29000000000001,0.7597613875528677,0
Sunyani,Bono,2019-09-15,0.4711829955372018,48.2,28.185714285714287,22.457142857142856,97.28571428571429,19.91,30.35906759479758,-0.000545154169635298,-3.674999999999997,28.290000000000003,1.1570698143255955,0
Sunyani,Bono,2019-09-22,0.47081955942411163,61.7,28.657142857142855,22.571428571428573,97.28571428571429,22.06,30.01183205484053,-0.0005451541696352424,4.950000000000003,39.64,1.3576752371346554,0
Sunyani,Bono,2019-09-29,0.4704561233110215,51.8,29.02857142857143,22.32857142857143,98.42857142857143,22.04,29.66459651488348,-0.0005451541696351869,-5.450000000000003,29.759999999999998,1.4031331431444898,0
Sunyani,Bono,2019-10-06,0.47009268719793135,57.6,28.728571428571428,22.228571428571428,98.42857142857143,22.85,29.31736097492643,-0.0005451541696351869,2.7749999999999986,34.75,1.270872785519589,0
Sunyani,Bono,2019-10-13,0.4697292510848412,101.2,27.085714285714285,22.157142857142855,97.71428571428571,16.56,26.917200690051686,-0.0005451541696352424,33.125,84.64,1.8652006285948002,0
Sunyani,Bono,2019-10-20,0.469365814971751,39.6,29.24285714285714,22.557142857142857,98.28571428571429,21.72,21.06218943033633,-0.0005451541696352424,-22.949999999999996,17.880000000000003,1.6356962121739198,0
Sunyani,Bono,2019-10-27,0.46900237885866086,41.9,29.214285714285715,22.3,98.71428571428571,23.15,31.10093574642343,-0.0005451541696352424,-18.174999999999997,18.75,1.5195728838286124,0
Sunyani,Bono,2019-11-03,0.4686389427455707,53.1,29.442857142857143,21.8,98.85714285714286,23.9,28.746500279842223,-0.0005451541696352424,-5.849999999999994,29.200000000000003,1.4610366011477356,0
Sunyani,Bono,2019-11-10,0.4675745393598527,16.3,30.557142857142857,22.457142857142856,99.42857142857143,27.13,30.117184672160192,-0.0010708796241061247,-21.425,-10.829999999999998,0.4541070682570445,0
Sunyani,Bono,2019-11-17,0.5309392311326165,11.399999999999999,30.928571428571427,22.914285714285715,98.85714285714286,25.29,31.94670668823619,0.046900458108441345,-19.275000000000002,-13.89,0.1190264014513751,0
Sunyani,Bono,2019-11-24,0.5036678824176823,15.8,31.099999999999998,22.785714285714285,98.14285714285714,25.07,31.73495538648197,0.010962733503751765,-8.349999999999998,-9.27,-0.17650272300235031,0
Sunyani,Bono,2019-12-01,0.48917016798661794,1.1,31.900000000000002,22.67142857142857,98.57142857142857,26.95,31.52320408472775,-0.008667787237574442,-10.05,-25.849999999999998,-0.7571193647288877,0
Sunyani,Bono,2019-12-08,0.4746724535555536,22.2,31.485714285714288,22.82857142857143,98.57142857142857,25.35,30.90839340781565,-0.024939980217563995,9.575,-3.150000000000002,-0.6761178059921066,0
Sunyani,Bono,2019-12-15,0.2576001275142457,2.0,31.428571428571427,22.599999999999998,98.28571428571429,24.46,29.227012390857738,-0.17367753035427919,-8.275,-22.46,-0.7665062641137493,0
Sunyani,Bono,2019-12-22,0.2796139216239874,0.1,33.68571428571429,22.514285714285712,97.85714285714286,27.36,30.46772205651888,-0.09565024604611377,-6.250000000000001,-27.259999999999998,-0.9562481966234752,0
Sunyani,Bono,2019-12-29,0.4054484014203001,0.0,33.77142857142857,20.485714285714288,91.14285714285714,30.58,29.26742303220277,0.05111467539177844,-6.075,-30.58,-1.006135875376727,0
Sunyani,Bono,2020-01-05,0.3420430088850283,0.0,32.58571428571428,18.357142857142858,53.0,39.49,29.16750770941809,0.02086664402413796,-0.525,-39.49,-1.3894166884619656,0
Sunyani,Bono,2020-01-12,0.3098949217965594,2.0,33.82857142857143,20.2,82.14285714285714,30.58,31.244467418229647,-0.024355141634909372,1.475,-28.58,-1.4539648055803382,0
Sunyani,Bono,2020-01-19,0.33255347379792455,0.2,35.45714285714286,20.785714285714285,70.28571428571429,37.36,30.501380112228844,-0.014931477677028515,-0.35000000000000003,-37.16,-1.5583808773894703,0
Sunyani,Bono,2020-01-26,0.2957220696611011,0.5,34.885714285714286,22.071428571428573,87.28571428571429,33.68,30.982104797533,-0.02433129887405222,-0.17500000000000004,-33.18,-1.585803280086818,0
Sunyani,Bono,2020-02-02,0.31551215564954743,0.0,36.042857142857144,20.571428571428573,75.14285714285714,39.6,33.98671199636004,0.0020915004232643364,-0.675,-39.6,-1.586963458662475,0
Sunyani,Bono,2020-02-09,0.27546675663859516,0.0,35.81428571428571,20.314285714285713,47.285714285714285,44.25,32.53345546231233,-0.029346857298196916,-0.175,-44.25,-1.7522361703037983,0
Sunyani,Bono,2020-02-16,0.2838094490078562,1.7000000000000002,36.771428571428565,22.314285714285713,51.142857142857146,42.96,31.080198928264625,-0.00881815873141878,1.1500000000000001,-41.26,-1.795479189941924,0
Sunyani,Bono,2020-02-23,0.16621918829925622,0.5,36.65714285714286,24.785714285714285,90.28571428571429,36.18,33.30665664021035,-0.09403269909955755,-0.050000000000000044,-35.68,-1.8218468848432197,1
Sunyani,Bono,2020-03-01,0.22439641513680217,0.0,37.385714285714286,24.8,90.71428571428571,37.87,33.578641972167816,-0.013076537133825256,-0.55,-37.87,-1.8036004399715229,0
Sunyani,Bono,2020-03-08,0.1141322442732579,39.5,34.642857142857146,24.52857142857143,93.42857142857143,29.919999999999998,35.70027728628492,-0.08300707990603522,29.075,9.580000000000002,-1.235851233356818,1
Sunyani,Bono,2020-03-15,0.2533301228205975,21.6,33.9,24.585714285714285,94.14285714285714,27.59,34.79784920413158,0.06381063018811906,6.200000000000001,-5.989999999999998,-0.863855793689334,0
Sunyani,Bono,2020-03-22,0.3014504311608581,44.7,34.07142857142857,24.599999999999998,93.71428571428571,30.28,33.895421121978245,0.0781231278129792,18.25,14.420000000000002,-0.33544718786736244,0
Sunyani,Bono,2020-03-29,0.3495707395011187,132.7,31.314285714285713,23.571428571428573,96.14285714285714,25.78,32.99764648615174,0.09494985506216064,73.07499999999999,106.91999999999999,1.1916642300360956,0
Sunyani,Bono,2020-04-05,0.3976910478413794,4.6,32.785714285714285,23.928571428571427,93.71428571428571,30.25,32.099871850325236,0.07218046251039095,-46.3,-25.65,0.8200906734870326,0
Sunyani,Bono,2020-04-12,0.44581135618164,21.1,31.7,23.614285714285717,95.42857142857143,28.76,31.202097214498732,0.0721804625103909,-29.675000000000004,-7.66,0.8024770532929668,0
Sunyani,Bono,2020-04-19,0.4065049462742715,15.6,32.25714285714286,24.014285714285712,95.28571428571429,30.22,32.724479511152765,0.006610423824669087,-27.9,-14.62,0.4961899093195127,0
Sunyani,Bono,2020-04-26,0.4367981377836876,17.2,31.942857142857143,23.67142857142857,94.0,29.38,32.843498559223576,0.015096765763442987,2.5749999999999993,-12.18,-0.7599670757782279,0
Sunyani,Bono,2020-05-03,0.46709132929310376,19.9,33.042857142857144,23.842857142857145,94.57142857142857,32.62,31.918096581120267,0.028039886909928036,1.4499999999999993,-12.719999999999999,-0.623593357748725,0
Sunyani,Bono,2020-05-10,0.4585236211193928,48.2,32.542857142857144,24.042857142857144,96.28571428571429,29.34,33.96210974020994,0.016294112501778923,22.975,18.860000000000003,-0.34388485023577714,0
Sunyani,Bono,2020-05-17,0.4499559129456818,65.5,31.67142857142857,23.442857142857143,94.85714285714286,28.759999999999998,27.04634414312756,-0.0031363373397846894,27.799999999999997,36.74,0.19781307381644758,0
Sunyani,Bono,2020-05-24,0.4413882047719709,6.0,31.414285714285715,23.714285714285715,94.42857142857143,28.29,31.445530681930848,-0.01285156226056644,-28.900000000000006,-22.29,0.0911821156356066,0
Sunyani,Bono,2020-05-31,0.43282049659825994,31.4,30.400000000000002,23.485714285714288,97.57142857142857,25.1,30.387640172930407,-0.01285156226056644,-6.375000000000007,6.299999999999997,0.2917875384446664,0
Sunyani,Bono,2020-06-07,0.42425278842454894,19.9,30.114285714285717,23.228571428571428,97.28571428571429,24.69,29.32974966392997,-0.01285156226056644,-10.8,-4.790000000000003,0.042349144678406336,0
Sunyani,Bono,2020-06-14,0.415685080250838,36.900000000000006,29.885714285714283,22.457142857142856,97.57142857142857,23.48,28.27185915492953,-0.01285156226056644,13.350000000000005,13.420000000000005,-0.2036087133608826,0
Sunyani,Bono,2020-06-21,0.4184542308241049,18.8,29.285714285714285,22.87142857142857,97.42857142857143,21.8,28.209554912966087,-0.004348918200333063,-7.949999999999999,-3.0,-0.00015557950248276756,0
Sunyani,Bono,2020-06-28,0.4212233813973718,36.1,29.142857142857142,22.599999999999998,96.85714285714286,24.41,28.147250671002645,0.0013195111731559295,8.175,11.690000000000001,0.056693170704711415,0
Sunyani,Bono,2020-07-05,0.4239925319706387,44.599999999999994,27.714285714285715,22.25714285714286,96.57142857142857,18.58,28.0849464290392,0.004153725859900315,10.499999999999993,26.019999999999996,0.3816486426682832,0
Sunyani,Bono,2020-07-12,0.4267616825439056,33.3,28.085714285714285,22.2,96.71428571428571,20.15,28.022642187075757,0.00415372585990037,0.09999999999999432,13.149999999999999,0.3788009316189431,0
Sunyani,Bono,2020-07-19,0.4295308331171725,18.5,27.657142857142855,21.857142857142858,94.71428571428571,19.45,27.960337945112315,0.004153725859900315,-14.625,-0.9499999999999993,0.40042244143800587,0
Sunyani,Bono,2020-07-26,0.43229998369043937,32.1,28.385714285714283,22.185714285714287,95.0,21.240000000000002,28.02666874439521,0.004153725859900315,-0.02499999999999858,10.86,0.39166836673077554,0
Sunyani,Bono,2020-08-02,0.4350691342637063,8.4,29.157142857142855,21.8,93.57142857142857,24.89,28.092999543678104,0.00415372585990037,-14.674999999999999,-16.490000000000002,-0.05668791737086139,0
Sunyani,Bono,2020-08-09,0.4378382848369732,1.9,29.085714285714285,20.228571428571428,91.14285714285714,28.97,28.159330342961,0.00415372585990037,-13.325,-27.07,-0.48089139294291117,0
Sunyani,Bono,2020-08-16,0.4406074354102401,14.700000000000001,28.900000000000002,21.67142857142857,92.57142857142857,23.08,28.225661142243894,0.00415372585990037,0.4250000000000007,-8.379999999999997,-0.5592561821895629,0
Sunyani,Bono,2020-08-23,0.443376585983507,6.3,29.32857142857143,22.071428571428573,91.85714285714286,23.53,28.761831833228364,0.004153725859900315,-1.5250000000000004,-17.23,-0.8555236021005246,0
Sunyani,Bono,2020-08-30,0.44614573655677386,13.1,28.842857142857145,21.885714285714283,92.71428571428571,22.55,29.298002524212833,0.004153725859900315,4.1,-9.450000000000001,-0.781272173258475,0
Sunyani,Bono,2020-09-06,0.4489148871300408,25.099999999999998,29.042857142857144,22.400000000000002,92.71428571428571,23.58,29.834173215197307,0.00415372585990037,10.299999999999997,1.5199999999999996,-0.47973121436725413,0
Sunyani,Bono,2020-09-13,0.4516840377033077,30.900000000000002,28.314285714285713,22.514285714285712,95.71428571428571,19.97,30.370343906181777,0.00415372585990037,12.05,10.930000000000003,-0.2760671389496439,0
Sunyani,Bono,2020-09-20,0.4544531882765746,35.2,28.24285714285714,22.228571428571428,96.28571428571429,19.82,30.906514597166247,0.004153725859900315,9.125,15.380000000000003,0.06787307334286087,0
Sunyani,Bono,2020-09-27,0.4572223388498415,49.8,28.82857142857143,22.24285714285714,97.28571428571429,22.14,31.442685288150717,0.00415372585990037,14.549999999999997,27.659999999999997,0.45927513645769846,0
Sunyani,Bono,2020-10-04,0.45999148942310836,61.0,28.771428571428572,22.085714285714285,97.42857142857143,23.240000000000002,31.97885597913519,0.004153725859900315,16.775,37.76,0.8415012417468849,0
Sunyani,Bono,2020-10-11,0.4627606399963753,54.7,28.37142857142857,22.042857142857144,98.42857142857143,20.47,32.51502667011966,0.00415372585990037,4.525000000000006,34.230000000000004,1.0872481582269635,0
Sunyani,Bono,2020-10-18,0.46552979056964217,44.0,29.428571428571427,21.900000000000002,98.85714285714286,24.78,33.05119736110413,0.00415372585990037,-8.375,19.22,1.1277489375953542,0
Sunyani,Bono,2020-10-25,0.4682989411429091,14.8,30.25714285714286,22.614285714285717,98.71428571428571,25.490000000000002,31.661372276426903,0.00415372585990037,-28.825,-10.690000000000001,0.7232684978094738,0
Sunyani,Bono,2020-11-01,0.471068091716176,14.0,30.75714285714286,22.485714285714288,98.57142857142857,27.939999999999998,30.83546720639339,0.00415372585990037,-17.875,-13.939999999999998,0.17798456725067288,0
Sunyani,Bono,2020-11-08,0.3749744853153407,24.4,31.185714285714283,22.928571428571427,97.71428571428571,26.64,32.9368386330317,-0.0699933418706763,0.09999999999999787,-2.240000000000002,-0.206667365969433,0
Sunyani,Bono,2020-11-15,0.27888087891450547,13.0,31.785714285714285,22.385714285714283,98.42857142857143,28.21,32.15230157727112,-0.11942472035772733,-3.5500000000000007,-15.21,-0.5698032601500812,0
Sunyani,Bono,2020-11-22,0.3617432691757964,1.0,32.028571428571425,22.928571428571427,96.57142857142857,28.54,31.367764521510537,-0.009923412104658247,-12.100000000000001,-27.54,-0.7475215237848163,0
Sunyani,Bono,2020-11-29,0.35748243100080923,16.9,31.142857142857142,23.142857142857142,96.0,24.71,29.24456779732361,0.0142121648991963,3.0749999999999993,-7.810000000000002,-0.6828679358868386,0
Sunyani,Bono,2020-12-06,0.353221592825822,1.3,32.457142857142856,23.3,95.42857142857143,27.34,31.004159016109558,0.01538954984658869,-6.749999999999999,-26.04,-0.9338883913471762,0
Sunyani,Bono,2020-12-13,0.3489607546508348,24.1,31.5,22.95714285714286,97.71428571428571,22.67,27.292857142857144,-0.006391257262480798,13.275000000000002,1.4299999999999997,-0.7583850140841502,0
Sunyani,Bono,2020-12-20,0.4237882139240128,36.5,30.75714285714286,22.428571428571427,98.14285714285714,20.86,27.62067014795485,0.05292496582364309,16.8,15.64,-0.3029621877489659,0
Sunyani,Bono,2020-12-27,0.3896195871120108,10.299999999999999,32.1,22.25714285714286,95.42857142857143,25.64,31.892420757292317,0.010722049983840687,-7.750000000000002,-15.340000000000002,-0.3823816847916694,0
Sunyani,Bono,2021-01-03,0.3318171734197701,0.1,33.142857142857146,21.157142857142855,93.57142857142857,28.97,31.35628810474697,-0.041729258856887,-17.65,-28.869999999999997,-0.4122299154199364,0
Sunyani,Bono,2021-01-10,0.3161023126948288,3.7,32.371428571428574,23.099999999999998,96.85714285714286,26.439999999999998,29.744450230018742,-0.049229509092826806,-8.95,-22.74,-0.667152789725666,0
Sunyani,Bono,2021-01-17,0.3003874519698875,0.30000000000000004,32.957142857142856,22.357142857142858,97.28571428571429,28.759999999999998,28.787230423133337,-0.03409417932923681,-3.299999999999998,-28.459999999999997,-1.132278927784527,0
Sunyani,Bono,2021-01-24,0.32104521041134293,2.4,33.91428571428572,21.214285714285715,83.85714285714286,32.300000000000004,29.500451190536438,0.0037071732873856234,0.7750000000000017,-29.900000000000006,-1.285844382889675,0
Sunyani,Bono,2021-01-31,0.2671777244984879,0.7999999999999999,34.7,22.214285714285715,93.42857142857143,31.95,30.21367195793954,-0.03400045039514882,-0.9999999999999983,-31.15,-1.309891720639657,0
Sunyani,Bono,2021-02-07,0.2935198696271935,0.7,35.41428571428572,23.785714285714285,93.42857142857143,32.58,32.56879025327345,-0.002012694499534451,-0.3499999999999981,-31.88,-1.4062920131987953,0
Sunyani,Bono,2021-02-14,0.2151944447403523,0.5,35.785714285714285,23.928571428571427,91.14285714285714,34.5,31.94227377042944,-0.05903986757899185,-0.5999999999999981,-34.0,-1.464722825100067,1
Sunyani,Bono,2021-02-21,0.3091733797607715,38.7,33.57142857142857,22.457142857142856,90.42857142857143,30.85,29.85375891006521,0.03790702510407018,28.525000000000006,7.850000000000001,-1.0665706320904977,0
Sunyani,Bono,2021-02-28,0.29037698523204436,2.1,34.957142857142856,22.342857142857145,88.57142857142857,35.68,31.35909455199794,0.013310815391953945,-8.4,-33.58,-1.0922000315345572,0
Sunyani,Bono,2021-03-07,0.31755338253766224,34.1,34.871428571428574,24.514285714285712,91.71428571428571,32.25,33.088336535058886,0.034478834469954645,15.25,1.8500000000000014,-0.736447091926272,0
Sunyani,Bono,2021-03-14,0.3447297798432801,58.6,32.34285714285714,23.885714285714283,95.57142857142857,25.33,33.04386435001038,0.029271397999840576,25.225,33.27,-0.026945157522199517,0
Sunyani,Bono,2021-03-21,0.37190617714889806,71.8,32.67142857142857,23.214285714285715,95.0,28.59,34.462486494806996,0.04076459595842685,30.15,43.209999999999994,0.34599951916173083,0
Sunyani,Bono,2021-03-28,0.39908257445451595,25.7,32.042857142857144,22.771428571428572,95.42857142857143,29.11,35.88110863960361,0.04076459595842685,-21.849999999999998,-3.41,0.6642048612305708,0
Sunyani,Bono,2021-04-04,0.42625897176013383,7.6000000000000005,33.17142857142857,23.928571428571427,94.71428571428571,32.2,33.59284629189625,0.04076459595842685,-33.324999999999996,-24.6,0.38523464917485917,0
Sunyani,Bono,2021-04-11,0.4534353690657517,9.0,32.75714285714286,24.12857142857143,94.85714285714286,29.17,31.30458394418889,0.04076459595842685,-19.524999999999995,-20.17,-0.17840119703524385,0
Sunyani,Bono,2021-04-18,0.41036094344029583,28.9,33.55714285714286,24.014285714285712,95.14285714285714,33.1,32.21360722575446,-0.011923521239878498,11.099999999999998,-4.200000000000003,-0.6784381631434208,0
Sunyani,Bono,2021-04-25,0.3672865178148399,12.7,32.528571428571425,24.12857142857143,95.28571428571429,30.27,33.06980648887122,-0.047048932705415436,-1.8499999999999996,-17.57,-0.8277847870643613,0
Sunyani,Bono,2021-05-02,0.324212092189384,38.2,33.4,24.02857142857143,95.57142857142857,33.14,33.92600575198799,-0.0646116384381838,16.0,5.060000000000002,-0.5149584547553856,0
Sunyani,Bono,2021-05-09,0.32763493695395673,11.0,31.25714285714286,23.7,94.28571428571429,27.060000000000002,31.887387294152006,-0.0297386856456624,-11.700000000000003,-16.060000000000002,-0.4716099643376551,0
Sunyani,Bono,2021-05-16,0.33105778171852945,13.6,32.75714285714286,23.585714285714285,94.0,30.31,32.64011466631899,-0.006490050450648044,-5.275,-16.71,-0.6035539096237401,0
Sunyani,Bono,2021-05-23,0.33448062648310223,22.7,32.128571428571426,23.400000000000002,97.0,28.56,33.39284203848598,0.005134267146859106,1.3249999999999993,-5.859999999999999,-0.48004762670606976,0
Sunyani,Bono,2021-05-30,0.33790347124767495,60.199999999999996,32.785714285714285,23.75714285714286,96.28571428571429,29.55,26.290880197925446,0.005134267146859106,33.324999999999996,30.649999999999995,-0.21014790169640413,0
Sunyani,Bono,2021-06-06,0.34132631601224767,13.5,30.74285714285714,23.571428571428573,96.42857142857143,25.28,27.511246452995323,0.005134267146859051,-14.0,-11.780000000000001,-0.1650064080253854,0
Sunyani,Bono,2021-06-13,0.3447491607768204,27.4,31.02857142857143,22.928571428571427,98.14285714285714,26.77,28.7316127080652,0.005134267146859106,-3.5500000000000007,0.629999999999999,0.017879923810003546,0
Sunyani,Bono,2021-06-20,0.34817200554139316,41.2,30.142857142857142,22.985714285714288,96.57142857142857,25.02,26.539057931781254,0.005134267146859106,5.625,16.180000000000003,0.250337522059829,0
Sunyani,Bono,2021-06-27,0.3515948503059659,54.8,28.5,21.785714285714285,98.42857142857143,21.509999999999998,23.03417725091731,0.005134267146859106,20.574999999999996,33.29,0.27818180787559754,0
Sunyani,Bono,2021-07-04,0.3550176950705386,59.9,29.142857142857142,22.071428571428573,97.14285714285714,23.25,28.744767573501747,0.005134267146859106,14.074999999999996,36.65,0.7889767935035035,0
Sunyani,Bono,2021-07-11,0.3584405398351113,18.0,29.74285714285714,22.25714285714286,95.42857142857143,26.15,26.577383786750886,0.005134267146859051,-25.475,-8.149999999999999,0.696373449010152,0
Sunyani,Bono,2021-07-18,0.36186338459968403,126.5,28.357142857142858,22.157142857142855,96.71428571428571,21.29,24.410000000000025,0.005134267146859106,61.7,105.21000000000001,1.6353797998351045,0
Sunyani,Bono,2021-07-25,0.3652862293642568,6.1,28.857142857142858,22.0,92.28571428571429,24.73,25.842255125284737,0.005134267146859106,-46.525,-18.630000000000003,1.0877755121249897,0
Sunyani,Bono,2021-08-01,0.36870907412882953,97.30000000000001,28.642857142857142,22.214285714285715,94.28571428571429,22.740000000000002,26.739484576337414,0.005134267146859106,35.32500000000001,74.56,1.4876152376082419,0
Sunyani,Bono,2021-08-08,0.37213191889340225,33.300000000000004,29.32857142857143,22.02857142857143,95.57142857142857,22.84,24.219034070951864,0.005134267146859106,-32.49999999999999,10.460000000000004,1.6838963584534894,0
Sunyani,Bono,2021-08-15,0.37555476365797497,58.3,27.771428571428572,21.74285714285714,94.85714285714286,21.06,25.245306501319646,0.005134267146859051,9.549999999999997,37.239999999999995,0.9670114694770541,0
Sunyani,Bono,2021-08-22,0.3789776084225477,41.2,28.157142857142855,21.728571428571428,94.71428571428571,20.36,26.27157893168743,0.005134267146859106,-16.325000000000003,20.840000000000003,1.3833046365787152,0
Sunyani,Bono,2021-08-29,0.38240045318712046,130.3,28.900000000000002,22.24285714285714,98.14285714285714,20.84,27.297851362055212,0.005134267146859106,64.525,109.46000000000001,1.7513976574008072,0
Sunyani,Bono,2021-09-05,0.3858232979516932,56.4,28.12857142857143,22.25714285714286,97.14285714285714,20.330000000000002,28.324123792422995,0.005134267146859106,-15.149999999999999,36.06999999999999,2.021508323969683,0
Sunyani,Bono,2021-09-12,0.3892461427162659,38.9,29.428571428571427,22.114285714285717,98.14285714285714,23.09,29.350396222790778,0.005134267146859106,-27.800000000000004,15.809999999999999,1.795484443275774,0
Sunyani,Bono,2021-09-19,0.4335740468533548,111.89999999999999,29.0,22.314285714285713,97.14285714285714,22.85,30.37666865315856,0.035813061676246205,27.52499999999999,89.04999999999998,2.5149006309627335,0
Sunyani,Bono,2021-09-26,0.4036655252150408,74.8,28.142857142857142,22.071428571428573,98.57142857142857,19.38,30.86796562813015,0.0005882720309521305,4.299999999999997,55.42,1.9449365379763197,0
Sunyani,Bono,2021-10-03,0.41638212398367463,48.1,29.8,22.25714285714286,98.57142857142857,24.95,30.23412018803191,0.005665164291590585,-20.324999999999996,23.150000000000002,1.8086682907264218,0
Sunyani,Bono,2021-10-10,0.4290987227523085,31.200000000000003,29.857142857142858,22.485714285714288,99.14285714285714,23.77,30.275415384615428,0.0084186180512138,-35.3,7.430000000000003,1.7202837774172777,0
Sunyani,Bono,2021-10-17,0.4418153215209423,21.4,30.599999999999998,22.842857142857145,98.14285714285714,27.62,27.7936023074314,0.019074898152950714,-22.475,-6.220000000000002,0.7154636601186904,0
Sunyani,Bono,2021-10-24,0.4545319202895761,63.3,29.3,22.185714285714287,98.14285714285714,21.88,29.230481093768844,0.019074898152950714,22.299999999999997,41.42,0.5678045686714329,0
Sunyani,Bono,2021-10-31,0.46724851905820997,17.3,30.442857142857143,21.87142857142857,98.57142857142857,26.56,29.556876640124585,0.01907489815295077,-16.000000000000004,-9.259999999999998,0.2259737719710317,0
Sunyani,Bono,2021-11-07,0.4799651178268438,10.6,30.842857142857145,22.014285714285712,97.71428571428571,28.47,29.88327218648033,0.01907489815295077,-17.549999999999997,-17.869999999999997,-0.04086730043008365,0
Sunyani,Bono,2021-11-14,0.49268171659547766,47.9,30.342857142857145,22.357142857142858,98.71428571428571,25.1,31.26878519791717,0.019074898152950714,13.125,22.799999999999997,0.2652089019841602,0
Sunyani,Bono,2021-11-21,0.43387565716918264,15.4,31.942857142857143,21.8,97.57142857142857,28.65,29.98793665638749,-0.03456709549324588,-7.4,-13.249999999999998,-0.3113998501173804,0
Sunyani,Bono,2021-11-28,0.3750695977428877,3.0,31.985714285714288,22.17142857142857,98.85714285714286,27.86,30.77725519437837,-0.07032842459071026,-16.225,-24.86,-0.4759342663014674,0
Sunyani,Bono,2021-12-05,0.3618821641808407,0.9,32.74285714285714,22.585714285714285,97.0,28.67,29.236630947987408,-0.05399511974125648,-15.899999999999997,-27.770000000000003,-0.5803503381105996,0
Sunyani,Bono,2021-12-12,0.34869473061879375,0.0,33.199999999999996,22.185714285714287,96.42857142857143,29.939999999999998,31.05522605324649,-0.031185806809132466,-4.825,-29.939999999999998,-1.1366032297483397,0
Sunyani,Bono,2021-12-19,0.33550729705674676,0.30000000000000004,33.32857142857143,21.25714285714286,85.85714285714286,31.26,30.96976922299183,-0.01978115034307043,-0.75,-30.96,-1.3233919804291205,0
Sunyani,Bono,2021-12-26,0.32231986349469977,0.0,34.25714285714286,20.642857142857142,70.42857142857143,36.48,31.56483134068047,-0.019781150343070486,-0.30000000000000004,-36.48,-1.445949026330344,0
Sunyani,Bono,2022-01-02,0.24860668634755154,0.0,34.2,21.457142857142856,91.0,33.66,32.15989345836911,-0.06517545803189642,-0.07500000000000001,-33.66,-1.5080713155177972,1
Sunyani,Bono,2022-01-09,0.3260027823029068,0.0,34.67142857142857,21.228571428571428,73.42857142857143,37.879999999999995,31.23067631135183,0.01789362500243058,-0.07500000000000001,-37.879999999999995,-1.5918151145243131,0
Sunyani,Bono,2022-01-16,0.3086443174430155,0.0,35.48571428571429,20.542857142857144,68.57142857142857,39.21,31.297964160427938,0.007250905045972089,0.0,-39.21,-1.67882850769859,0
Sunyani,Bono,2022-01-23,0.2912858525831242,0.0,34.77142857142857,19.685714285714287,38.0,45.33,31.365252009504047,-0.0023490570860252857,0.0,-45.33,-1.772170147649178,0
Sunyani,Bono,2022-01-30,0.2551238361626134,0.0,35.7,20.400000000000002,46.57142857142857,46.769999999999996,31.771936201405424,-0.04014036096030155,0.0,-46.769999999999996,-1.910442339711574,0
Sunyani,Bono,2022-02-06,0.24447056406620932,0.0,35.871428571428574,20.314285714285713,57.142857142857146,43.1,30.933485415297525,-0.030410578497531315,0.0,-43.1,-1.9654980866654799,0
Sunyani,Bono,2022-02-13,0.2326765852664111,3.4000000000000004,36.285714285714285,23.3,93.85714285714286,38.480000000000004,31.29012031747629,-0.023212624253178382,2.5500000000000003,-35.080000000000005,-1.921938654688539,0
Sunyani,Bono,2022-02-20,0.2099077644849932,6.0,35.642857142857146,23.985714285714288,89.71428571428571,33.9,32.60761816895001,-0.025636923010063567,3.65,-27.9,-1.7381030858367037,0
Sunyani,Bono,2022-02-27,0.1871389437035753,4.1,35.457142857142856,24.442857142857143,90.71428571428571,34.19,29.25669672975181,-0.031409520676721925,0.7249999999999996,-30.089999999999996,-1.5621778254552567,0
Sunyani,Bono,2022-03-06,0.1893181107204083,33.3,33.81428571428571,23.7,89.85714285714286,30.43,31.49631489813453,-0.015442240323438688,21.599999999999998,2.8699999999999974,-1.0773286516102263,0
Sunyani,Bono,2022-03-13,0.2909618572286547,35.2,33.72857142857143,23.928571428571427,93.71428571428571,30.8,31.665584525554777,0.07163018819424682,15.550000000000004,4.400000000000002,-0.66093001372896,0
Sunyani,Bono,2022-03-20,0.30305033819635446,35.1,33.07142857142857,23.814285714285713,94.14285714285714,28.85,31.834854152975023,0.06043302573410625,8.175,6.25,-0.30074730137725686,0
Sunyani,Bono,2022-03-27,0.3151388191640542,33.8,33.18571428571428,23.457142857142856,94.57142857142857,30.240000000000002,26.270432581684304,0.04052153783668627,-0.5499999999999972,3.559999999999995,0.05416187199418702,0
Sunyani,Bono,2022-04-03,0.32722730013175394,23.7,32.8,23.857142857142858,94.57142857142857,29.0,34.77566763575948,0.018132721451549594,-8.250000000000004,-5.300000000000001,-0.032007754943248236,0
Sunyani,Bono,2022-04-10,0.3393157810994537,48.7,33.31428571428571,23.52857142857143,95.28571428571429,30.96,33.14328142380424,0.01813272145154965,13.375,17.740000000000002,0.10869026505006714,0
Sunyani,Bono,2022-04-17,0.3601548583902097,69.6,31.042857142857144,23.214285714285715,95.14285714285714,24.48,30.00713524384139,0.02469566869384182,25.64999999999999,45.11999999999999,0.5186551853754171,0
Sunyani,Bono,2022-04-24,0.38099393568096573,61.5,31.52857142857143,23.185714285714287,96.85714285714286,28.02,28.390000000000043,0.029070966855369917,10.625,33.480000000000004,0.8342237579541276,0
Sunyani,Bono,2022-05-01,0.4018330129717217,34.3,31.457142857142856,22.728571428571428,96.0,28.6,27.914075608103037,0.03125861593613399,-19.225,5.699999999999996,0.9502416155198298,0
Sunyani,Bono,2022-05-08,0.4226720902624777,63.39999999999999,31.057142857142857,23.071428571428573,97.71428571428571,25.3,27.438151216206034,0.03125861593613399,6.200000000000003,38.099999999999994,1.1649801227959842,0
Sunyani,Bono,2022-05-15,0.4435111675532337,66.6,31.82857142857143,23.357142857142858,97.0,26.2,26.962226824309028,0.03125861593613405,10.149999999999991,40.39999999999999,1.1151979148223374,0
Sunyani,Bono,2022-05-22,0.4643502448439897,120.0,31.314285714285717,22.900000000000002,96.85714285714286,25.71,26.455752091502887,0.03125861593613394,48.925,94.28999999999999,1.756565725601461,0
Sunyani,Bono,2022-05-29,0.4851893221347457,52.8,30.385714285714283,22.24285714285714,97.71428571428571,27.39,25.949277358696747,0.03125861593613399,-22.89999999999999,25.409999999999997,1.9644486322032784,0
Sunyani,Bono,2022-06-05,0.5060283994255017,46.49999999999999,31.02857142857143,22.271428571428572,97.14285714285714,27.59,30.94348824813449,0.03125861593613399,-24.975,18.909999999999993,1.7620502061409304,0
Sunyani,Bono,2022-06-12,0.5058131353842612,41.0,30.085714285714285,22.085714285714285,97.14285714285714,25.73,25.72969043789112,0.015467859937136619,-24.07499999999999,15.27,1.4970021369931032,0
Sunyani,Bono,2022-06-19,0.5055978713430208,84.0,28.8,21.814285714285713,96.42857142857143,21.18,26.181285166240457,0.004940689271138443,27.925000000000004,62.82,1.1650855935755893,0
Sunyani,Bono,2022-06-26,0.5053826073017803,63.1,29.099999999999998,21.814285714285713,97.57142857142857,22.32,26.3426680662304,-0.0003228960618607557,4.450000000000003,40.78,1.3271941818287571,0
Sunyani,Bono,2022-07-03,0.5051673432605398,43.900000000000006,28.400000000000002,21.842857142857145,97.71428571428571,20.86,26.50405096622034,-0.0003228960618607557,-14.099999999999994,23.040000000000006,1.3707536138056984,0
Sunyani,Bono,2022-07-10,0.5049520792192994,61.0,28.8,21.97142857142857,96.85714285714286,23.45,26.665433866210282,-0.0003228960618606447,-2.0,37.55,1.6057425107660481,0
Sunyani,Bono,2022-07-17,0.5047368151780589,13.7,29.02857142857143,21.928571428571427,94.42857142857143,23.46,26.826816766200224,-0.0003228960618607557,-31.725000000000005,-9.760000000000002,0.8402355923916232,0
Sunyani,Bono,2022-07-24,0.5045215511368185,1.7000000000000002,28.214285714285715,20.5,92.0,24.72,26.98819966619017,-0.0003228960618606447,-28.375000000000004,-23.02,0.16733201851054946,0
Sunyani,Bono,2022-07-31,0.504306287095578,27.6,29.314285714285713,21.24285714285714,94.42857142857143,26.04,27.14958256618011,-0.0003228960618607557,1.6000000000000014,1.5600000000000023,-0.059219216081385674,0
Sunyani,Bono,2022-08-07,0.5040910230543375,6.1,28.785714285714285,20.5,94.0,26.04,27.310965466170053,-0.0003228960618607557,-6.175000000000001,-19.939999999999998,-0.665570728031588,0
Sunyani,Bono,2022-08-14,0.5038757590130971,17.0,29.228571428571428,21.75714285714286,93.28571428571429,24.52,27.472348366159995,-0.0003228960618606447,3.8999999999999986,-7.52,-0.6419452734000267,0
Sunyani,Bono,2022-08-21,0.5036604949718566,13.3,29.114285714285717,21.185714285714287,94.28571428571429,25.59,27.633731266149937,-0.0003228960618606447,-2.6999999999999993,-12.29,-0.5287751268836645,0
Sunyani,Bono,2022-08-28,0.5034452309306161,102.9,28.642857142857142,21.67142857142857,94.85714285714286,22.7,27.488643520035012,-0.0003228960618606447,68.075,80.2,0.30064708393150197,0
Sunyani,Bono,2022-09-04,0.5032299668893757,24.0,28.442857142857143,21.771428571428572,96.85714285714286,22.740000000000002,27.343555773920087,-0.0003228960618606447,-15.300000000000004,1.259999999999998,0.5242451366944919,0
Sunyani,Bono,2022-09-11,0.5030147028481352,13.4,29.0,21.82857142857143,95.42857142857143,23.47,27.198468027805166,-0.0003228960618607557,-25.000000000000007,-10.069999999999999,0.49735008789517005,0
Sunyani,Bono,2022-09-18,0.5027994388068948,37.9,28.771428571428572,21.87142857142857,96.71428571428571,22.36,27.05338028169024,-0.0003228960618606447,-6.649999999999999,15.54,0.790875267536397,0
Sunyani,Bono,2022-09-25,0.5025841747656543,44.0,28.714285714285715,21.8,98.0,22.37,27.532581995859434,-0.0003228960618606447,14.175,21.63,0.17313291138883458,0
Sunyani,Bono,2022-10-02,0.5023689107244138,99.7,27.285714285714285,21.5,97.71428571428571,17.28,28.011783710028627,-0.0003228960618606447,50.95,82.42,1.0291337586645073,0
Sunyani,Bono,2022-10-09,0.5021536466831734,51.5,29.057142857142857,21.599999999999998,98.42857142857143,23.88,28.490985424197817,-0.0003228960618606447,-6.774999999999999,27.62,1.4266531269964455,0
Sunyani,Bono,2022-10-16,0.5019383826419329,47.3,28.928571428571427,21.02857142857143,98.71428571428571,23.48,28.97018713836701,-0.0003228960618607557,-13.325000000000003,23.819999999999997,1.513982932509538,0
Sunyani,Bono,2022-10-23,0.51966370218093,34.5,30.3,21.685714285714287,99.0,26.060000000000002,29.449388852536202,0.01313254162331745,-23.75,8.439999999999998,1.3748669742103004,0
Sunyani,Bono,2022-10-30,0.48942649531662863,13.7,30.97142857142857,21.685714285714287,99.14285714285714,30.3,29.928590566705395,-0.013869061389037651,-23.05,-16.6,0.33049531455976894,0
Sunyani,Bono,2022-11-06,0.4591892884523272,15.5,31.114285714285717,22.042857142857144,98.28571428571429,27.68,32.092444264698656,-0.033365178695627495,-12.25,-12.18,-0.08927838826886315,0
Sunyani,Bono,2022-11-13,0.4289520815880258,30.3,30.857142857142858,22.0,98.28571428571429,26.66,30.821445974643492,-0.04535581029645214,6.800000000000001,3.6400000000000006,-0.30211842151212426,0
Sunyani,Bono,2022-11-20,0.38163242915629225,2.6,31.428571428571427,21.014285714285712,97.85714285714286,28.9,29.10550512985128,-0.058167644472026214,-12.925,-26.299999999999997,-0.6685239098605332,0
Sunyani,Bono,2022-11-27,0.3343127767245587,0.0,32.15714285714286,21.357142857142858,98.0,30.19,29.81075581319948,-0.06670886725574221,-12.100000000000001,-30.19,-0.8118586993439783,0
Sunyani,Bono,2022-12-04,0.2869931242928252,31.8,30.471428571428568,21.785714285714285,97.57142857142857,23.75,29.231951114705964,-0.07097947864760024,15.625,8.05,-0.5984913122026911,0
Sunyani,Bono,2022-12-11,0.2396734718610917,0.4,32.142857142857146,21.642857142857142,94.42857142857143,28.46,29.24679313482619,-0.07097947864760026,-8.3,-28.060000000000002,-0.9328336835511242,0
Sunyani,Bono,2022-12-18,0.3178168121211246,1.4,32.214285714285715,20.814285714285713,98.28571428571429,27.44,29.818809590010574,0.02311776587122455,-7.0,-26.040000000000003,-0.9300914432813895,0
Sunyani,Bono,2022-12-25,0.39596015238115756,0.0,32.65714285714286,18.857142857142858,72.71428571428571,34.68,30.39082604519496,0.08584926221710776,-8.4,-34.68,-0.9774478233241171,0
Sunyani,Bono,2023-01-01,0.363674857692893,0.0,33.48571428571429,18.97142857142857,58.714285714285715,38.04,29.64959367574943,0.03439353417882629,-0.44999999999999996,-38.04,-1.4635626465244098,0
Sunyani,Bono,2023-01-08,0.3281249202012286,0.0,34.01428571428571,19.099999999999998,54.857142857142854,39.32,29.713416346494114,-0.02326926539787233,-0.35,-39.32,-1.5823227443598469,0
Sunyani,Bono,2023-01-15,0.3109519756067031,0.0,34.528571428571425,19.52857142857143,74.85714285714286,39.76,29.7772390172388,-0.038726000863792465,0.0,-39.76,-1.7270286539781592,0
Sunyani,Bono,2023-01-22,0.30082623797741403,0.0,35.0,20.814285714285713,84.57142857142857,37.72,30.076768869116904,-0.025068259892145672,0.0,-37.72,-1.759091770978135,0
Sunyani,Bono,2023-01-29,0.20754694754846825,9.4,33.75714285714286,23.042857142857144,94.28571428571429,30.11,33.85703048379747,-0.07931557278498524,7.050000000000001,-20.71,-1.5763109099223516,1
Sunyani,Bono,2023-02-05,0.2853045391587763,0.1,35.42857142857143,22.24285714285714,90.85714285714286,36.48,31.52533567564825,0.009147114085935881,-2.275,-36.379999999999995,-1.5453025007184273,0
Sunyani,Bono,2023-02-12,0.3177170485525217,8.7,34.285714285714285,23.271428571428572,95.14285714285714,31.15,29.59794348111808,0.03986835524322663,4.1499999999999995,-22.45,-1.362732581221854,0
Sunyani,Bono,2023-02-19,0.2217422472937817,0.0,35.01428571428571,21.74285714285714,77.0,40.28,29.105974167130118,-0.03633544834460531,-4.55,-40.28,-1.3897331008007812,0
Sunyani,Bono,2023-02-26,0.1257674460350417,0.7999999999999999,36.81428571428571,23.785714285714285,81.42857142857143,39.19,29.828399895522637,-0.11186537422498866,-1.6,-38.39,-1.5762054391427465,1
Sunyani,Bono,2023-03-05,0.2302908610990268,33.5,35.4,23.985714285714288,92.57142857142857,31.619999999999997,30.55082562391516,0.006411460353933834,22.75,1.8800000000000026,-1.1726742363733125,0
Sunyani,Bono,2023-03-12,0.25118694925969354,37.3,33.81428571428571,23.785714285714285,93.57142857142857,30.19,31.27325135230768,0.04394007333780761,19.4,7.109999999999996,-0.8609026118603889,0
Sunyani,Bono,2023-03-19,0.2720830374203602,0.9,33.05714285714286,23.12857142857143,94.14285714285714,32.2,30.378410343258736,0.052250963966829655,-17.225,-31.300000000000004,-0.7661898517749336,0
Sunyani,Bono,2023-03-26,0.29297912558102696,78.5,31.74285714285714,22.75714285714286,96.14285714285714,28.04,29.531561751505933,0.03134413224100008,40.95,50.46,0.17091802501712564,0
Sunyani,Bono,2023-04-02,0.3138752137416937,37.2,31.842857142857145,23.014285714285712,95.42857142857143,26.26,28.0282748608451,0.03134413224100008,-1.2749999999999986,10.940000000000001,0.26647455133942227,0
Sunyani,Bono,2023-04-09,0.3347713019023604,45.8,32.357142857142854,23.385714285714283,96.14285714285714,30.67,31.6320320309365,0.03134413224100008,5.199999999999996,15.129999999999995,0.35106211658277975,0
Sunyani,Bono,2023-04-16,0.3997965612217732,55.7,33.01428571428571,23.52857142857143,94.14285714285714,30.67,31.07037030483798,0.06444101061005963,1.4000000000000057,25.03,0.9451790180987809,0
Sunyani,Bono,2023-04-23,0.464821820541186,44.5,32.15714285714286,23.485714285714288,95.28571428571429,29.490000000000002,26.794492977930645,0.08650559618943271,-1.2999999999999972,15.009999999999998,0.571285104398404,0
Sunyani,Bono,2023-04-30,0.4653416963985677,54.2,30.8,22.97142857142857,97.57142857142857,24.72,28.812205629890315,0.0491588513825959,4.149999999999999,29.480000000000004,0.7668279297864149,0
Sunyani,Bono,2023-05-07,0.4658615722559494,36.1,32.1,23.157142857142855,96.85714285714286,30.439999999999998,30.829918281849984,0.016906159651580266,-11.524999999999999,5.660000000000004,0.6669471015003059,0
Sunyani,Bono,2023-05-14,0.4663814481133311,34.9,32.24285714285714,23.571428571428573,97.28571428571429,29.87,32.55096572248232,0.0007798137860725585,-7.525000000000006,5.029999999999998,0.45600554228993795,0
Sunyani,Bono,2023-05-21,0.4669013239707128,42.4,31.014285714285712,23.271428571428572,98.14285714285714,26.39,31.887178858500704,0.0007798137860725585,0.5,16.009999999999998,0.46655262025045624,0
Sunyani,Bono,2023-05-28,0.4674211998280945,39.7,31.342857142857145,23.099999999999998,97.57142857142857,25.14,26.27157964309322,0.0007798137860725585,1.4250000000000043,14.560000000000002,0.3091902170795218,0
Sunyani,Bono,2023-06-04,0.4679410756854762,56.5,30.814285714285713,23.057142857142857,97.0,25.91,23.83888708367192,0.0007798137860725585,13.125,30.59,0.5721288706352454,0
Sunyani,Bono,2023-06-11,0.4684609515428579,94.5,29.82857142857143,22.52857142857143,98.0,23.259999999999998,26.42243714725504,0.0007798137860725585,36.225,71.24000000000001,1.2704509024011685,0
Sunyani,Bono,2023-06-18,0.4689808274002396,13.0,29.514285714285712,21.87142857142857,93.71428571428571,25.39,26.93838850125556,0.0007798137860725585,-37.925,-12.39,0.9709138883224461,0
Sunyani,Bono,2023-06-25,0.46950070325762133,73.3,28.042857142857144,22.314285714285713,97.42857142857143,19.29,27.45433985525608,0.0007798137860725585,13.974999999999994,54.01,1.3869961138648965,0
Sunyani,Bono,2023-07-02,0.470020579115003,22.6,28.957142857142856,21.900000000000002,96.0,23.13,27.9702912092566,0.0007798137860725585,-28.25,-0.5299999999999976,1.0587710477335643,0
Sunyani,Bono,2023-07-09,0.4705404549723847,35.8,29.285714285714285,22.071428571428573,97.71428571428571,22.33,28.48624256325712,0.0007798137860725585,-0.375,13.469999999999999,0.44946635395441653,0
Sunyani,Bono,2023-07-16,0.47106033082976645,44.2,28.62857142857143,22.057142857142857,97.57142857142857,21.69,28.616907042513066,0.0007798137860725585,0.22500000000000142,22.51,0.8175593747765084,0
Sunyani,Bono,2023-07-23,0.4715802066871481,40.3,28.62857142857143,22.45714285714286,96.42857142857143,21.61,28.747571521769014,0.0007798137860725585,4.574999999999996,18.689999999999998,0.44503658121099876,0
Sunyani,Bono,2023-07-30,0.47210008254452984,35.4,29.400000000000002,22.442857142857143,96.42857142857143,22.4,28.87823600102496,0.0007798137860725585,-3.5249999999999986,13.0,0.5877385460168126,0
Sunyani,Bono,2023-08-06,0.4726199584019115,37.2,29.185714285714287,22.514285714285712,95.28571428571429,21.740000000000002,29.008900480280904,0.000779813786072503,-2.0749999999999957,15.46,0.6087272311582443,0
Sunyani,Bono,2023-08-13,0.47313983425929323,45.2,28.785714285714285,22.214285714285715,96.0,22.2,29.13956495953685,0.0007798137860725585,5.674999999999997,23.000000000000004,0.6138952993588983,0
Sunyani,Bono,2023-08-20,0.47365971011667496,31.3,28.928571428571427,21.82857142857143,96.85714285714286,21.22,29.270229438792796,0.000779813786072614,-5.974999999999998,10.080000000000002,0.5230849581188349,0
Sunyani,Bono,2023-08-27,0.4741795859740566,18.3,29.842857142857145,22.97142857142857,95.85714285714286,23.89,29.40089391804874,0.0007798137860725585,-14.7,-5.59,0.32701477883279795,0
Sunyani,Bono,2023-09-03,0.47469946183143835,72.80000000000001,29.442857142857143,22.414285714285715,97.28571428571429,22.07,29.53155839730469,0.0007798137860725585,30.900000000000006,50.73000000000001,0.6990102185002818,0
Sunyani,Bono,2023-09-10,0.4752193376888201,43.400000000000006,29.37142857142857,21.900000000000002,97.14285714285714,25.27,29.662222876560634,0.0007798137860725585,1.9500000000000028,18.130000000000006,0.6476459488325573,0
Sunyani,Bono,2023-09-17,0.47573921354620174,57.3,29.157142857142855,22.271428571428572,97.42857142857143,22.169999999999998,29.79288735581658,0.0007798137860725585,9.349999999999994,35.129999999999995,0.9118502517435431,0
Sunyani,Bono,2023-09-24,0.47625908940358347,49.7,29.8,22.17142857142857,97.85714285714286,24.93,29.923551835072526,0.0007798137860725585,-6.100000000000001,24.770000000000003,1.2320595386248816,0
Sunyani,Bono,2023-10-01,0.47677896526096514,37.3,30.157142857142855,22.62857142857143,98.0,25.84,30.05421631432847,0.0007798137860725585,-9.625,11.459999999999997,0.8178757871153239,0
Sunyani,Bono,2023-10-08,0.47729884111834686,79.1,28.985714285714288,22.657142857142855,98.0,20.87,25.335436613544687,0.0007798137860725585,23.25,58.22999999999999,1.2408136133321113,0
Sunyani,Bono,2023-10-15,0.4778187169757286,58.0,29.414285714285715,22.0,98.28571428571429,23.86,27.887888141488503,0.0007798137860725585,1.9750000000000085,34.14,1.2303720061511982,0
Sunyani,Bono,2023-10-22,0.47833859283311025,33.800000000000004,30.542857142857144,22.12857142857143,98.28571428571429,27.04,30.44033966943232,0.0007798137860725585,-18.249999999999993,6.760000000000005,1.0404191320822618,0
Sunyani,Bono,2023-10-29,0.478858468690492,19.400000000000002,30.771428571428572,22.2,98.14285714285714,27.86,31.13335347050196,0.0007798137860725585,-28.174999999999994,-8.459999999999997,0.8303213391087355,0
Sunyani,Bono,2023-11-05,0.4919791356762191,37.1,31.5,22.400000000000002,98.42857142857143,28.84,27.852789260642737,0.010230407132331643,0.02499999999999858,8.260000000000002,0.3032838534216315,0
Sunyani,Bono,2023-11-12,0.5130467049895913,62.4,30.97142857142857,22.185714285714287,97.85714285714286,26.22,29.32988233653282,0.0224909794422381,24.224999999999994,36.18,0.32479989246108903,0
Sunyani,Bono,2023-11-19,0.4051908984122112,11.5,31.75714285714286,22.571428571428573,98.42857142857143,27.52,29.630937707335136,-0.06707790352991722,-21.1,-16.02,0.08453745652047995,0
Sunyani,Bono,2023-11-26,0.3906478488771867,22.1,31.385714285714283,22.7,98.28571428571429,25.22,29.129380213336105,-0.0595682981116154,-11.175000000000004,-3.1199999999999974,0.14085885282964816,0
Sunyani,Bono,2023-12-03,0.5091933003417584,13.799999999999999,31.214285714285715,22.057142857142857,98.14285714285714,25.52,27.550362107263027,0.05467361218657152,-13.65,-11.72,-0.06987176482150936,0
Sunyani,Bono,2023-12-10,0.4576180735616545,6.199999999999999,32.57142857142857,21.37142857142857,97.42857142857143,28.11,28.32442692087787,0.016955543263451833,-7.200000000000001,-21.91,-0.6825515235480228,0
Sunyani,Bono,2023-12-17,0.40604284678155067,0.0,33.34285714285714,19.657142857142855,71.85714285714286,33.910000000000004,29.09849173449271,-0.03483267060898687,-10.525,-33.910000000000004,-0.871238748261697,0
Sunyani,Bono,2023-12-24,0.4106006091185987,0.0,34.285714285714285,19.428571428571427,53.857142857142854,39.4,28.513214195440128,-0.03526309833229185,-5.0,-39.4,-1.2538867366693043,0
Sunyani,Bono,2023-12-31,0.35713392238841807,0.0,34.67142857142857,19.74285714285714,74.42857142857143,35.17,29.64609170416054,-0.05071494057413739,-1.5499999999999998,-35.17,-1.5012157148434608,1
Tamale,Northern,2019-01-06,0.2100643628817891,0.0,34.95,22.133333333333336,26.5,42.29,36.738613055675046,0.0,0.0,-42.29,0.22376593198268788,0
Tamale,Northern,2019-01-13,0.1906115609628964,0.0,35.871428571428574,21.985714285714288,30.0,45.15,37.60263185827273,-0.009726400959446352,0.0,-45.15,-0.17343641116695258,0
Tamale,Northern,2019-01-20,0.191336799043869,1.2000000000000002,36.25714285714286,22.614285714285717,53.142857142857146,41.2,39.1813012711973,-0.006000775252315821,0.8,-40.0,-0.5253321747546739,0
Tamale,Northern,2019-01-27,0.1917190425618519,0.0,36.55714285714286,22.414285714285715,25.285714285714285,47.53,41.270930020976095,-0.0042138988007496825,-0.30000000000000004,-47.53,-0.9434723158377838,0
Tamale,Northern,2019-02-03,0.19107636077355655,0.0,37.357142857142854,24.385714285714283,48.714285714285715,40.89,38.66598018650967,-0.00010958006198691361,-0.30000000000000004,-40.89,-0.9311559641122135,0
Tamale,Northern,2019-02-10,0.1904336789852612,0.0,37.699999999999996,24.97142857142857,34.285714285714285,50.14,37.17927392655884,-0.000707791355873455,-0.30000000000000004,-50.14,-0.9750549606197818,0
Tamale,Northern,2019-02-17,0.18251067360918574,0.0,37.5,23.442857142857143,17.142857142857142,55.26,37.78820831964424,-0.006424265373278115,0.0,-55.26,-1.1093031944284975,0
Tamale,Northern,2019-02-24,0.17178456178343082,0.0,38.51428571428572,25.357142857142858,41.714285714285715,45.55,38.39714271272965,-0.012166757004427764,0.0,-45.55,-1.0918843541309053,0
Tamale,Northern,2019-03-03,0.16105844995767593,0.0,37.300000000000004,23.585714285714285,17.714285714285715,50.519999999999996,40.7694083752433,-0.015388391126212486,0.0,-50.519999999999996,-1.176603259214649,0
Tamale,Northern,2019-03-10,0.1402502240657122,0.5,37.65714285714286,26.228571428571428,57.142857142857146,43.6,39.5165311228489,-0.023650753288288973,0.375,-43.1,-1.1146696048232103,0
Tamale,Northern,2019-03-17,0.1497399243901866,8.6,38.771428571428565,26.442857142857143,58.42857142857143,46.64,38.1132533043546,-0.005968365659064778,6.324999999999999,-38.04,-0.9631784785986962,0
Tamale,Northern,2019-03-24,0.1633674412827296,4.499999999999999,38.357142857142854,28.042857142857144,67.85714285714286,43.89,46.014904344310025,0.009763431358653513,1.0999999999999996,-39.39,-0.908986531006187,0
Tamale,Northern,2019-03-31,0.15919111585839266,42.099999999999994,38.0,26.87142857142857,79.57142857142857,42.91,42.10769061639172,0.006053939459137403,28.174999999999997,-0.8100000000000023,-0.47166807080754647,0
Tamale,Northern,2019-04-07,0.15501479043405572,6.4,38.271428571428565,27.17142857142857,79.0,42.63,42.23759084402548,-0.0018135275572854215,-8.999999999999996,-36.230000000000004,-0.41122997341135525,0
Tamale,Northern,2019-04-14,0.1508384650097188,1.4,36.94285714285714,27.099999999999998,77.28571428571429,39.23,41.85903972301767,-0.006264488136505403,-12.199999999999996,-37.83,-0.4093825206525199,0
Tamale,Northern,2019-04-21,0.1373566987474481,4.5,37.971428571428575,27.014285714285712,79.14285714285714,43.53,41.48048860200987,-0.013243568764955721,-9.099999999999998,-39.03,-0.4062154587802303,0
Tamale,Northern,2019-04-28,0.1362935862984108,16.4,35.628571428571426,26.74285714285714,84.71428571428571,36.54,38.32890968393269,-0.008582298823997553,9.225000000000001,-20.14,-0.5762690865339964,0
Tamale,Northern,2019-05-05,0.13523047384937345,17.1,35.971428571428575,27.085714285714285,81.71428571428571,35.95,42.41095174553936,-0.004699332126864325,7.2500000000000036,-18.85,-0.4233703772551317,0
Tamale,Northern,2019-05-12,0.13416736140033614,10.3,37.01428571428572,27.085714285714285,80.71428571428571,39.46,35.83807849550294,-0.0015946686735559823,-1.7749999999999986,-29.16,-0.3470969704974931,0
Tamale,Northern,2019-05-19,0.14575549742450458,9.3,35.05714285714286,26.32857142857143,83.28571428571429,36.45,40.06190489695598,0.007893767681348335,-3.974999999999998,-27.150000000000002,-0.24258392871193993,0
Tamale,Northern,2019-05-26,0.15734363344867305,25.4,35.628571428571426,26.12857142857143,84.71428571428571,35.45,30.410000000000025,0.01421939191795124,9.875,-10.050000000000004,-0.1538182223469372,0
Tamale,Northern,2019-06-02,0.1689317694728415,16.9,33.114285714285714,25.571428571428573,86.57142857142857,31.12,31.02393425512567,0.01738220403625268,1.4250000000000007,-14.220000000000002,-0.11308628771165849,0
Tamale,Northern,2019-06-09,0.18051990549700997,26.400000000000002,32.15714285714286,25.014285714285712,92.0,29.64,31.63786851025132,0.017382204036252707,6.900000000000002,-3.2399999999999984,0.11494216709318494,0
Tamale,Northern,2019-06-16,0.1921080415211784,18.9,31.785714285714285,24.428571428571427,93.42857142857143,29.689999999999998,32.251802765376965,0.01738220403625268,-2.9999999999999964,-10.79,0.25886753440056304,0
Tamale,Northern,2019-06-23,0.20593203835776663,2.0999999999999996,34.15714285714286,25.97142857142857,83.28571428571429,36.370000000000005,32.72488711906823,0.019059099645567512,-13.975,-34.27,0.04579464954819777,0
Tamale,Northern,2019-06-30,0.21975603519435488,17.3,32.9,24.771428571428572,87.0,32.03,34.23068948163058,0.0201770300517774,1.1250000000000036,-14.73,0.04130797856245434,0
Tamale,Northern,2019-07-07,0.2335800320309431,56.7,31.185714285714287,24.542857142857144,94.57142857142857,23.3,33.236406830027875,0.020735995254882345,32.95,33.400000000000006,0.3636444980088071,0
Tamale,Northern,2019-07-14,0.24740402886753132,15.9,30.12857142857143,23.514285714285712,94.14285714285714,26.14,32.24212417842517,0.020735995254882345,-7.1,-10.24,0.36848306475813825,0
Tamale,Northern,2019-07-21,0.26122802570411957,103.2,29.657142857142855,23.342857142857145,97.14285714285714,22.47,31.24784152682247,0.020735995254882345,54.925000000000004,80.73,1.380183385072837,0
Tamale,Northern,2019-07-28,0.2750520225407078,25.8,29.142857142857142,23.285714285714285,96.57142857142857,24.63,30.253558875219767,0.020735995254882345,-24.600000000000005,1.1700000000000017,1.5200619510989566,0
Tamale,Northern,2019-08-04,0.288876019377296,20.9,29.585714285714285,23.271428571428572,94.71428571428571,25.900000000000002,29.32332293620675,0.020735995254882345,-20.549999999999997,-5.0000000000000036,1.1822420180547437,0
Tamale,Northern,2019-08-11,0.30270001621388426,16.5,30.442857142857143,23.714285714285715,90.85714285714286,28.36,28.39308699719373,0.020735995254882345,-25.099999999999994,-11.86,1.167990239629441,0
Tamale,Northern,2019-08-18,0.3165240130504725,25.2,31.285714285714285,23.914285714285715,89.85714285714286,29.22,29.342274310503985,0.020735995254882345,3.100000000000005,-4.02,0.42241109052795656,0
Tamale,Northern,2019-08-25,0.3303480098870607,58.5,29.900000000000002,23.24285714285714,95.42857142857143,24.57,30.291461623814236,0.020735995254882345,28.225,33.93,0.7106137209063003,0
Tamale,Northern,2019-09-01,0.34417200672364895,39.599999999999994,29.285714285714285,23.071428571428573,96.14285714285714,24.59,31.24064893712449,0.020735995254882345,4.649999999999999,15.009999999999994,0.8866495766410579,0
Tamale,Northern,2019-09-08,0.3579960035602372,70.6,29.2,23.557142857142857,97.28571428571429,21.62,31.211762622138206,0.020735995254882345,22.125,48.97999999999999,1.421883033057982,0
Tamale,Northern,2019-09-15,0.3718200003968254,77.6,28.87142857142857,23.12857142857143,97.85714285714286,20.63,31.18287630715192,0.020735995254882345,16.025,56.97,1.95843609858836,0
Tamale,Northern,2019-09-22,0.38564399723341364,56.6,29.47142857142857,23.52857142857143,98.14285714285714,22.12,31.153989992165634,0.020735995254882345,-4.499999999999993,34.480000000000004,1.9632746653376913,0
Tamale,Northern,2019-09-29,0.3994679940700019,46.0,30.571428571428573,23.842857142857145,97.28571428571429,24.84,31.035836949229406,0.020735995254882345,-16.699999999999996,21.16,2.0173786389893036,0
Tamale,Northern,2019-10-06,0.40270673052972483,71.9,30.057142857142857,23.37142857142857,97.57142857142857,24.24,30.917683906293178,0.01279704997223341,8.875000000000007,47.66000000000001,2.005766078790909,0
Tamale,Northern,2019-10-13,0.4059454669894477,117.0,28.17142857142857,22.614285714285717,98.14285714285714,17.64,30.308613583298836,0.007504419783800675,44.125,99.36,2.3786876142529962,0
Tamale,Northern,2019-10-20,0.40918420344917067,57.3,30.428571428571427,23.37142857142857,96.14285714285714,25.14,29.69954326030449,0.004858104689584419,-15.75,32.16,2.3582776599649087,0
Tamale,Northern,2019-10-27,0.41242293990889356,26.8,30.599999999999998,23.47142857142857,98.14285714285714,26.32,28.96980630334872,0.004858104689584364,-41.45,0.4800000000000004,2.1763475501900564,0
Tamale,Northern,2019-11-03,0.4156616763686165,29.6,30.571428571428573,23.32857142857143,97.71428571428571,25.84,33.20779322196677,0.004858104689584364,-28.074999999999996,3.7600000000000016,1.7901419496525326,0
Tamale,Northern,2019-11-10,0.39531421443083237,0.0,32.94285714285714,23.657142857142855,92.42857142857143,32.589999999999996,35.01613561121093,-0.012831544108545923,-28.425,-32.589999999999996,0.6293257995175369,0
Tamale,Northern,2019-11-17,0.3749667524930482,0.7,33.6,24.271428571428572,88.28571428571429,31.82,35.40691930551702,-0.024624643307299465,-13.575000000000001,-31.12,0.07262670152176169,0
Tamale,Northern,2019-11-24,0.3340641305222424,0.0,35.042857142857144,24.085714285714285,81.42857142857143,34.08,36.240646339306124,-0.045937562931442466,-7.575,-34.08,-0.23141123821802956,0
Tamale,Northern,2019-12-01,0.3177307614104211,0.0,35.31428571428571,22.571428571428573,68.85714285714286,37.39,37.07437337309523,-0.03778820330371491,-0.175,-37.39,-0.593424005008898,0
Tamale,Northern,2019-12-08,0.25411796874971476,0.0,34.885714285714286,21.985714285714288,72.57142857142857,34.49,37.52595996866245,-0.06610193454414187,-0.175,-34.49,-0.6101390537793147,0
Tamale,Northern,2019-12-15,0.2218232005285207,0.0,34.68571428571429,20.97142857142857,52.0,38.910000000000004,37.76225024640519,-0.06011081477420402,0.0,-38.910000000000004,-0.6786707537380235,0
Tamale,Northern,2019-12-22,0.2346033233349735,0.0,35.52857142857143,21.042857142857144,41.42857142857143,42.43,37.10318911268945,-0.02246549017093405,0.0,-42.43,-0.7521289943869603,0
Tamale,Northern,2019-12-29,0.23019923107857732,0.0,35.285714285714285,21.0,31.857142857142858,46.019999999999996,35.8839536000404,-0.0049866998443692245,0.0,-46.019999999999996,-0.8280505053810111,0
Tamale,Northern,2020-01-05,0.2132080086288893,0.0,32.4,19.985714285714288,20.0,50.86,33.1053726401982,-0.01175043226385089,0.0,-50.86,-0.9720638466292859,0
Tamale,Northern,2020-01-12,0.1290899394784807,0.0,35.77142857142857,22.657142857142855,44.0,41.68,35.07276529606531,-0.07268518615174951,0.0,-41.68,-0.9964326282577357,0
Tamale,Northern,2020-01-19,0.1862706098419531,0.0,36.0,23.042857142857144,27.142857142857142,51.4,34.98065076196019,-0.0034213374150219855,0.0,-51.4,-1.0753452532422823,0
Tamale,Northern,2020-01-26,0.1735131845055785,0.0,36.771428571428565,23.02857142857143,24.714285714285715,51.730000000000004,36.80737496525086,-0.0020072511081468958,0.0,-51.730000000000004,-1.1255783734944294,0
Tamale,Northern,2020-02-02,0.1607557591692039,0.0,36.74285714285714,22.042857142857144,17.428571428571427,54.769999999999996,40.067560463999655,-0.0016516140796001555,0.0,-54.769999999999996,-1.1599761843851293,0
Tamale,Northern,2020-02-09,0.1806208248680339,0.0,36.214285714285715,22.271428571428572,15.0,55.74,38.51630518840514,0.005330730271841555,0.0,-55.74,-1.2836675452862132,0
Tamale,Northern,2020-02-16,0.1843479793624183,0.0,36.84285714285714,23.185714285714287,17.142857142857142,56.370000000000005,36.96504991281063,0.009538542386109655,0.0,-56.370000000000005,-1.3273905939119879,0
Tamale,Northern,2020-02-23,0.1640485514339883,0.0,38.614285714285714,23.685714285714287,29.0,52.52,38.198529657054905,-0.008394727274422809,0.0,-52.52,-1.334340535242845,0
Tamale,Northern,2020-03-01,0.1514090226513315,0.0,38.857142857142854,24.714285714285715,25.142857142857142,54.49,39.32806970102871,-0.01869757192761151,0.0,-54.49,-1.3318772648977313,0
Tamale,Northern,2020-03-08,0.1453332703775861,0.1,38.74285714285714,27.514285714285712,69.14285714285714,43.76,42.19562763779732,-0.015951435578744955,0.07500000000000001,-43.66,-1.2256047442942393,0
Tamale,Northern,2020-03-15,0.1817794861411696,3.5,38.199999999999996,27.61428571428571,70.71428571428571,41.75,39.03732372335122,0.02113690349015071,2.6,-38.25,-1.0661959633890015,0
Tamale,Northern,2020-03-22,0.21094296432940632,9.3,37.6,28.114285714285717,70.57142857142857,40.980000000000004,35.99482574742859,0.038576778454532945,6.075000000000001,-31.680000000000003,-0.8828582705597986,0
Tamale,Northern,2020-03-29,0.24010644251764302,2.6999999999999997,35.55714285714286,26.12857142857143,82.28571428571429,34.7,33.01564226484214,0.04556590167619176,-1.2000000000000002,-32.0,-0.6850048774826023,0
Tamale,Northern,2020-04-05,0.26926992070587974,0.2,38.457142857142856,27.557142857142857,71.14285714285714,45.55,32.867793585604204,0.04374521728235509,-3.725,-45.349999999999994,-0.6998724734941835,0
Tamale,Northern,2020-04-12,0.29843339889411646,14.7,36.51428571428571,26.67142857142857,80.14285714285714,39.81,32.719944906366266,0.04374521728235509,7.975,-25.110000000000003,-0.5842747151556171,0
Tamale,Northern,2020-04-19,0.3275968770823532,2.1,37.857142857142854,27.414285714285715,76.71428571428571,44.73,34.34574287952688,0.04374521728235509,-2.8249999999999997,-42.629999999999995,-0.6806061804377558,0
Tamale,Northern,2020-04-26,0.3567603552705899,11.5,36.34285714285714,27.3,75.28571428571429,40.71,33.27537491470599,0.04374521728235509,4.375,-29.21,-0.6560614509275122,0
Tamale,Northern,2020-05-03,0.3859238334588266,3.6,36.44285714285714,27.071428571428573,78.57142857142857,42.6,31.126945335995345,0.04374521728235503,-4.375,-39.0,-0.6001979984579615,0
Tamale,Northern,2020-05-10,0.3381421248274422,16.8,36.55714285714286,27.271428571428572,75.85714285714286,39.65,34.23137734084776,-0.013963672832360774,8.3,-22.849999999999998,-0.5803158878152551,0
Tamale,Northern,2020-05-17,0.33620555537787766,20.2,34.05714285714286,26.185714285714287,87.0,35.26,31.489041627788083,-0.01805241185580647,7.174999999999999,-15.059999999999999,-0.33777173276241823,0
Tamale,Northern,2020-05-24,0.33426898592831306,5.699999999999999,34.67142857142857,26.085714285714285,83.0,37.13,39.713984889012806,-0.014366138969801823,-5.875,-31.430000000000003,-0.3573019476415368,0
Tamale,Northern,2020-05-31,0.33233241647874845,10.6,32.8,25.414285714285715,90.42857142857143,29.85,36.89551985728397,-0.0029048541743468825,-2.7249999999999996,-19.25,-0.18355341437009937,0
Tamale,Northern,2020-06-07,0.3303958470291839,10.6,33.042857142857144,25.185714285714287,87.71428571428571,32.67,34.07705482555514,-0.0029048541743468825,-1.1750000000000007,-22.07,-0.17669144698013892,0
Tamale,Northern,2020-06-14,0.33176090645396705,17.1,31.7,23.842857142857145,93.14285714285714,28.419999999999998,30.178389143016204,-0.00042863251858604734,6.100000000000001,-11.319999999999997,-0.14378919308468702,0
Tamale,Northern,2020-06-21,0.33312596587875015,23.0,31.67142857142857,24.52857142857143,92.14285714285714,27.14,28.391970278550616,0.0012221819185877503,7.675000000000001,-4.140000000000001,0.09629169162303593,0
Tamale,Northern,2020-06-28,0.3344910253035333,17.2,32.3,24.47142857142857,90.14285714285714,30.5,27.434333107650676,0.002047589137174677,0.22499999999999787,-13.3,0.1486361864567095,0
Tamale,Northern,2020-07-05,0.33585608472831646,32.2,29.314285714285713,23.75714285714286,93.71428571428571,24.39,29.48637138313424,0.0020475891371747323,9.825000000000003,7.810000000000002,0.41150232185673735,0
Tamale,Northern,2020-07-12,0.33722114415309956,30.200000000000003,29.52857142857143,23.442857142857143,93.85714285714286,25.85,31.53840965861781,0.002047589137174677,4.549999999999997,4.350000000000001,0.5493574872422271,0
Tamale,Northern,2020-07-19,0.3385862035778827,70.5,28.0,22.942857142857143,96.57142857142857,17.5,31.9540626838279,0.0020475891371747323,32.974999999999994,53.0,1.052040585527287,0
Tamale,Northern,2020-07-26,0.33995126300266587,64.1,28.814285714285713,23.114285714285717,97.14285714285714,21.75,32.36971570903799,0.0020475891371747323,14.849999999999994,42.349999999999994,1.5416155666187044,0
Tamale,Northern,2020-08-02,0.34131632242744897,17.9,28.585714285714285,23.314285714285717,94.14285714285714,24.2,32.78536873424808,0.002047589137174677,-27.775000000000006,-6.300000000000001,1.4174843360131355,0
Tamale,Northern,2020-08-09,0.3426813818522321,0.6,29.714285714285715,22.385714285714283,85.42857142857143,30.490000000000002,33.20102175945817,0.0020475891371747323,-37.675,-29.89,1.1162615623820462,0
Tamale,Northern,2020-08-16,0.3440464412770153,38.800000000000004,28.842857142857145,22.8,94.85714285714286,22.87,30.21346369656436,0.002047589137174677,8.450000000000003,15.930000000000003,0.7901421634771254,0
Tamale,Northern,2020-08-23,0.34541150070179844,23.9,29.52857142857143,23.400000000000002,96.42857142857143,27.02,30.558728265213006,0.0020475891371747323,3.5999999999999943,-3.120000000000001,0.3901246542187833,0
Tamale,Northern,2020-08-30,0.34677656012658153,51.0,28.428571428571427,23.17142857142857,96.85714285714286,22.42,30.90399283386165,0.002047589137174677,22.424999999999997,28.58,0.6969777600672762,0
Tamale,Northern,2020-09-06,0.3481416195513647,55.2,27.885714285714283,23.142857142857142,96.85714285714286,19.62,31.249257402510295,0.002047589137174677,12.974999999999994,35.58,1.272943151119479,0
Tamale,Northern,2020-09-13,0.34950667897614784,76.0,28.142857142857142,22.642857142857142,97.85714285714286,20.02,31.59452197115894,0.002047589137174677,24.474999999999994,55.980000000000004,1.6252787844116852,0
Tamale,Northern,2020-09-20,0.35087173840093094,63.99999999999999,29.02857142857143,23.3,96.57142857142857,23.36,31.939786539807585,0.002047589137174677,2.4499999999999886,40.63999999999999,2.0102527497766522,0
Tamale,Northern,2020-09-27,0.3522367978257141,20.5,29.3,23.114285714285717,97.71428571428571,23.87,32.28505110845623,0.0020475891371747323,-33.425000000000004,-3.370000000000001,1.7291760086109595,0
Tamale,Northern,2020-10-04,0.35360185725049725,57.3,28.985714285714288,22.842857142857145,97.71428571428571,22.55,28.341666666666757,0.0020475891371747323,2.8499999999999943,34.75,1.7218741715165145,0
Tamale,Northern,2020-10-11,0.35496691667528035,41.9,29.357142857142858,23.085714285714285,97.28571428571429,23.69,29.95197606569775,0.0020475891371747323,-4.025000000000006,18.209999999999997,1.3895965967488084,0
Tamale,Northern,2020-10-18,0.3563319761000635,4.7,30.599999999999998,23.5,96.71428571428571,27.59,32.61654401172649,0.002047589137174677,-26.400000000000006,-22.89,0.8306981502306103,0
Tamale,Northern,2020-10-25,0.4361187615617026,3.8,32.471428571428575,23.24285714285714,95.71428571428571,32.96,32.51492355126493,0.060863883664816654,-23.125000000000007,-29.16,0.603813356657427,0
Tamale,Northern,2020-11-01,0.4092287144448748,0.0,33.6,22.442857142857143,92.0,35.19,33.77423108999483,0.020067122249394498,-12.600000000000007,-35.19,-0.011476385975703732,0
Tamale,Northern,2020-11-08,0.3457236903683592,0.1,34.357142857142854,23.057142857142857,78.14285714285714,37.16,35.17863554803023,-0.04112709525039088,-2.050000000000007,-37.059999999999995,-0.49770835731303764,0
Tamale,Northern,2020-11-15,0.3277622377760824,0.0,34.385714285714286,22.75714285714286,62.57142857142857,40.34,36.027223078672876,-0.051946113261672366,-0.9750000000000071,-40.34,-0.651222884178181,0
Tamale,Northern,2020-11-22,0.2767315752779525,0.0,34.971428571428575,21.814285714285713,52.714285714285715,42.17,36.87581060931552,-0.0631299791888647,-0.025000000000007107,-42.17,-0.7656769812850875,0
Tamale,Northern,2020-11-29,0.2441177018776846,0.0,34.9,23.714285714285715,74.57142857142857,34.9,37.86673987212225,-0.0544660994473351,-0.025000000000007107,-34.9,-0.7631257369990764,0
Tamale,Northern,2020-12-06,0.2549295896268578,0.0,35.81428571428571,22.085714285714285,71.71428571428571,37.1,38.53999519826135,-0.02095568651278651,0.0,-37.1,-0.7634776327626642,0
Tamale,Northern,2020-12-13,0.2323019703598957,0.0,36.07142857142857,24.17142857142857,76.71428571428571,35.31,38.35470039677523,-0.01971823892570196,0.0,-35.31,-0.7192267404915083,0
Tamale,Northern,2020-12-20,0.2258938628166427,0.0,35.614285714285714,23.6,68.14285714285714,36.65,38.126343349591934,-0.013416918353627516,0.0,-36.65,-0.6706651251164026,0
Tamale,Northern,2020-12-27,0.2131609175071638,0.0,35.699999999999996,21.957142857142856,38.42857142857143,43.94,38.2403972806996,-0.018410667570476213,0.0,-43.94,-0.7501935676872279,0
Tamale,Northern,2021-01-03,0.2100918254966528,0.0,36.028571428571425,21.557142857142857,38.285714285714285,43.43,39.0433038489727,-0.010270318548435936,0.0,-43.43,-0.8058810722749846,0
Tamale,Northern,2021-01-10,0.1938205196345921,0.0,37.4,23.885714285714283,65.85714285714286,40.61,38.94145720134452,-0.016921261729170745,0.0,-40.61,-0.8525072609503578,0
Tamale,Northern,2021-01-17,0.1778529103872762,0.0,36.32857142857143,22.2,37.285714285714285,46.0,36.59995172988948,-0.020878632869145042,0.0,-46.0,-0.9347628956889876,0
Tamale,Northern,2021-01-24,0.1986228572633107,0.0,35.94285714285714,21.7,21.714285714285715,52.26,36.82424145164151,0.0035258290678527593,0.0,-52.26,-1.0079572145152336,0
Tamale,Northern,2021-01-31,0.1611241961403944,0.0,37.32857142857143,22.642857142857142,26.142857142857142,53.129999999999995,37.04853117339354,-0.02173092471599894,0.0,-53.129999999999995,-1.0932919371852559,0
Tamale,Northern,2021-02-07,0.1698948713596131,0.0,37.528571428571425,22.74285714285714,35.42857142857143,49.34,38.98463443604834,-0.0069788374280355114,0.0,-49.34,-1.1700931875882763,0
Tamale,Northern,2021-02-14,0.1793539894462126,0.0,38.41428571428571,23.057142857142857,44.857142857142854,47.62,41.99462382167877,0.0021050108938299172,0.0,-47.62,-1.184344966013579,0
Tamale,Northern,2021-02-21,0.1514495673848259,0.0,36.6,25.47142857142857,43.0,50.14,38.98885819707357,-0.014006088697935598,0.0,-50.14,-1.1656944905434294,0
Tamale,Northern,2021-02-28,0.1725475470836294,0.0,37.32857142857143,23.185714285714287,21.0,55.25,36.30562384695094,0.004236053265059159,0.0,-55.25,-1.1843449660135787,0
Tamale,Northern,2021-03-07,0.1395534356350083,0.0,38.785714285714285,26.342857142857145,59.0,48.41,45.46713487831397,-0.021172699252410748,0.0,-48.41,-1.1761633895101644,0
Tamale,Northern,2021-03-14,0.1264512139607368,0.4,36.614285714285714,27.085714285714285,71.85714285714286,37.6,39.87584295787093,-0.021049227055313285,0.29999999999999294,-37.2,-1.084494543095563,0
Tamale,Northern,2021-03-21,0.1133489922864653,1.2000000000000002,36.714285714285715,26.342857142857145,73.28571428571429,40.79,39.55091763754456,-0.024626304954994654,0.799999999999993,-39.589999999999996,-0.9916820354493016,0
Tamale,Northern,2021-03-28,0.1023039284577779,11.5,37.228571428571435,26.214285714285715,79.28571428571429,42.64,39.225992317218186,-0.018110464127219186,8.224999999999993,-31.14,-0.7795768639468024,0
Tamale,Northern,2021-04-04,0.0912588646290905,0.0,38.771428571428565,25.400000000000002,60.142857142857146,49.480000000000004,37.32111501427903,-0.017081885204427133,-3.275000000000007,-49.480000000000004,-0.7889900756227738,0
Tamale,Northern,2021-04-11,0.1232548958590693,0.0,39.271428571428565,28.557142857142857,66.14285714285714,49.21,38.3735795698654,0.015713225550968546,-3.175000000000007,-49.21,-0.8946467786399873,0
Tamale,Northern,2021-04-18,0.1347001030742567,14.2,38.57142857142857,27.900000000000002,68.71428571428571,48.2,40.51745608936295,0.021820655069208106,7.774999999999992,-34.0,-0.8454693456786032,0
Tamale,Northern,2021-04-25,0.13900293387362045,6.5,37.128571428571426,27.442857142857143,75.0,42.2,29.57127094365825,0.016948734514611208,1.324999999999993,-35.7,-0.8855854627276037,0
Tamale,Northern,2021-05-02,0.1433057646729842,15.7,37.5,27.285714285714285,75.28571428571429,43.519999999999996,41.19624942764199,0.008239840303001539,6.5999999999999925,-27.819999999999997,-0.6950339067448524,0
Tamale,Northern,2021-05-09,0.18969798077489936,7.9,34.81428571428571,26.085714285714285,80.14285714285714,36.81,35.63648992898487,0.03802128517595918,-3.175000000000006,-28.910000000000004,-0.5164468067240837,0
Tamale,Northern,2021-05-16,0.2360901968768145,6.5,35.55714285714286,26.142857142857142,80.14285714285714,40.61,35.697733364878474,0.05906597782723488,-2.6500000000000075,-34.11,-0.51741452007395,0
Tamale,Northern,2021-05-23,0.2581442442849416,4.7,35.67142857142857,26.900000000000002,77.42857142857143,41.42,35.758976800772075,0.05133469763253168,-4.000000000000006,-36.72,-0.5263878620454369,0
Tamale,Northern,2021-05-30,0.28019829169306865,5.8,35.971428571428575,27.571428571428573,72.28571428571429,40.5,37.337300917384766,0.03916561328563764,-0.42500000000000693,-34.7,-0.5869139333825252,0
Tamale,Northern,2021-06-06,0.3022523391011957,4.9,34.028571428571425,26.085714285714285,82.28571428571429,36.71,26.176473200545274,0.03308107111219061,-0.5750000000000073,-31.810000000000002,-0.6124263762426347,0
Tamale,Northern,2021-06-13,0.3210861587741486,8.1,32.542857142857144,25.485714285714288,89.28571428571429,32.629999999999995,27.99221391457931,0.030665900310809957,2.2249999999999925,-24.529999999999994,-0.5281473408633756,0
Tamale,Northern,2021-06-20,0.3399199784471015,3.7,32.01428571428571,25.37142857142857,85.85714285714286,32.25,29.807954628613345,0.029055786443222875,-1.925000000000007,-28.55,-0.45627263115058353,0
Tamale,Northern,2021-06-27,0.3403944621438248,25.400000000000002,29.857142857142858,23.342857142857145,94.71428571428571,24.630000000000003,31.03720917890263,0.014481227527257168,14.874999999999995,0.7699999999999996,-0.1442290627891715,0
Tamale,Northern,2021-07-04,0.34086894584054817,20.2,30.900000000000002,23.5,92.28571428571429,29.63,27.58561324581467,0.005301559539142409,5.849999999999991,-9.43,0.05265661693815853,0
Tamale,Northern,2021-07-11,0.3413434295372715,16.7,31.414285714285715,24.0,90.42857142857143,31.45,27.925913090617968,0.0007117255450849735,0.19999999999999218,-14.75,0.13869513113535634,0
Tamale,Northern,2021-07-18,0.34181791323399485,54.3,28.95714285714286,23.314285714285713,96.57142857142857,22.67,28.266212935421265,0.0007117255450849735,25.14999999999999,31.629999999999995,0.6681223074530831,0
Tamale,Northern,2021-07-25,0.34229239693071817,6.4,29.271428571428572,24.042857142857144,91.0,26.48,28.606512780224563,0.0007117255450849735,-18.000000000000007,-20.08,0.48469664068298335,0
Tamale,Northern,2021-08-01,0.34276688062744154,67.3,28.485714285714288,23.357142857142858,94.71428571428571,21.46,28.94681262502786,0.0007117255450850291,31.124999999999986,45.839999999999996,0.9709286120203173,0
Tamale,Northern,2021-08-08,0.34324136432416485,64.1,28.742857142857144,23.042857142857144,96.14285714285714,23.7,28.85869765494141,0.0007117255450850291,16.07499999999999,40.39999999999999,1.4561048960668879,0
Tamale,Northern,2021-08-15,0.3437158480208882,71.60000000000001,28.285714285714285,22.914285714285715,96.85714285714286,21.27,29.465370612702998,0.0007117255450850846,19.25,50.33000000000001,1.6206161655441478,0
Tamale,Northern,2021-08-22,0.34419033171761154,58.9,28.285714285714285,23.014285714285712,96.57142857142857,21.29,30.072043570464587,0.0007117255450850291,-6.57500000000001,37.61,2.128137830578539,0
Tamale,Northern,2021-08-29,0.3446648154143349,86.3,28.614285714285717,22.87142857142857,97.71428571428571,23.12,30.20863551621511,0.0007117255450850291,16.075000000000003,63.17999999999999,2.280684644093816,0
Tamale,Northern,2021-09-05,0.34513929911105823,43.4,28.414285714285715,22.842857142857145,97.28571428571429,20.31,30.345227461965635,0.0007117255450849735,-21.650000000000013,23.09,2.1284017524012295,0
Tamale,Northern,2021-09-12,0.3456137828077816,59.9,29.75714285714286,23.24285714285714,97.42857142857143,26.46,30.48181940771616,0.0007117255450850846,-2.2250000000000014,33.44,1.9798137662263142,0
Tamale,Northern,2021-09-19,0.3460882665045049,26.2,29.814285714285713,23.02857142857143,96.57142857142857,27.03,31.801666384061264,0.0007117255450849735,-27.750000000000004,-0.8300000000000018,1.6416419374185143,0
Tamale,Northern,2021-09-26,0.327509454921252,19.8,29.542857142857144,23.485714285714288,97.14285714285714,23.61,30.740006960367,-0.013578245914897147,-17.525000000000002,-3.8099999999999987,1.052304507349978,0
Tamale,Northern,2021-10-03,0.308930643337999,14.6,30.25714285714286,23.37142857142857,96.57142857142857,27.97,31.79620693244499,-0.02310489355488532,-15.525000000000004,-13.37,0.7315515188397698,0
Tamale,Northern,2021-10-10,0.2903518317547461,2.8000000000000003,31.985714285714288,23.957142857142856,96.28571428571429,31.09,31.051942885877736,-0.027868217374879434,-13.050000000000006,-28.29,0.18848838168301887,0
Tamale,Northern,2021-10-17,0.2717730201714932,0.2,32.871428571428574,24.2,90.28571428571429,34.69,32.437710581515944,-0.027868217374879434,-9.15000000000001,-34.489999999999995,-0.10763190337604851,0
Tamale,Northern,2021-10-24,0.29632379097376327,21.400000000000002,30.957142857142856,23.25714285714286,95.71428571428571,27.06,32.89837170512271,0.0044789694142628456,11.649999999999995,-5.659999999999997,-0.12390708244198058,0
Tamale,Northern,2021-10-31,0.3208745617760333,3.6,33.15714285714286,23.599999999999998,91.71428571428571,32.96,33.30467196542753,0.026043760607024347,-3.400000000000008,-29.36,-0.26457741393617223,0
Tamale,Northern,2021-11-07,0.3454253325783034,0.2,34.08571428571429,23.842857142857145,86.14285714285714,34.81,33.71097222573235,0.03682615620340507,-6.150000000000008,-34.61,-0.3201769445830323,0
Tamale,Northern,2021-11-14,0.3341188212026473,10.4,33.800000000000004,24.442857142857143,88.85714285714286,32.81,33.43006924612706,0.009933194569960502,1.499999999999993,-22.410000000000004,-0.21390442397954046,0
Tamale,Northern,2021-11-21,0.3228123098269913,0.0,34.614285714285714,22.842857142857145,82.0,34.51,36.98451211807219,-0.007995446519002525,-3.5500000000000074,-34.51,-0.46770924346718457,0
Tamale,Northern,2021-11-28,0.3115057984513352,0.0,34.74285714285714,22.02857142857143,81.71428571428571,35.120000000000005,37.26804948318136,-0.016959767063484066,-2.6500000000000075,-35.120000000000005,-0.5183822334238165,0
Tamale,Northern,2021-12-05,0.2783784190198502,0.0,34.98571428571429,21.228571428571428,63.42857142857143,36.89,35.97435416614019,-0.033325418105355775,-2.600000000000007,-36.89,-0.5384402919483166,0
Tamale,Northern,2021-12-12,0.1868529479693343,0.0,34.785714285714285,20.657142857142855,46.857142857142854,39.61,34.27921529480153,-0.08803442084754345,0.0,-39.61,-0.6897554702910367,0
Tamale,Northern,2021-12-19,0.18972521354945143,0.0,34.68571428571428,21.685714285714287,39.857142857142854,43.96,38.41550986883675,-0.051890381198041347,0.0,-43.96,-0.772890844438636,0
Tamale,Northern,2021-12-26,0.1925974791295686,0.0,34.82857142857143,21.814285714285713,29.857142857142858,46.49,37.82845965275854,-0.019291035787482536,0.0,-46.49,-0.8729172152384456,0
Tamale,Northern,2022-01-02,0.19658270395891997,0.0,34.714285714285715,21.47142857142857,26.857142857142858,47.42,37.24140943668033,0.005143117807101388,0.0,-47.42,-0.9655537750029132,0
Tamale,Northern,2022-01-09,0.1692762265840454,1.1,33.885714285714286,22.52857142857143,28.142857142857142,44.85,36.42809573150697,-0.017769179221450965,0.824999999999993,-43.75,-1.0019749865342424,0
Tamale,Northern,2022-01-16,0.1803888270891012,0.0,35.82857142857143,22.414285714285715,21.857142857142858,51.16,36.60933748641614,-0.00432248210130759,-0.2750000000000071,-51.16,-1.0653162239800322,0
Tamale,Northern,2022-01-23,0.1512510518605024,0.0,33.857142857142854,20.914285714285715,17.142857142857142,53.75,36.7905792413253,-0.023123650512639843,-0.2750000000000071,-53.75,-1.1291853050712035,0
Tamale,Northern,2022-01-30,0.1891326949723834,0.0,35.371428571428574,22.0,18.571428571428573,55.28,35.6400406884178,0.0166204948458753,-0.2750000000000071,-55.28,-1.198332822616191,0
Tamale,Northern,2022-02-06,0.1793842879111107,0.0,35.357142857142854,21.542857142857144,15.714285714285714,54.85,36.47739164497472,0.004345072452836274,0.0,-54.85,-1.2959838970117836,0
Tamale,Northern,2022-02-13,0.1686554575826314,0.0,37.25714285714286,23.185714285714287,30.428571428571427,50.25,39.96401981349055,-0.0034504154990255553,0.0,-50.25,-1.2879782683901628,0
Tamale,Northern,2022-02-20,0.1622548918783342,0.0,38.31428571428571,24.514285714285712,56.42857142857143,47.49,39.856843235866336,-0.012601941207780715,0.0,-47.49,-1.2329065813886846,0
Tamale,Northern,2022-02-27,0.155854326174037,0.0,37.957142857142856,24.74285714285714,51.57142857142857,49.339999999999996,38.96704996335535,-0.010682914712491332,0.0,-49.339999999999996,-1.180650060495908,0
Tamale,Northern,2022-03-06,0.1789496417388079,3.1,38.199999999999996,27.657142857142855,63.142857142857146,43.51,39.283890166544666,0.012521062395355276,2.324999999999993,-40.41,-1.0536156898407405,0
Tamale,Northern,2022-03-13,0.20204495730357883,0.5,38.885714285714286,26.7,61.142857142857146,47.23,36.480819709217855,0.027269003029889355,-0.4000000000000071,-46.73,-1.022648862645021,0
Tamale,Northern,2022-03-20,0.22514027286834976,14.000000000000002,36.34285714285714,26.400000000000002,74.85714285714286,37.85,33.67774925189104,0.03464297334715638,9.599999999999994,-23.85,-0.8146784663646777,0
Tamale,Northern,2022-03-27,0.24823558843312066,3.2,38.17142857142857,27.75714285714286,68.71428571428571,43.49,35.59586620839548,0.03464297334715638,-2.000000000000007,-40.29,-0.7350620498529555,0
Tamale,Northern,2022-04-03,0.27133090399789156,11.3,38.214285714285715,27.071428571428573,72.28571428571429,43.77,35.251894412292415,0.03464297334715638,4.049999999999994,-32.47,-0.6652107407807929,0
Tamale,Northern,2022-04-10,0.29442621956266246,15.700000000000001,36.98571428571428,26.585714285714285,78.14285714285714,44.33,34.373492954330885,0.034642973347156325,4.649999999999993,-28.629999999999995,-0.5059779077573492,0
Tamale,Northern,2022-04-17,0.3175215351274334,26.400000000000002,33.07142857142857,24.8,85.0,32.78,33.495091496369355,0.03464297334715638,12.249999999999995,-6.379999999999999,-0.35228743301041177,0
Tamale,Northern,2022-04-24,0.3406168506922043,34.3,34.74285714285714,25.642857142857142,81.14285714285714,35.58,33.70738981499255,0.03464297334715638,12.374999999999993,-1.2800000000000011,-0.009101089571486648,0
Tamale,Northern,2022-05-01,0.3637121662569752,27.0,33.82857142857143,25.24285714285714,81.85714285714286,33.94,31.396907687910755,0.03464297334715638,1.1499999999999915,-6.939999999999998,0.2154963815383765,0
Tamale,Northern,2022-05-08,0.3664453122266365,9.5,34.08571428571429,25.5,86.28571428571429,32.65,31.92292458053545,0.019371346150824142,-14.800000000000004,-23.15,0.26370610114989435,0
Tamale,Northern,2022-05-15,0.36917845819629774,16.5,35.17142857142857,25.585714285714285,88.28571428571429,37.23,32.44894147316015,0.009190261353269336,-5.325000000000003,-20.729999999999997,0.13746349596279933,0
Tamale,Northern,2022-05-22,0.37191160416595903,8.8,33.785714285714285,25.185714285714287,84.0,36.0,32.97495836578484,0.004099718954491904,-6.650000000000006,-27.2,-0.09056495884204406,0
Tamale,Northern,2022-05-29,0.3746447501356203,10.7,31.842857142857145,23.914285714285715,92.42857142857143,31.24,33.50097525840954,0.00409971895449196,-0.6750000000000078,-20.54,-0.2102095184618694,0
Tamale,Northern,2022-06-05,0.37737789610528155,17.5,33.871428571428574,24.642857142857142,88.85714285714286,38.19,34.51889989638363,0.004099718954491904,4.124999999999993,-20.689999999999998,-0.18856792900122457,0
Tamale,Northern,2022-06-12,0.38011104207494284,8.7,32.128571428571426,24.214285714285715,89.14285714285714,32.54,34.39652687126875,0.004099718954491904,-2.7250000000000085,-23.84,-0.21592782462016977,0
Tamale,Northern,2022-06-19,0.38284418804460413,107.80000000000001,30.414285714285715,23.385714285714283,93.42857142857143,25.85,34.274153846153865,0.004099718954491904,71.625,81.95000000000002,0.7443077402698249,0
Tamale,Northern,2022-06-26,0.38557733401426536,33.1,29.442857142857143,22.571428571428573,95.71428571428571,26.07,33.89766668566474,0.004099718954491849,-8.675000000000011,7.030000000000001,0.9868518953226618,0
Tamale,Northern,2022-07-03,0.38831047998392665,21.4,29.74285714285714,23.157142857142855,94.14285714285714,27.45,33.52117952517562,0.004099718954491904,-21.35000000000001,-6.050000000000001,1.115645744795768,0
Tamale,Northern,2022-07-10,0.39104362595358794,18.4,30.057142857142857,23.014285714285712,95.57142857142857,28.75,33.14469236468649,0.00409971895449196,-26.775000000000013,-10.350000000000001,1.2343225910657267,0
Tamale,Northern,2022-07-17,0.3937767719232492,36.4,29.814285714285717,23.25714285714286,93.28571428571429,27.72,32.76820520419737,0.00409971895449196,9.074999999999992,8.68,0.5897375261139182,0
Tamale,Northern,2022-07-24,0.39650991789291046,32.2,28.814285714285713,22.614285714285717,92.57142857142857,24.85,32.391718043708245,0.004099718954491904,5.099999999999998,7.350000000000001,0.5925526922226199,0
Tamale,Northern,2022-07-31,0.39924306386257175,28.4,29.614285714285717,22.742857142857144,93.28571428571429,24.82,32.015230883219125,0.004099718954491904,-0.45000000000000995,3.5799999999999983,0.6772715973063639,0
Tamale,Northern,2022-08-07,0.40197620983223303,4.4,29.900000000000002,22.37142857142857,92.0,29.25,31.63874372273,0.004099718954491904,-20.950000000000003,-24.85,0.5497093830058148,0
Tamale,Northern,2022-08-14,0.40470935580189427,60.5,30.357142857142858,23.47142857142857,92.0,27.900000000000002,32.67479441427463,0.004099718954491904,29.124999999999993,32.599999999999994,0.7601430496312721,0
Tamale,Northern,2022-08-21,0.40744250177155555,12.6,28.82857142857143,22.428571428571427,93.85714285714286,25.09,28.531586472367337,0.004099718954491904,-13.875000000000005,-12.49,0.5856027508917624,0
Tamale,Northern,2022-08-28,0.41017564774121684,146.5,28.228571428571428,22.414285714285715,96.71428571428571,21.6,28.790104749694176,0.004099718954491904,90.5,124.9,1.652902601853321,0
Tamale,Northern,2022-09-04,0.4129087937108781,60.7,28.685714285714287,22.585714285714285,96.57142857142857,23.59,29.048623027021012,0.004099718954491904,-9.375,37.11,2.1979891396507014,0
Tamale,Northern,2022-09-11,0.41564193968053936,50.0,28.885714285714283,22.457142857142856,97.57142857142857,24.11,29.30714130434785,0.004099718954491849,-17.450000000000003,25.89,2.1389586253088613,0
Tamale,Northern,2022-09-18,0.41837508565020065,68.6,28.071428571428573,22.457142857142856,97.85714285714286,21.16,30.275271057032228,0.004099718954491904,-12.850000000000009,47.44,2.6661864531041646,0
Tamale,Northern,2022-09-25,0.4211082316198619,62.1,28.52857142857143,22.314285714285713,98.42857142857143,23.42,31.243400809716604,0.004099718954491904,1.749999999999993,38.68,1.9076751346908314,0
Tamale,Northern,2022-10-02,0.42384137758952317,26.2,27.957142857142856,22.014285714285712,98.28571428571429,20.73,29.275465445645352,0.004099718954491904,-25.52500000000001,5.469999999999999,1.6293255856929438,0
Tamale,Northern,2022-10-09,0.42657452355918446,43.300000000000004,29.985714285714288,22.67142857142857,97.71428571428571,28.88,30.67611750022286,0.004099718954491904,-6.750000000000007,14.420000000000005,1.528419475484165,0
Tamale,Northern,2022-10-16,0.4293076695288457,25.0,29.914285714285715,22.67142857142857,97.0,27.259999999999998,31.650973209100073,0.004099718954491904,-14.150000000000006,-2.259999999999998,1.091188989226421,0
Tamale,Northern,2022-10-23,0.432040815498507,0.1,32.2,23.071428571428573,93.57142857142857,33.42,32.62582891797729,0.004099718954491904,-23.550000000000004,-33.32,0.45777661476852277,0
Tamale,Northern,2022-10-30,0.3998758412485539,0.39999999999999997,33.285714285714285,22.342857142857145,85.0,35.66,33.6006846268545,-0.022073871210218865,-16.80000000000001,-35.26,0.09945875349532554,0
Tamale,Northern,2022-11-06,0.3608543676951303,0.0,34.0,22.385714285714283,73.57142857142857,37.86,35.4488094215169,-0.04466530579762895,-6.375000000000007,-37.86,-0.36046900951382627,0
Tamale,Northern,2022-11-13,0.3218328941417067,21.0,33.65714285714286,21.914285714285715,77.42857142857143,35.77,36.23549495817423,-0.05681808550426776,15.624999999999993,-14.770000000000003,-0.47052440957588615,0
Tamale,Northern,2022-11-20,0.3135547045143563,0.0,33.51428571428571,20.542857142857144,64.85714285714286,38.620000000000005,35.647835679445905,-0.035474747385580485,-5.350000000000007,-38.620000000000005,-0.5171505982512593,0
Tamale,Northern,2022-11-27,0.2689455185548751,0.0,33.357142857142854,19.842857142857145,62.142857142857146,36.24,35.80232050342454,-0.04735135267164198,-5.250000000000007,-36.24,-0.5257720444591585,0
Tamale,Northern,2022-12-04,0.2373753340826986,0.6,33.68571428571429,22.52857142857143,82.71428571428571,32.87,35.492275518714166,-0.048051778740710566,-4.800000000000008,-32.269999999999996,-0.47659461149777443,0
Tamale,Northern,2022-12-11,0.2180243796310707,0.0,34.285714285714285,20.900000000000002,55.285714285714285,38.31,36.16989335085543,-0.0414506045646795,-0.1500000000000071,-38.31,-0.6836852683691484,0
Tamale,Northern,2022-12-18,0.2257577887968048,0.0,33.57142857142857,19.02857142857143,63.714285714285715,35.269999999999996,35.30366221031613,-0.011767966469557523,-0.1500000000000071,-35.269999999999996,-0.6542139981686766,0
Tamale,Northern,2022-12-25,0.2334911979625389,0.0,32.971428571428575,20.442857142857143,31.714285714285715,45.730000000000004,34.437431069776835,0.00482902284426065,-0.1500000000000071,-45.730000000000004,-0.7377012680798636,0
Tamale,Northern,2023-01-01,0.20322625743919698,0.0,33.457142857142856,21.071428571428573,26.714285714285715,48.05,34.593276681240354,-0.016898648518205855,0.0,-48.05,-0.8765241468152196,0
Tamale,Northern,2023-01-08,0.1314873279959968,0.0,34.42857142857143,20.985714285714288,30.714285714285715,45.84,34.713708774545665,-0.06700331505263757,0.0,-45.84,-0.9427685243106082,0
Tamale,Northern,2023-01-15,0.1816860231540115,0.0,34.9,21.928571428571427,25.0,50.08,34.83414086785098,-0.005786678483924529,0.0,-50.08,-1.073057930778962,0
Tamale,Northern,2023-01-22,0.2023017934590247,0.0,35.74285714285714,21.228571428571428,31.714285714285715,45.94,36.59844448937309,0.022626442946967196,0.0,-45.94,-1.0749053835377975,0
Tamale,Northern,2023-01-29,0.179498018547048,0.0,36.57142857142857,22.442857142857143,61.42857142857143,40.98,39.3141173646037,0.005754727758027739,0.0,-40.98,-1.0127078073236677,0
Tamale,Northern,2023-02-05,0.1796942630815759,0.0,37.58571428571429,23.12857142857143,44.0,47.55,38.24275215446431,-0.006100761478839117,0.0,-47.55,-1.0277513512170426,0
Tamale,Northern,2023-02-12,0.1619781890051005,0.0,37.55714285714286,24.357142857142858,58.285714285714285,44.17,38.4644830549168,-0.01888987701808678,0.0,-44.17,-0.9757587521469571,0
Tamale,Northern,2023-02-19,0.1359957028596722,0.0,36.4,23.599999999999998,19.0,58.55,35.61744724405469,-0.02829584051367698,0.0,-58.55,-1.086693891617986,0
Tamale,Northern,2023-02-26,0.1100132167142439,0.0,38.32857142857143,24.2,40.0,48.120000000000005,39.92197856908189,-0.03690712620090421,0.0,-48.120000000000005,-1.1495072854183945,0
Tamale,Northern,2023-03-05,0.1925456624738854,0.0,37.614285714285714,26.485714285714288,68.0,42.42,39.08586090121054,0.0424124697106599,0.0,-42.42,-1.1043766537382693,0
Tamale,Northern,2023-03-12,0.17195273200248462,2.5,38.5,27.014285714285712,67.85714285714286,43.53,38.24974323333919,0.019325903489913088,1.874999999999993,-41.03,-1.076752836296633,0
Tamale,Northern,2023-03-19,0.1513598015310838,1.1,37.0,25.214285714285715,73.0,42.24,41.8222042508026,-0.005108051649340639,0.19999999999999296,-41.14,-0.9235902051950774,0
Tamale,Northern,2023-03-26,0.1915796463582622,12.5,34.214285714285715,24.7,83.85714285714286,34.39,37.95594707978461,0.014720185766833205,8.474999999999993,-21.89,-0.6928345582224292,0
Tamale,Northern,2023-04-02,0.2317994911854406,0.4,36.528571428571425,25.857142857142858,72.71428571428571,41.49,37.06853654016709,0.045126573416122806,-3.725000000000007,-41.09,-0.6811340240831373,0
Tamale,Northern,2023-04-09,0.272019336012619,28.3,36.68571428571429,26.142857142857142,75.28571428571429,41.75,36.01454926836669,0.06032976724076761,17.724999999999994,-13.45,-0.4385018950894035,0
Tamale,Northern,2023-04-16,0.3122391808397974,2.5,37.31428571428571,26.614285714285717,72.42857142857143,44.089999999999996,36.01381273713429,0.06032976724076755,-8.425000000000008,-41.589999999999996,-0.44246072242976536,0
Tamale,Northern,2023-04-23,0.31674670461468923,6.1,36.42857142857143,26.714285714285715,78.0,42.04,33.76546076772155,0.03354552645155262,-3.2250000000000068,-35.94,-0.5660641093899526,0
Tamale,Northern,2023-04-30,0.32125422838958106,40.3,33.628571428571426,25.02857142857143,87.71428571428571,30.689999999999998,33.70487347567507,0.01568936592540937,20.999999999999993,9.61,-0.12003622904251567,0
Tamale,Northern,2023-05-07,0.32576175216447295,30.099999999999998,34.98571428571429,25.37142857142857,85.71428571428571,38.769999999999996,33.644286183628594,0.0067612856623378015,10.34999999999999,-8.669999999999998,-0.07798468529378295,0
Tamale,Northern,2023-05-14,0.3302692759393648,30.1,35.55714285714286,25.842857142857145,85.28571428571429,37.9,35.541921136858264,0.006761285662337746,3.4499999999999957,-7.799999999999997,0.21927926099694456,0
Tamale,Northern,2023-05-21,0.3026705454713235,10.9,32.628571428571426,24.771428571428572,90.57142857142857,32.65,35.67847607975949,-0.017318405019862093,-16.950000000000003,-21.75,0.34411428312968867,0
Tamale,Northern,2023-05-28,0.2774313550196664,6.7,34.08571428571428,25.157142857142855,90.85714285714286,36.03,35.05494372417729,-0.0316018771290405,-12.750000000000007,-29.330000000000002,0.0015437572770419924,0
Tamale,Northern,2023-06-04,0.2521921645680094,13.4,34.31428571428571,25.414285714285715,83.42857142857143,37.24,34.2212303164883,-0.03844867068158164,-1.8750000000000053,-23.840000000000003,-0.13191271106360133,0
Tamale,Northern,2023-06-11,0.257897152125845,12.2,33.471428571428575,24.928571428571427,85.14285714285714,33.43,33.38751690879932,-0.01465065217036604,1.3999999999999915,-21.23,-0.2500617136881788,0
Tamale,Northern,2023-06-18,0.2636021396836806,13.1,31.8,24.028571428571432,92.57142857142857,30.64,32.55380350111033,0.0008214368343802403,1.749999999999993,-17.54,-0.21302468457057122,0
Tamale,Northern,2023-06-25,0.26930712724151623,20.8,30.785714285714285,23.814285714285713,92.85714285714286,26.99,31.72009009342134,0.008557481336753436,5.924999999999994,-6.189999999999998,-0.009452985335074299,0
Tamale,Northern,2023-07-02,0.27501211479935184,37.6,29.97142857142857,23.32857142857143,94.28571428571429,25.39,30.886376685732355,0.008557481336753436,16.674999999999994,12.21,0.3076930715983595,0
Tamale,Northern,2023-07-09,0.28071710235718744,34.800000000000004,31.014285714285712,23.385714285714283,95.42857142857143,28.53,30.05266327804337,0.008557481336753436,8.224999999999994,6.270000000000003,0.549621409064918,0
Tamale,Northern,2023-07-16,0.28642208991502305,42.4,30.47142857142857,23.414285714285715,95.57142857142857,25.38,29.21894987035438,0.00855748133675338,8.499999999999993,17.02,0.8536593488047092,0
Tamale,Northern,2023-07-23,0.29212707747285865,54.7,30.114285714285717,23.32857142857143,95.71428571428571,26.18,27.30226913607447,0.00855748133675338,12.324999999999996,28.520000000000003,1.1590168976579542,0
Tamale,Northern,2023-07-30,0.29783206503069426,73.3,29.82857142857143,23.400000000000002,96.0,24.47,27.75846214255264,0.00855748133675338,21.999999999999986,48.83,1.4811774692225133,0
Tamale,Northern,2023-08-06,0.30353705258852987,37.8,29.11428571428571,23.32857142857143,95.57142857142857,24.44,28.21465514903081,0.008557481336753436,-14.250000000000007,13.359999999999996,1.5435509933184366,0
Tamale,Northern,2023-08-13,0.30924204014636547,63.6,29.114285714285717,22.928571428571427,96.71428571428571,24.24,28.67084815550898,0.00855748133675338,6.25,39.36,1.740084777282179,0
Tamale,Northern,2023-08-20,0.31494702770420113,32.9,29.542857142857144,23.0,97.0,26.36,29.127041161987147,0.008557481336753436,-19.000000000000007,6.539999999999999,1.5467180551907262,0
Tamale,Northern,2023-08-27,0.3206520152620367,42.6,30.24285714285714,23.614285714285717,96.14285714285714,27.39,29.583234168465317,0.00855748133675338,-1.625,15.21,1.2509496658952464,0
Tamale,Northern,2023-09-03,0.32635700281987234,47.5,29.52857142857143,22.97142857142857,97.57142857142857,24.37,30.039427174943487,0.008557481336753436,0.8499999999999943,23.13,1.3369002061515474,0
Tamale,Northern,2023-09-10,0.33206199037770795,38.8,29.457142857142856,22.714285714285715,97.42857142857143,26.11,30.495620181421657,0.008557481336753436,-1.6500000000000128,12.689999999999998,1.1022737057794343,0
Tamale,Northern,2023-09-17,0.33776697793554356,82.69999999999999,29.37142857142857,23.342857142857145,96.85714285714286,23.25,30.61661767560554,0.008557481336753436,29.799999999999983,59.44999999999999,1.5677438270650925,0
Tamale,Northern,2023-09-24,0.34347196549337916,40.199999999999996,29.614285714285717,22.614285714285717,97.85714285714286,25.96,30.91881060267633,0.008557481336753436,-12.100000000000009,14.239999999999995,1.5592103547980902,0
Tamale,Northern,2023-10-01,0.34917695305121477,7.3,31.3,23.771428571428572,96.42857142857143,31.96,28.193031228784832,0.00855748133675338,-34.95000000000001,-24.66,1.1387828912516602,0
Tamale,Northern,2023-10-08,0.3548819406090504,77.8,29.957142857142856,23.3,97.71428571428571,23.310000000000002,29.90990356650866,0.008557481336753436,25.799999999999997,54.489999999999995,1.506513964200829,0
Tamale,Northern,2023-10-15,0.360586928166886,27.2,30.542857142857144,23.599999999999998,96.28571428571429,27.53,30.770179234036533,0.00855748133675338,-10.925000000000008,-0.33000000000000185,0.9806057455189795,0
Tamale,Northern,2023-10-22,0.3662919157247216,13.2,31.685714285714287,23.771428571428572,95.57142857142857,31.330000000000002,31.63045490156441,0.00855748133675338,-18.175000000000008,-18.130000000000003,0.695834098835616,0
Tamale,Northern,2023-10-29,0.3719969032825572,0.6,32.98571428571428,23.771428571428572,89.85714285714286,33.99,32.44815512143356,0.008557481336753436,-29.100000000000005,-33.39,0.6190328484325958,0
Tamale,Northern,2023-11-05,0.398022768226897,0.0,34.31428571428571,24.657142857142855,85.28571428571429,33.96,32.26667618590312,0.023798139376631555,-10.250000000000007,-33.96,-0.15909665880075297,0
Tamale,Northern,2023-11-12,0.37884645201485834,5.5,34.51428571428571,24.928571428571427,84.71428571428571,34.26,34.11299805403229,5.694220259983007e-05,0.6749999999999936,-28.759999999999998,-0.409206572770726,0
Tamale,Northern,2023-11-19,0.35967013580281965,0.0,34.67142857142857,23.0,77.28571428571429,36.29,34.56396876342592,-0.017463929028963376,-1.525000000000007,-36.29,-0.5689672494395511,0
Tamale,Northern,2023-11-26,0.340493819590781,7.1000000000000005,34.58571428571428,23.842857142857145,73.57142857142857,34.17,34.869293386236905,-0.02876447431805801,3.949999999999993,-27.07,-0.5133677187926913,0
Tamale,Northern,2023-12-03,0.3138648350765486,7.0,33.72857142857143,22.957142857142856,86.71428571428571,30.6,35.75066188177618,-0.03435397554470332,2.0999999999999925,-23.6,-0.42222671602347145,0
Tamale,Northern,2023-12-10,0.2951084153972773,0.0,33.457142857142856,19.585714285714285,67.57142857142857,34.65,34.596105284439915,-0.03217588606957933,-3.5250000000000075,-34.65,-0.4740433672117634,0
Tamale,Northern,2023-12-17,0.2994142784703652,0.0,32.7,19.542857142857144,49.285714285714285,40.18,33.44154868710365,-0.012806058663377806,-3.5250000000000075,-40.18,-0.5082652302206694,0
Tamale,Northern,2023-12-24,0.2872044359680683,0.0,33.74285714285714,20.785714285714285,41.285714285714285,45.75,35.13173620763729,-0.011693555259996546,-1.750000000000007,-45.75,-0.6726005518161353,0
Tamale,Northern,2023-12-31,0.2741995629502286,0.0,33.871428571428574,20.457142857142856,44.142857142857146,42.55,35.49289367939559,-0.014782110246256197,0.0,-42.55,-0.8393111698158182,0
Techiman,Bono East,2019-01-06,0.3909320930376462,0.0,34.300000000000004,21.96666666666667,41.5,37.93,31.39530079369115,0.0,0.0,-37.93,-0.3818177300047182,0
Techiman,Bono East,2019-01-13,0.3465260181387563,0.0,34.34285714285714,21.74285714285714,71.14285714285714,35.37,31.591566149335332,-0.022203037449444962,0.0,-35.37,-0.7594405912685175,0
Techiman,Bono East,2019-01-20,0.3101735480255541,14.2,33.58571428571429,22.82857142857143,95.85714285714286,29.41,33.48585132197587,-0.03903700504176477,9.466666666666665,-15.21,-0.9218280303361563,0
Techiman,Bono East,2019-01-27,0.34863475486076423,3.0999999999999996,33.92857142857143,21.25714285714286,82.57142857142857,33.16,34.124951721348964,-0.00043184865491596724,-1.2249999999999996,-30.059999999999995,-1.2427594187893598,0
Techiman,Bono East,2019-02-03,0.33877787310198504,9.0,32.98571428571429,22.657142857142855,92.71428571428571,28.810000000000002,31.115987058288454,0.0027498245702201607,2.4250000000000007,-19.810000000000002,-1.049303771458287,0
Techiman,Bono East,2019-02-10,0.32892099134320585,6.2,33.628571428571426,23.02857142857143,94.71428571428571,31.38,32.83015671604085,-0.0027058004896714505,-1.9249999999999998,-25.18,-0.9405116607351286,0
Techiman,Bono East,2019-02-17,0.31906410958442666,0.0,35.48571428571429,22.414285714285715,74.0,40.86,33.359974091300046,-0.014785322638168785,-4.575,-40.86,-1.214360300582922,0
Techiman,Bono East,2019-02-24,0.3203573052862974,19.4,34.57142857142857,23.885714285714283,92.71428571428571,32.22,33.889791466559245,-0.006422764542681314,10.749999999999998,-12.82,-1.0302998502524754,0
Techiman,Bono East,2019-03-03,0.32165050098816816,1.9,35.114285714285714,22.914285714285715,80.14285714285714,35.47,34.958241494363335,-0.0008477258123563702,-4.975,-33.57,-1.1772065669895373,0
Techiman,Bono East,2019-03-10,0.30865715811740924,19.4,34.214285714285715,23.62857142857143,91.0,31.98,34.81322354784925,-0.008775110376666118,9.224999999999998,-12.580000000000002,-1.042684428116937,0
Techiman,Bono East,2019-03-17,0.2956638152466503,15.700000000000001,34.471428571428575,23.2,94.85714285714286,34.52,29.919601954802545,-0.015918379662980986,1.6000000000000014,-18.82,-0.8073774486921664,0
Techiman,Bono East,2019-03-24,0.3269846746845987,26.0,32.214285714285715,23.542857142857144,92.85714285714286,27.14,33.6010383701535,0.013745637425392088,10.25,-1.1400000000000006,-0.6826775612293114,0
Techiman,Bono East,2019-03-31,0.358305534122547,34.9,32.785714285714285,23.714285714285715,94.71428571428571,29.36,33.52437642181911,0.03590273857974574,10.899999999999999,5.539999999999999,-0.2651251127128515,0
Techiman,Bono East,2019-04-07,0.3896263935604954,21.9,33.31428571428571,23.771428571428572,95.42857142857143,30.69,32.08183610535389,0.04698128915692251,-2.7250000000000014,-8.790000000000003,-0.22466170744879158,0
Techiman,Bono East,2019-04-14,0.4405807892450243,51.099999999999994,32.0,23.314285714285713,95.57142857142857,28.23,31.450218084310762,0.06170644134185799,17.624999999999993,22.869999999999994,0.22043575045586744,0
Techiman,Bono East,2019-04-21,0.4915351849295532,41.8,32.18571428571429,23.342857142857145,96.42857142857143,31.8,30.81860006326764,0.07152320946514823,4.375,9.999999999999996,0.3393704033956108,0
Techiman,Bono East,2019-04-28,0.4963589877312434,26.7,31.52857142857143,23.52857142857143,96.57142857142857,28.6,30.70250261112784,0.041833648864664286,-8.675,-1.9000000000000021,0.2599382832994087,0
Techiman,Bono East,2019-05-05,0.5011827905329335,36.8,30.97142857142857,23.771428571428572,96.85714285714286,26.25,29.633101967384505,0.018768352423244872,-2.299999999999997,10.549999999999997,0.4664190901086221,0
Techiman,Bono East,2019-05-12,0.5060065933346236,39.6,31.942857142857143,23.357142857142858,96.28571428571429,30.23,31.15087522388052,0.007235704202535165,3.375000000000007,9.370000000000001,0.3222882270308362,0
Techiman,Bono East,2019-05-19,0.5056466854526094,30.0,30.928571428571427,23.314285714285713,95.57142857142857,26.919999999999998,29.87433232581583,0.0033479211897569083,-3.2749999999999986,3.080000000000002,0.24840781425318598,0
Techiman,Bono East,2019-05-26,0.5052867775705953,34.5,30.52857142857143,22.985714285714288,97.0,26.13,29.69501117457173,0.0007560658479047744,-0.7250000000000014,8.370000000000001,0.35805403379458317,0
Techiman,Bono East,2019-06-02,0.504926869688581,43.6,29.17142857142857,22.62857142857143,97.0,23.88,29.022721027321325,-0.0005398618230213481,6.675000000000004,19.720000000000002,0.4559562570851979,0
Techiman,Bono East,2019-06-09,0.5045669618065668,29.2,29.114285714285717,22.414285714285715,96.28571428571429,24.2,27.060160617773136,-0.0005398618230213481,-5.1250000000000036,5.0,0.4093005628889071,0
Techiman,Bono East,2019-06-16,0.5042070539245527,46.800000000000004,27.885714285714283,22.014285714285712,97.42857142857143,20.93,25.097600208224947,-0.0005398618230212371,8.274999999999999,25.870000000000005,0.6526148124846659,0
Techiman,Bono East,2019-06-23,0.5038471460425384,8.7,29.571428571428573,22.599999999999998,96.14285714285714,26.47,26.431800853129403,-0.0005398618230212371,-23.375000000000004,-17.77,0.3735347561251603,0
Techiman,Bono East,2019-06-30,0.5034872381605242,58.5,28.17142857142857,21.885714285714283,96.57142857142857,22.7,27.76600149803386,-0.0005398618230213481,22.700000000000003,35.8,0.5452106285911453,0
Techiman,Bono East,2019-07-07,0.5031273302785101,58.300000000000004,28.87142857142857,22.357142857142858,96.57142857142857,21.91,25.491266909680064,-0.0005398618230212371,15.225000000000001,36.39,0.8803415761475677,0
Techiman,Bono East,2019-07-14,0.5027674223964959,25.5,27.142857142857142,21.514285714285712,96.71428571428571,19.57,25.513767121173192,-0.0005398618230213481,-12.25,5.93,0.6674549532015638,0
Techiman,Bono East,2019-07-21,0.5024075145144816,50.8,27.24285714285714,21.485714285714288,96.42857142857143,19.89,25.53626733266632,-0.0005398618230213481,2.5249999999999915,30.909999999999997,1.187180169099832,0
Techiman,Bono East,2019-07-28,0.5020476066324675,55.3,27.75714285714286,21.585714285714285,96.57142857142857,21.169999999999998,25.558767544159444,-0.0005398618230212371,7.824999999999996,34.129999999999995,1.1693506475190985,0
Techiman,Bono East,2019-08-04,0.5016876987504533,32.5,26.5,21.585714285714285,96.0,18.53,25.581267755652572,-0.0005398618230212371,-8.524999999999999,13.969999999999999,0.9299866512076939,0
Techiman,Bono East,2019-08-11,0.501327790868439,24.2,27.157142857142855,21.357142857142858,95.42857142857143,22.78,25.6037679671457,-0.0005398618230212371,-16.500000000000004,1.4199999999999982,0.8818362665794853,0
Techiman,Bono East,2019-08-18,0.5009678829864248,12.3,27.657142857142855,21.428571428571427,95.42857142857143,23.47,30.142812500000048,-0.0005398618230213481,-18.774999999999995,-11.169999999999998,0.43257502818591254,0
Techiman,Bono East,2019-08-25,0.5006079751044107,27.8,27.557142857142857,21.785714285714285,95.0,21.83,29.55762156100485,-0.0005398618230212371,3.599999999999998,5.970000000000002,0.13192872416587903,0
Techiman,Bono East,2019-09-01,0.5002480672223965,25.0,28.24285714285714,21.67142857142857,96.42857142857143,23.46,28.972430622009654,-0.0005398618230213481,2.674999999999997,1.5399999999999991,-0.0007784334679639,0
Techiman,Bono East,2019-09-08,0.4998881593403823,52.2,27.32857142857143,21.87142857142857,97.71428571428571,20.41,29.187944497607724,-0.0005398618230212926,22.875,31.790000000000003,0.3234626266559147,0
Techiman,Bono East,2019-09-15,0.4995282514583681,64.5,27.585714285714285,21.87142857142857,97.71428571428571,19.990000000000002,29.403458373205797,-0.0005398618230212371,22.125,44.51,0.9179223641500718,0
Techiman,Bono East,2019-09-22,0.49916834357635387,65.1,28.3,22.057142857142857,97.85714285714286,22.42,29.618972248803868,-0.0005398618230213481,13.399999999999991,42.67999999999999,1.30985154811937,0
Techiman,Bono East,2019-09-29,0.4988084356943397,58.9,28.8,22.014285714285712,98.0,22.36,29.83448612440194,-0.0005398618230212926,-1.2750000000000057,36.54,1.6835241560988148,0
Techiman,Bono East,2019-10-06,0.49844852781232546,52.9,28.342857142857145,21.82857142857143,98.28571428571429,22.75,30.05000000000001,-0.0005398618230212926,-7.449999999999996,30.15,1.666014925324921,0
Techiman,Bono East,2019-10-13,0.4980886199303113,78.1,26.685714285714287,21.571428571428573,97.42857142857143,17.93,27.755832608317405,-0.0005398618230212926,14.349999999999994,60.169999999999995,1.8332067264951528,0
Techiman,Bono East,2019-10-20,0.4977287120482971,59.3,28.985714285714288,22.099999999999998,98.14285714285714,22.8,27.56787009817509,-0.0005398618230212926,-3.0,36.5,1.767226820286211,0
Techiman,Bono East,2019-10-27,0.4973688041662829,28.5,29.2,21.928571428571427,98.28571428571429,23.61,29.737180627875603,-0.0005398618230212926,-26.199999999999996,4.890000000000001,1.4293200190705126,0
Techiman,Bono East,2019-11-03,0.4970088962842687,50.5,29.3,21.342857142857145,97.71428571428571,24.810000000000002,29.482352509984597,-0.0005398618230212926,-3.5999999999999943,25.689999999999998,1.3817034524537033,0
Techiman,Bono East,2019-11-10,0.4998801555995417,5.5,30.928571428571427,22.042857142857144,98.14285714285714,29.45,31.35051261311372,0.0018835135749440957,-30.450000000000003,-23.95,0.4836080300756769,0
Techiman,Bono East,2019-11-17,0.4988601192014524,9.6,30.97142857142857,22.614285714285717,98.0,27.65,31.80453364339536,0.000580625388566014,-13.924999999999999,-18.049999999999997,-0.09878742036085837,0
Techiman,Bono East,2019-11-24,0.4978400828033631,6.7,31.814285714285713,22.642857142857142,97.14285714285714,27.92,31.11080114756612,-0.0005572306687933737,-11.375,-21.220000000000002,-0.37754718591352443,0
Techiman,Bono East,2019-12-01,0.4860450311132538,0.8,32.67142857142857,22.228571428571428,97.71428571428571,30.04,30.417068651736884,-0.009611316066148956,-4.8500000000000005,-29.24,-0.9639996532366937,0
Techiman,Bono East,2019-12-08,0.4742499794231445,14.100000000000001,31.75714285714286,22.485714285714288,97.0,26.439999999999998,30.34234821293171,-0.014998823712158937,6.300000000000001,-12.339999999999996,-0.8400471109897976,0
Techiman,Bono East,2019-12-15,0.4219536162504895,1.5,32.32857142857143,22.114285714285717,97.57142857142857,27.35,28.856557807997945,-0.04806856114707325,-4.275,-25.85,-0.9233227207680741,0
Techiman,Bono East,2019-12-22,0.4403309587082427,0.1,33.74285714285714,22.2,96.14285714285714,30.57,30.970553308730928,-0.015313937665539956,-4.025,-30.47,-1.0220790528769275,0
Techiman,Bono East,2019-12-29,0.4587083011659958,0.0,33.94285714285714,20.657142857142855,73.14285714285714,35.88,29.873919164855465,0.009897587279027675,-3.9250000000000003,-35.88,-1.0929700847907422,0
Techiman,Bono East,2020-01-05,0.4144841320134185,0.0,31.885714285714283,19.642857142857142,38.285714285714285,44.29,29.12971841666274,-0.01938512002111814,-0.4,-44.29,-1.4340797940748353,0
Techiman,Bono East,2020-01-12,0.4044233020165831,5.1000000000000005,33.614285714285714,21.285714285714285,71.0,34.03,30.27702264799592,-0.025063371459476902,3.8000000000000003,-28.93,-1.4669629835770268,0
Techiman,Bono East,2020-01-19,0.3523324816720845,0.1,34.68571428571429,22.071428571428573,58.0,42.04,30.295219907992816,-0.055154572544936,-1.2,-41.94,-1.589420835392005,1
Techiman,Bono East,2020-01-26,0.35430646392164344,0.1,34.542857142857144,22.157142857142855,70.14285714285714,38.0,31.160275516910417,-0.027080130984288908,-1.225,-37.9,-1.6109870830525326,0
Techiman,Bono East,2020-02-02,0.35628044617120247,0.0,35.042857142857144,20.957142857142856,64.14285714285714,42.63,34.72094535160028,-0.010555227274175905,-1.3250000000000002,-42.63,-1.593264325074079,0
Techiman,Bono East,2020-02-09,0.2996933649042936,0.0,35.05714285714286,21.728571428571428,40.285714285714285,47.26,33.5726758000103,-0.04095982426301242,-0.05,-47.26,-1.7889620080530286,0
Techiman,Bono East,2020-02-16,0.3265628473982064,0.3,35.642857142857146,23.214285714285715,43.42857142857143,47.16,32.424406248420325,-0.007647933200630064,0.19999999999999998,-46.86,-1.8414897003747104,0
Techiman,Bono East,2020-02-23,0.2842231114149997,0.2,36.385714285714286,23.900000000000002,91.14285714285714,38.33,32.90306632627272,-0.03246683105717585,0.07500000000000001,-38.129999999999995,-1.8439452632271467,0
Techiman,Bono East,2020-03-01,0.24125400764636862,0.1,37.042857142857144,23.67142857142857,90.85714285714286,41.19,32.95817754410825,-0.04667932519459844,-0.04999999999999999,-41.089999999999996,-1.827503668476051,0
Techiman,Bono East,2020-03-08,0.1982849038777376,18.5,34.1,24.02857142857143,93.0,30.53,34.824902431626526,-0.06429631370659047,13.725,-12.030000000000001,-1.4513754976441697,1
Techiman,Bono East,2020-03-15,0.3007758767102722,32.9,32.642857142857146,24.014285714285712,94.71428571428571,27.439999999999998,32.565697305863694,0.04464140179792769,19.974999999999998,5.460000000000001,-0.8927883305160391,0
Techiman,Bono East,2020-03-22,0.34400779751836286,28.700000000000003,32.82857142857143,23.95714285714286,93.85714285714286,30.09,33.13805646832839,0.07292715108017755,8.650000000000006,-1.389999999999997,-0.5005388557399018,0
Techiman,Bono East,2020-03-29,0.3872397183264535,54.4,31.04285714285714,23.014285714285712,95.0,26.08,32.549173702037514,0.07966264421824693,20.775,28.32,0.24050730768447792,0
Techiman,Bono East,2020-04-05,0.40374059810292706,3.9,32.75714285714285,23.414285714285715,93.14285714285714,31.79,31.960290935746645,0.04479960043842318,-26.075000000000003,-27.89,0.07118023446864931,0
Techiman,Bono East,2020-04-12,0.42024147787940064,48.8,31.75714285714286,23.25714285714286,95.0,30.49,31.371408169455776,0.031434079922614655,14.850000000000001,18.31,0.2083714633982456,0
Techiman,Bono East,2020-04-19,0.4367423576558742,22.099999999999998,31.685714285714287,23.5,95.71428571428571,29.96,30.73805747939963,0.024751319664710336,-10.2,-7.860000000000003,0.1392954127231881,0
Techiman,Bono East,2020-04-26,0.42976018171139935,29.099999999999998,31.099999999999998,23.185714285714287,93.71428571428571,30.21,30.442491026743085,0.00713902787399906,3.1250000000000036,-1.110000000000003,-0.17490986878638534,0
Techiman,Bono East,2020-05-03,0.42277800576692454,19.3,32.48571428571429,23.428571428571427,94.57142857142857,32.37,29.430113606106545,-0.0046024999864751615,-10.524999999999995,-13.069999999999997,-0.01668621020766026,0
Techiman,Bono East,2020-05-10,0.41579582982244967,41.9,31.82857142857143,23.62857142857143,96.0,30.869999999999997,32.11951771902352,-0.010473263916712217,13.8,11.030000000000001,-0.09441011266738483,0
Techiman,Bono East,2020-05-17,0.40881365387797486,103.39999999999999,30.942857142857143,23.12857142857143,94.57142857142857,29.47,24.884757235727022,-0.010473263916712272,54.974999999999994,73.92999999999999,0.7788093903794383,0
Techiman,Bono East,2020-05-24,0.4018314779335,8.5,30.571428571428573,23.157142857142855,95.71428571428571,28.02,31.525307365654044,-0.010473263916712272,-34.775,-19.52,0.5822575985822505,0
Techiman,Bono East,2020-05-31,0.33489841151249,46.2,29.785714285714285,22.928571428571427,97.42857142857143,26.11,29.36160197651884,-0.055436431774113615,-3.799999999999997,20.090000000000003,0.9362857037422048,0
Techiman,Bono East,2020-06-07,0.26796534509148,21.0,29.37142857142857,22.82857142857143,97.0,23.69,27.19789658738364,-0.08541187701238123,-23.775000000000006,-2.6900000000000013,0.7898060414142624,0
Techiman,Bono East,2020-06-14,0.29552811620116004,47.9,29.085714285714285,22.085714285714285,97.0,23.49,29.846049244979724,-0.02952772148349747,17.0,24.41,0.2611126829244873,0
Techiman,Bono East,2020-06-21,0.3230908873108401,38.3,28.585714285714285,22.47142857142857,96.85714285714286,21.75,27.744768696026426,0.017720197281847594,-0.05000000000000426,16.549999999999997,0.6462089963478754,0
Techiman,Bono East,2020-06-28,0.35065365842052015,58.7,28.714285714285715,22.114285714285717,97.14285714285714,24.47,25.64348814707313,0.04134415666452007,17.225,34.230000000000004,0.7971727299715712,0
Techiman,Bono East,2020-07-05,0.3782164295302002,42.8,26.785714285714285,21.814285714285713,97.0,17.56,25.811362941750087,0.04134415666452007,-4.125,25.24,1.0953634711391684,0
Techiman,Bono East,2020-07-12,0.4057792006398802,32.4,27.385714285714283,21.657142857142855,97.0,19.82,25.979237736427045,0.041344156664520015,-10.649999999999999,12.579999999999998,0.9690621296421159,0
Techiman,Bono East,2020-07-19,0.43334197174956024,33.4,26.942857142857143,21.32857142857143,95.85714285714286,18.92,26.147112531104007,0.041344156664520015,-8.425000000000004,14.479999999999997,0.9469620639701888,0
Techiman,Bono East,2020-07-26,0.4609047428592403,62.6,27.728571428571428,21.642857142857142,95.28571428571429,21.09,26.314987325780965,0.04134415666452007,19.800000000000004,41.510000000000005,1.0246859664299135,0
Techiman,Bono East,2020-08-02,0.48846751396892035,11.6,28.3,21.271428571428572,93.85714285714286,24.04,26.482862120457924,0.04134415666452007,-23.4,-12.44,0.622400713039471,0
Techiman,Bono East,2020-08-09,0.5160302850786004,1.2000000000000002,28.457142857142856,19.885714285714283,92.42857142857143,29.36,26.43734322642416,0.04134415666452007,-26.0,-28.16,0.18744579735139677,0
Techiman,Bono East,2020-08-16,0.5081097239305788,33.7,28.014285714285712,21.02857142857143,94.14285714285714,23.24,27.015854187762383,0.01473165747124383,6.425000000000001,10.460000000000004,0.1445268292349005,0
Techiman,Bono East,2020-08-23,0.5001891627825573,11.3,28.5,21.428571428571427,94.42857142857143,24.45,27.345851936240447,-0.003010008657606922,-3.1499999999999986,-13.149999999999999,-0.439043020826713,0
Techiman,Bono East,2020-08-30,0.4922686016345358,13.299999999999999,27.97142857142857,21.214285714285715,94.85714285714286,23.78,27.67584968471851,-0.011880841722032298,-1.575000000000001,-10.480000000000002,-0.4181173547798641,0
Techiman,Bono East,2020-09-06,0.48434804048651425,30.4,28.142857142857142,21.914285714285715,93.85714285714286,23.84,28.005847433196575,-0.011880841722032298,8.224999999999998,6.559999999999999,-0.047434127664254505,0
Techiman,Bono East,2020-09-13,0.4764274793384927,46.1,27.7,21.957142857142856,96.14285714285714,19.5,28.33584518167464,-0.011880841722032298,20.825000000000003,26.6,0.12488232641540957,0
Techiman,Bono East,2020-09-20,0.4685069181904712,21.8,27.87142857142857,21.857142857142858,97.0,21.92,29.229589257503985,-0.011880841722032298,-6.100000000000001,-0.120000000000001,0.263995300186043,0
Techiman,Bono East,2020-09-27,0.46058635704244966,55.8,28.17142857142857,21.657142857142855,97.71428571428571,22.15,30.12333333333333,-0.011880841722032298,17.27499999999999,33.65,0.7351430770469835,0
Techiman,Bono East,2020-10-04,0.4526657958944281,68.0,28.185714285714287,21.47142857142857,98.14285714285714,22.34,30.779883750704077,-0.011880841722032298,20.075000000000003,45.66,1.1525887619611634,0
Techiman,Bono East,2020-10-11,0.4467755832439641,57.4,28.057142857142857,21.62857142857143,98.57142857142857,20.32,26.575501373626366,-0.010358080348864207,6.649999999999999,37.08,1.2644770171504374,0
Techiman,Bono East,2020-10-18,0.4408853705935,44.3,29.17142857142857,21.400000000000002,98.42857142857143,25.46,31.92216068384801,-0.009342906100085424,-12.075000000000003,18.839999999999996,1.466900807073017,0
Techiman,Bono East,2020-10-25,0.434995157943036,16.2,30.714285714285715,22.014285714285712,98.71428571428571,28.64,30.42630327081571,-0.008835318975696116,-30.274999999999995,-12.440000000000001,0.9748273641652274,0
Techiman,Bono East,2020-11-01,0.5130151618600072,1.8000000000000003,31.428571428571427,22.071428571428573,98.42857142857143,30.54,30.48501516606882,0.054097343449880375,-28.124999999999996,-28.74,0.180506163203207,0
Techiman,Bono East,2020-11-08,0.4862760102893796,11.3,31.32857142857143,22.32857142857143,98.0,28.83,32.3640324048331,0.017483085117898922,-7.099999999999998,-17.529999999999998,-0.40252986884700714,0
Techiman,Bono East,2020-11-15,0.4595368587187521,3.5,32.17142857142857,21.74285714285714,97.28571428571429,30.84,32.23203743491243,-0.013918938484041632,-4.699999999999999,-27.34,-0.8955641841753152,0
Techiman,Bono East,2020-11-22,0.40399680774339697,1.6,32.75714285714286,22.24285714285714,97.71428571428571,31.11,32.10004246499176,-0.06170940190948698,-2.9500000000000006,-29.509999999999998,-1.0778096532670045,1
Techiman,Bono East,2020-11-29,0.4180673592209135,9.0,31.342857142857145,22.47142857142857,96.57142857142857,25.98,29.26866536413576,-0.023901899772197033,2.6500000000000004,-16.98,-0.9522556569859109,0
Techiman,Bono East,2020-12-06,0.43213791069843,1.4,32.58571428571428,22.457142857142856,96.85714285714286,28.79,30.420152671756,0.003703176603056857,-2.475,-27.39,-1.0575245688338348,0
Techiman,Bono East,2020-12-13,0.4462084621759465,13.2,32.114285714285714,22.385714285714283,96.85714285714286,25.81,29.29075206798177,0.021105827216274742,6.8999999999999995,-12.61,-0.9002617826756282,0
Techiman,Bono East,2020-12-20,0.460279013653463,30.7,30.842857142857145,21.914285714285715,98.14285714285714,23.240000000000002,29.68855062939224,0.021105827216274797,17.125,7.459999999999997,-0.5055567450470543,0
Techiman,Bono East,2020-12-27,0.4568890876306595,3.6,32.42857142857143,21.585714285714285,92.85714285714286,29.38,30.296256508771197,0.008010469091034755,-8.625,-25.779999999999998,-0.5995087150533147,0
Techiman,Bono East,2021-01-03,0.40781577705559036,0.0,33.67142857142857,20.8,83.57142857142857,33.14,28.337964460846592,-0.034982308073324475,-11.875,-33.14,-0.6608977863642236,0
Techiman,Bono East,2021-01-10,0.3587424664805212,4.1,33.57142857142857,22.514285714285712,97.28571428571429,28.71,30.235233557454364,-0.06218911972453728,-5.499999999999998,-24.61,-0.7890141091000333,0
Techiman,Bono East,2021-01-17,0.3433447252585052,0.8,33.31428571428571,21.82857142857143,97.28571428571429,31.009999999999998,28.65140260856384,-0.048353288847813924,-1.325,-30.209999999999997,-1.191192598888196,0
Techiman,Bono East,2021-01-24,0.3906491916015362,0.3,33.65714285714286,21.271428571428572,75.57142857142857,37.65,29.14751402861347,0.015511151502497933,-0.9999999999999998,-37.35,-1.314718086725973,0
Techiman,Bono East,2021-01-31,0.33366540870324946,0.0,34.4,21.52857142857143,94.28571428571429,34.01,29.6436254486631,-0.022935039307703575,-1.2999999999999998,-34.01,-1.324006520124319,0
Techiman,Bono East,2021-02-07,0.170571765893442,0.30000000000000004,34.94285714285714,22.657142857142855,95.42857142857143,34.43,32.42937642181897,-0.13898600697074123,-0.04999999999999999,-34.13,-1.425645469494728,1
Techiman,Bono East,2021-02-14,0.3443024514939216,0.7,35.285714285714285,23.157142857142855,92.85714285714286,36.01,29.545754511905727,0.03450524707088426,0.37499999999999994,-35.309999999999995,-1.4800949066574471,0
Techiman,Bono East,2021-02-21,0.3576761607621578,26.299999999999997,33.44285714285714,22.428571428571427,81.85714285714286,33.01,28.95188766998649,0.05612221404896511,19.474999999999998,-6.710000000000001,-1.152971229272013,0
Techiman,Bono East,2021-02-28,0.3355528902163304,0.7999999999999999,34.871428571428574,22.099999999999998,88.14285714285714,37.54,29.66644835953724,0.03352707312486747,-6.225,-36.74,-1.1821176926944097,0
Techiman,Bono East,2021-03-07,0.0995733586268479,24.8,35.07142857142857,23.87142857142857,91.85714285714286,34.18,32.60634699964635,-0.18470285664796648,11.650000000000002,-9.379999999999999,-0.9178777770518021,0
Techiman,Bono East,2021-03-14,0.1099790342066696,82.1,31.642857142857142,23.385714285714283,95.57142857142857,25.6,37.13029700217385,-0.11571632674633181,48.599999999999994,56.49999999999999,0.062318855479422404,0
Techiman,Bono East,2021-03-21,0.1203847097864913,48.8,31.800000000000004,22.771428571428572,93.85714285714286,29.9,37.550630023760306,-0.04598778842259349,9.674999999999997,18.9,0.3357404409180964,0
Techiman,Bono East,2021-03-28,0.130790385366313,35.5,31.5,22.32857142857143,95.14285714285714,29.59,37.97096304534677,0.01560851336973254,-12.299999999999997,5.91,0.7910872046416202,0
Techiman,Bono East,2021-04-04,0.1411960609461347,2.8,33.18571428571429,23.142857142857142,95.85714285714286,33.230000000000004,31.48729893410865,0.015608513369732568,-39.5,-30.430000000000003,0.5663498218425539,0
Techiman,Bono East,2021-04-11,0.1516017365259564,8.0,32.4,23.614285714285717,95.28571428571429,30.03,31.322062079773787,0.01560851336973254,-15.774999999999999,-22.03,-0.272064746861041,0
Techiman,Bono East,2021-04-18,0.25798747857546156,32.6,33.114285714285714,23.385714285714283,95.28571428571429,33.53,32.574174183143214,0.08759356322199513,12.875,-0.9299999999999997,-0.4837769701819666,0
Techiman,Bono East,2021-04-25,0.3643732206249667,19.0,32.142857142857146,23.542857142857144,95.0,31.07,30.432703320074097,0.13558359645683687,3.3999999999999986,-12.07,-0.6757379270811216,0
Techiman,Bono East,2021-05-02,0.47075896267447176,20.4,32.385714285714286,23.442857142857143,96.42857142857143,32.94,31.60853414504038,0.15957861307425764,0.3999999999999986,-12.54,-0.48473784260248515,0
Techiman,Bono East,2021-05-09,0.39333408257955854,23.2,30.314285714285713,23.17142857142857,94.85714285714286,26.24,30.189312658729197,0.021720646465943905,-0.6000000000000014,-3.039999999999999,-0.2819937618730662,0
Techiman,Bono East,2021-05-16,0.3159092024846453,32.1,31.785714285714285,22.985714285714288,94.85714285714286,30.11,30.815783180539057,-0.07018466460626521,8.425,1.990000000000002,-0.2508187900073524,0
Techiman,Bono East,2021-05-23,0.4010343482178388,26.0,31.385714285714283,22.942857142857143,96.57142857142857,28.73,31.44225370234892,0.0057751992287101706,0.5749999999999993,-2.7300000000000004,-0.15110158547798053,0
Techiman,Bono East,2021-05-30,0.4861594939510323,48.2,31.7,23.25714285714286,96.28571428571429,29.39,28.79292407904109,0.08705021214276354,15.825000000000003,18.810000000000002,0.1836023076693225,0
Techiman,Bono East,2021-06-06,0.374534722633066,15.0,30.25714285714286,22.87142857142857,96.85714285714286,26.42,26.562642607683472,-0.019874719188579637,-15.325000000000003,-11.420000000000002,0.09413440895881532,0
Techiman,Bono East,2021-06-13,0.3771307534828384,30.3,30.457142857142856,22.785714285714285,97.14285714285714,26.53,29.52507623387657,-0.03258407608835545,0.4250000000000007,3.7699999999999996,0.11313833016462707,0
Techiman,Bono East,2021-06-20,0.37972678433261087,21.0,29.485714285714288,22.542857142857144,96.14285714285714,25.259999999999998,26.716156682027645,-0.024661154267275998,-7.625,-4.259999999999998,0.09680349901581135,0
Techiman,Bono East,2021-06-27,0.38232281518238337,88.0,27.814285714285713,21.38571428571429,98.0,20.11,26.15962309184033,0.0038940462746587245,49.425,67.89,0.6207992590052732,0
Techiman,Bono East,2021-07-04,0.3849188460321558,42.1,28.47142857142857,21.614285714285717,97.0,23.74,27.856802721088517,0.003894046274658669,-3.25,18.360000000000003,0.9387412665946411,0
Techiman,Bono East,2021-07-11,0.38751487688192826,21.1,29.014285714285712,21.785714285714285,96.14285714285714,25.77,26.853232779861145,0.0038940462746587245,-21.949999999999996,-4.669999999999998,0.8486327862704549,0
Techiman,Bono East,2021-07-18,0.3901109077317007,137.4,27.428571428571427,21.685714285714287,96.71428571428571,20.46,25.849662838633776,0.003894046274658669,65.25,116.94,2.1426076459021335,0
Techiman,Bono East,2021-07-25,0.39270693858147315,8.1,28.014285714285712,21.357142857142858,94.0,24.26,28.36853431577356,0.003894046274658669,-44.074999999999996,-16.160000000000004,1.2452595687400656,0
Techiman,Bono East,2021-08-01,0.3953029694312456,26.900000000000002,27.814285714285713,21.685714285714287,94.14285714285714,22.91,26.58333826325804,0.003894046274658669,-21.474999999999998,3.990000000000002,1.0918402722639335,0
Techiman,Bono East,2021-08-08,0.3978990002810181,32.1,28.32857142857143,21.714285714285715,95.71428571428571,22.5,25.505082664920565,0.0038940462746587245,-19.025,9.600000000000001,1.2441919327172672,0
Techiman,Bono East,2021-08-15,0.40049503113079055,36.9,27.085714285714285,21.342857142857145,95.42857142857143,20.51,26.524188148772375,0.0038940462746587245,10.899999999999999,16.389999999999997,0.1706839117934615,0
Techiman,Bono East,2021-08-22,0.403091061980563,49.3,27.214285714285715,21.385714285714283,94.85714285714286,19.62,27.54329363262418,0.003894046274658669,13.0,29.679999999999996,0.6600882646442549,0
Techiman,Bono East,2021-08-29,0.40568709283033544,130.2,28.228571428571428,21.771428571428572,98.14285714285714,19.35,28.56239911647599,0.0038940462746587245,68.07499999999999,110.85,1.8009641186066407,0
Techiman,Bono East,2021-09-05,0.4082831236801079,62.4,27.2,21.599999999999998,97.57142857142857,19.17,29.581504600327797,0.0038940462746587245,-7.29999999999999,43.23,2.1600101130737475,0
Techiman,Bono East,2021-09-12,0.41087915452988033,49.5,28.885714285714283,21.657142857142855,97.85714285714286,22.5,30.600610084179607,0.003894046274658669,-23.349999999999994,27.0,2.2732862950926593,0
Techiman,Bono East,2021-09-19,0.41347518537965283,62.5,28.67142857142857,21.785714285714285,97.42857142857143,23.48,29.58548167434401,0.0038940462746587245,-13.649999999999991,39.019999999999996,2.3730034996220315,0
Techiman,Bono East,2021-09-26,0.4160712162294253,72.0,27.928571428571427,21.771428571428572,98.14285714285714,19.85,30.765172459275902,0.0038940462746587245,10.400000000000006,52.15,1.7463011542393623,0
Techiman,Bono East,2021-10-03,0.4186672470791977,42.5,29.185714285714287,21.771428571428572,98.0,24.83,29.478255967198663,0.003894046274658669,-14.124999999999993,17.67,1.4734133868120873,0
Techiman,Bono East,2021-10-10,0.42126327792897017,33.5,29.914285714285715,21.942857142857143,98.42857142857143,26.85,29.002709447415384,0.003894046274658669,-19.124999999999993,6.649999999999999,1.2561494561726099,0
Techiman,Bono East,2021-10-17,0.4238593087787426,11.9,30.842857142857145,22.37142857142857,98.28571428571429,29.69,28.609575386829874,0.003894046274658669,-28.074999999999996,-17.79,0.6496254316208304,0
Techiman,Bono East,2021-10-24,0.4264553396285151,59.3,28.942857142857143,21.842857142857145,97.85714285714286,21.66,30.43536912751682,0.0038940462746587245,22.500000000000007,37.64,0.4947114447127806,0
Techiman,Bono East,2021-10-31,0.42905137047828756,42.1,30.442857142857143,21.657142857142855,98.42857142857143,26.810000000000002,30.012570345863878,0.003894046274658669,5.400000000000013,15.29,0.4693017073701783,0
Techiman,Bono East,2021-11-07,0.43164740132806,15.999999999999998,31.057142857142857,21.657142857142855,97.42857142857143,29.73,29.58977156421093,0.003894046274658669,-16.32499999999999,-13.730000000000002,0.25171748592386134,0
Techiman,Bono East,2021-11-14,0.5542782151571173,29.5,30.25714285714286,22.014285714285712,98.28571428571429,26.94,30.39401648046129,0.09392013350912226,-7.224999999999994,2.5599999999999987,0.46898141656333875,0
Techiman,Bono East,2021-11-21,0.517904785984026,2.8,32.1,21.74285714285714,95.57142857142857,30.689999999999998,31.037394469440528,0.03468434274715326,-19.799999999999994,-27.889999999999997,-0.2306404691764624,0
Techiman,Bono East,2021-11-28,0.4815313568109347,0.2,32.528571428571425,21.8,98.14285714285714,30.049999999999997,30.07074060967625,-0.014809083009099833,-11.924999999999994,-29.849999999999998,-0.7125713698676668,0
Techiman,Bono East,2021-12-05,0.4547658785145925,0.30000000000000004,32.542857142857144,22.057142857142857,97.14285714285714,30.46,29.53841337647248,-0.04735418060207508,-7.899999999999992,-30.16,-0.8879839684134464,0
Techiman,Bono East,2021-12-12,0.4361019396682506,0.0,33.25714285714286,21.442857142857143,94.42857142857143,32.16,29.931296698852577,-0.036474050576200345,-0.8249999999999929,-32.16,-1.258667195529056,0
Techiman,Bono East,2021-12-19,0.41652940591088083,0.0,32.957142857142856,21.357142857142858,75.0,34.76,30.17663262726876,-0.030702739315283833,-0.12499999999999291,-34.76,-1.3320137902953069,0
Techiman,Bono East,2021-12-26,0.396956872153511,0.0,33.42857142857143,21.5,66.14285714285714,40.28,30.714491873515243,-0.02913165190829775,-0.0749999999999929,-40.28,-1.4433682274731814,0
Techiman,Bono East,2022-01-02,0.24998844218329475,0.0,33.65714285714286,21.385714285714283,82.57142857142857,36.84,31.252351119761727,-0.12490572279568957,0.0,-36.84,-1.5146863137961155,1
Techiman,Bono East,2022-01-09,0.3570184736294027,0.0,33.55714285714286,21.928571428571427,55.285714285714285,41.02,31.091952631313006,0.0018951751601303801,0.0,-41.02,-1.6092788654160552,0
Techiman,Bono East,2022-01-16,0.3512982607617155,0.0,34.5,21.442857142857143,52.714285714285715,44.0,31.250103761185187,0.012482748579734526,0.0,-44.0,-1.7079284339226288,0
Techiman,Bono East,2022-01-23,0.3103843546274437,0.0,33.371428571428574,21.071428571428573,23.857142857142858,50.3,31.408254891057368,-0.006788028173020488,0.0,-50.3,-1.8149055634070297,0
Techiman,Bono East,2022-01-30,0.33946659037483,0.0,34.31428571428571,21.214285714285715,48.285714285714285,48.05,31.279651938729387,-7.532947351795993e-05,0.0,-48.05,-1.9345875615627321,0
Techiman,Bono East,2022-02-06,0.2893273733167187,0.0,34.957142857142856,20.814285714285713,51.142857142857146,46.4,30.746990293716465,-0.033291771453458296,0.0,-46.4,-1.9920263795892865,0
Techiman,Bono East,2022-02-13,0.3198623413852454,5.8999999999999995,35.51428571428571,22.342857142857145,94.28571428571429,40.36,31.96126485010888,0.005102176459185925,4.425000000000007,-34.46,-1.8901739030143179,0
Techiman,Bono East,2022-02-20,0.33114060065468454,8.299999999999999,35.41428571428572,23.385714285714283,90.28571428571429,36.13,31.265169859966875,0.011191374221814876,4.750000000000006,-27.830000000000005,-1.6502760886915144,0
Techiman,Bono East,2022-02-27,0.34241885992412374,7.1000000000000005,34.91428571428572,23.614285714285717,91.85714285714286,34.21,27.36101958393658,0.021731566103930622,1.7750000000000083,-27.11,-1.426713105517526,0
Techiman,Bono East,2022-03-06,0.35369711919356295,40.4,33.271428571428565,23.47142857142857,88.71428571428571,29.78,29.86030711288646,0.016917388904158837,24.97500000000001,10.619999999999997,-0.8179470453178703,0
Techiman,Bono East,2022-03-13,0.3649753784630021,27.7,33.24285714285714,23.314285714285713,94.57142857142857,31.78,30.488924725747182,0.016917388904158726,6.825000000000006,-4.080000000000002,-0.49359922159171193,0
Techiman,Bono East,2022-03-20,0.38179763118406773,63.1,32.471428571428575,23.2,94.0,28.71,31.117542338607905,0.021075383992878616,28.525000000000013,34.39,0.1706839117934617,0
Techiman,Bono East,2022-03-27,0.39861988390513337,20.7,32.77142857142857,22.97142857142857,94.14285714285714,30.11,30.870272155917945,0.023847380718691802,-17.274999999999995,-9.41,0.3596554878287811,0
Techiman,Bono East,2022-04-03,0.415442136626199,16.0,32.214285714285715,23.385714285714283,95.57142857142857,29.650000000000002,30.623001973227986,0.025233379081598506,-15.874999999999993,-13.650000000000002,0.10054022509560585,0
Techiman,Bono East,2022-04-10,0.43226438934726463,19.599999999999998,32.81428571428571,23.228571428571428,95.0,31.490000000000002,29.41936627031532,0.025233379081598506,-10.249999999999993,-11.890000000000004,0.017157851715049653,0
Techiman,Bono East,2022-04-17,0.44908664206833027,73.1,30.74285714285714,22.74285714285714,94.71428571428571,24.96,29.489342012169345,0.02523337908159845,40.75,48.13999999999999,0.16395780484983158,0
Techiman,Bono East,2022-04-24,0.46590889478939584,71.8,31.12857142857143,22.785714285714285,96.71428571428571,29.04,24.38912738823757,0.025233379081598395,26.67500000000001,42.76,0.7209435179437644,0
Techiman,Bono East,2022-05-01,0.4827311475104615,24.5,30.87142857142857,22.37142857142857,95.0,28.87,26.629364368545964,0.02523337908159845,-22.749999999999986,-4.370000000000001,0.8200201408594574,0
Techiman,Bono East,2022-05-08,0.4853586168218163,17.2,30.47142857142857,22.657142857142855,97.0,26.03,27.661546172840456,0.014587291524315371,-29.449999999999992,-8.830000000000002,0.8526898031570889,0
Techiman,Bono East,2022-05-15,0.48798608613317107,44.0,31.357142857142858,22.914285714285715,97.14285714285714,26.61,28.693727977134948,0.007489899819459911,4.625000000000007,17.39,0.5243917261465766,0
Techiman,Bono East,2022-05-22,0.4906135554445259,72.5,30.442857142857143,22.514285714285712,96.28571428571429,24.83,29.72590978142944,0.003941203967032236,32.95,47.67,0.5768126548659788,0
Techiman,Bono East,2022-05-29,0.4932410247558807,60.6,30.057142857142857,21.814285714285713,97.14285714285714,27.810000000000002,23.082410864197698,0.003941203967032236,12.025000000000006,32.79,0.9735462009378696,0
Techiman,Bono East,2022-06-05,0.4958684940672355,24.5,30.442857142857143,22.0,97.0,27.38,30.848966937971056,0.003941203967032181,-25.9,-2.879999999999999,1.0370705442943753,0
Techiman,Bono East,2022-06-12,0.4984959633785903,42.8,29.542857142857144,21.87142857142857,96.28571428571429,25.34,28.34925623502278,0.003941203967032181,-7.29999999999999,17.459999999999997,1.0378178895103343,0
Techiman,Bono East,2022-06-19,0.5011234326899451,76.6,27.771428571428572,21.52857142857143,95.85714285714286,20.75,25.82019847188306,0.003941203967032181,25.47500000000001,55.849999999999994,1.1251505161752444,0
Techiman,Bono East,2022-06-26,0.5037509020012999,55.5,28.7,21.37142857142857,97.71428571428571,23.34,23.29114070874334,0.003941203967032236,5.650000000000006,32.16,1.1184244092316145,0
Techiman,Bono East,2022-07-03,0.5063783713126547,34.4,28.271428571428572,21.428571428571427,97.28571428571429,21.38,24.315082655994786,0.003941203967032236,-17.92499999999999,13.02,1.2881785368565621,0
Techiman,Bono East,2022-07-10,0.5090058406240096,42.4,28.228571428571428,21.442857142857143,97.28571428571429,22.44,25.33902460324623,0.003941203967032236,-9.824999999999989,19.959999999999997,1.3148694374265228,0
Techiman,Bono East,2022-07-17,0.5116333099353643,16.3,28.157142857142855,21.442857142857143,95.42857142857143,21.81,27.009279105628423,0.003941203967032125,-20.84999999999999,-5.509999999999998,0.6597679738374156,0
Techiman,Bono East,2022-07-24,0.5142607792467191,7.3999999999999995,27.614285714285717,20.057142857142857,93.71428571428571,24.46,25.94284474445527,0.003941203967032236,-17.72499999999999,-17.060000000000002,0.1342775234160358,0
Techiman,Bono East,2022-07-31,0.5168882485580739,13.3,28.771428571428572,20.82857142857143,94.28571428571429,25.57,25.62949455205808,0.003941203967032236,-6.54999999999999,-12.27,-0.13572762674968325,0
Techiman,Bono East,2022-08-07,0.5195157178694287,7.1000000000000005,28.228571428571428,19.985714285714288,95.14285714285714,25.98,26.769730784820013,0.003941203967032236,-3.924999999999989,-18.88,-0.5503974580045874,0
Techiman,Bono East,2022-08-14,0.5221431871807836,13.9,28.585714285714285,21.228571428571428,94.42857142857143,24.740000000000002,31.179843044991628,0.003941203967032236,3.4750000000000103,-10.840000000000002,-0.607302458019743,0
Techiman,Bono East,2022-08-21,0.5247706564921384,19.9,28.485714285714288,20.585714285714285,94.28571428571429,25.42,27.543263196413875,0.003941203967032236,6.3500000000000085,-5.520000000000003,-0.48409726098880596,0
Techiman,Bono East,2022-08-28,0.5273981258034931,100.0,27.571428571428573,21.385714285714283,94.57142857142857,22.48,25.89670659820692,0.003941203967032125,64.775,77.52,0.47453312388189056,0
Techiman,Bono East,2022-09-04,0.5300255951148479,33.0,27.885714285714283,21.314285714285713,96.0,22.07,24.25014999999996,0.003941203967032236,-8.699999999999989,10.93,0.792795422278098,0
Techiman,Bono East,2022-09-11,0.5326530644262027,13.5,28.142857142857142,21.414285714285715,96.0,22.03,28.730724928117127,0.003941203967032236,-28.099999999999994,-8.530000000000001,0.8174578144047413,0
Techiman,Bono East,2022-09-18,0.5352805337375576,45.6,27.97142857142857,21.428571428571427,96.85714285714286,22.37,29.033875422773463,0.003941203967032236,-2.42499999999999,23.23,1.1244031709592854,0
Techiman,Bono East,2022-09-25,0.5379080030489124,28.6,28.2,21.3,97.71428571428571,21.25,28.59198423115011,0.003941203967032236,-1.5749999999999886,7.350000000000001,0.3752429737616382,0
Techiman,Bono East,2022-10-02,0.5405354723602671,78.0,26.985714285714288,21.142857142857142,97.71428571428571,18.689999999999998,28.150093039526762,0.003941203967032125,36.57500000000001,59.31,0.891765281591511,0
Techiman,Bono East,2022-10-09,0.5431629416716219,41.9,28.814285714285713,21.17142857142857,98.28571428571429,24.6,27.70820184790341,0.003941203967032125,-6.624999999999993,17.299999999999997,1.1675356662803418,0
Techiman,Bono East,2022-10-16,0.5457904109829768,46.3,28.900000000000002,20.842857142857145,98.0,23.74,28.170936698629305,0.003941203967032125,-2.3999999999999915,22.56,1.1603825049275922,0
Techiman,Bono East,2022-10-23,0.5158455597989954,36.7,30.47142857142857,21.314285714285713,98.0,28.7,28.6336715493552,-0.020488036404469945,-14.024999999999984,8.000000000000004,1.167322139075782,0
Techiman,Bono East,2022-10-30,0.4914197251980358,8.2,31.37142857142857,21.37142857142857,97.28571428571429,31.58,29.096406400081094,-0.032634934214871625,-25.074999999999992,-23.38,0.284493911823773,0
Techiman,Bono East,2022-11-06,0.4669938905970762,8.2,31.3,21.685714285714287,97.57142857142857,29.15,31.25183155553344,-0.03801850604719481,-16.649999999999988,-20.95,-0.12387686689662064,0
Techiman,Bono East,2022-11-13,0.4963640902549678,14.6,30.74285714285714,21.599999999999998,97.14285714285714,27.830000000000002,29.63107021889715,0.0037082737926990017,-2.3249999999999904,-13.230000000000002,-0.5059837994561732,0
Techiman,Bono East,2022-11-20,0.5145206643230846,1.2999999999999998,31.814285714285713,20.52857142857143,97.57142857142857,31.91,29.47391183458888,0.022196071729793543,-6.774999999999989,-30.61,-0.9181980678586413,0
Techiman,Bono East,2022-11-27,0.49270000090082944,0.3,32.48571428571429,21.042857142857144,96.85714285714286,32.76,28.899806632627417,5.533938183988063e-05,-5.799999999999989,-32.46,-1.0151394187287375,0
Techiman,Bono East,2022-12-04,0.4708793374785743,19.7,31.071428571428573,21.528571428571432,95.42857142857143,25.64,30.01000328598161,-0.0227366857607898,10.72500000000001,-5.940000000000001,-0.8548872517066953,0
Techiman,Bono East,2022-12-11,0.4490586740563191,0.2,32.6,21.614285714285717,92.42857142857143,32.4,29.622763257671693,-0.03273099513338279,-5.174999999999988,-32.199999999999996,-1.0574178052315546,0
Techiman,Bono East,2022-12-18,0.42723801063406397,0.1,32.857142857142854,20.657142857142855,92.85714285714286,30.71,29.81778196248945,-0.032730995133382734,-4.97499999999999,-30.61,-1.0574178052315546,0
Techiman,Bono East,2022-12-25,0.4054173472118088,0.0,31.771428571428572,20.042857142857144,52.714285714285715,39.97,30.012800667307204,-0.03273099513338279,-4.999999999999989,-39.97,-1.1375972705437154,0
Techiman,Bono East,2023-01-01,0.39272943732272725,0.0,32.785714285714285,20.542857142857144,46.0,42.95,29.970105277792015,-0.025881429983502513,-0.07499999999998935,-42.95,-1.5327293625814087,0
Techiman,Bono East,2023-01-08,0.3864973789813636,0.0,33.41428571428572,20.928571428571427,43.857142857142854,43.06,30.20341874778842,-0.01647316455612724,-0.024999999999989343,-43.06,-1.6486746346573167,0
Techiman,Bono East,2023-01-15,0.38026532064,0.0,33.65714285714286,20.400000000000002,61.714285714285715,42.67,30.436732217784822,-0.01096205039897491,0.0,-42.67,-1.7774315390068056,0
Techiman,Bono East,2023-01-22,0.33588375669791404,0.0,34.4,20.857142857142858,75.85714285714286,40.17,30.42442166725669,-0.0379602167125872,0.0,-40.17,-1.7795668110524023,0
Techiman,Bono East,2023-01-29,0.2915021927558281,1.8,34.01428571428571,22.442857142857143,95.57142857142857,31.58,33.19929098630024,-0.05703496951294834,1.3500000000000107,-29.779999999999998,-1.6389591468498508,1
Techiman,Bono East,2023-02-05,0.3292617173757489,0.0,35.75714285714286,22.028571428571432,85.0,40.49,30.882963955310856,-0.00496652949162385,-0.44999999999998935,-40.49,-1.6115209010639318,0
Techiman,Bono East,2023-02-12,0.3342226625179701,3.6999999999999997,34.48571428571429,22.87142857142857,94.14285714285714,33.43,29.195937768565894,0.011505080181104854,2.3250000000000104,-29.73,-1.4733687997138167,0
Techiman,Bono East,2023-02-19,0.2675622459645826,0.0,34.785714285714285,22.157142857142855,62.714285714285715,45.01,29.75683332490803,-0.03807495868894978,-1.3749999999999893,-45.01,-1.52504238321726,0
Techiman,Bono East,2023-02-26,0.2009018294111951,0.7,36.214285714285715,23.428571428571427,80.42857142857143,40.24,29.154956517793774,-0.08208528440617907,-0.39999999999998925,-39.54,-1.6292436590423853,1
Techiman,Bono East,2023-03-05,0.3460669111644974,37.5,34.642857142857146,23.25714285714286,89.42857142857143,31.7,29.888688637543197,0.05887849889993607,27.025000000000013,5.800000000000001,-1.1350349440889993,0
Techiman,Bono East,2023-03-12,0.3635678380759308,50.5,34.128571428571426,23.4,93.14285714285714,31.51,30.622420757292616,0.06904313192187933,28.32500000000001,18.99,-0.6148826737816115,0
Techiman,Bono East,2023-03-19,0.38106876498736414,0.6,33.1,22.728571428571428,93.0,33.8,30.459489156261213,0.058167429077617294,-21.724999999999987,-33.199999999999996,-0.4887948594891188,0
Techiman,Bono East,2023-03-26,0.39856969189879754,65.39999999999999,31.542857142857144,22.24285714285714,95.85714285714286,27.68,29.56291440059812,0.026251390367150074,26.900000000000006,37.71999999999999,0.3360607317249363,0
Techiman,Bono East,2023-04-02,0.41607061881023094,29.099999999999998,31.714285714285715,22.614285714285717,94.71428571428571,27.72,28.166284313229998,0.026251390367150074,-7.2999999999999865,1.379999999999999,0.2888712195172463,0
Techiman,Bono East,2023-04-09,0.43357154572166434,21.2,31.771428571428572,22.785714285714285,94.71428571428571,29.810000000000002,31.573538496537424,0.026251390367150074,-7.874999999999986,-8.610000000000003,-0.005796322775116171,0
Techiman,Bono East,2023-04-16,0.4510724726330977,27.1,32.55714285714286,22.914285714285715,93.14285714285714,31.32,30.179399383788564,0.026251390367150074,-8.599999999999987,-4.219999999999999,0.3036045966318644,0
Techiman,Bono East,2023-04-23,0.4453001937022346,36.8,31.82857142857143,23.185714285714287,94.57142857142857,29.75,29.438468284534395,0.008796485985427704,8.250000000000007,7.049999999999997,-0.023839371560409356,0
Techiman,Bono East,2023-04-30,0.43952791477137154,16.8,30.542857142857144,22.62857142857143,96.0,25.75,30.017178791138036,-0.0028401169357205047,-8.67499999999999,-8.95,-0.13412617271548558,0
Techiman,Bono East,2023-05-07,0.43375563584050847,19.200000000000003,31.914285714285715,22.599999999999998,95.85714285714286,31.61,30.59588929774168,-0.008658418396294554,-5.774999999999988,-12.409999999999997,-0.17469634158182526,0
Techiman,Bono East,2023-05-14,0.4279833569096454,44.8,32.2,23.342857142857145,95.28571428571429,29.36,29.5501986049465,-0.008658418396294665,15.40000000000001,15.439999999999998,0.035200900500343024,0
Techiman,Bono East,2023-05-21,0.4307396532366175,31.599999999999998,30.24285714285714,22.842857142857145,96.85714285714286,26.689999999999998,28.968563440642413,-0.002261986952918238,3.5000000000000107,4.91,0.012353489612456985,0
Techiman,Bono East,2023-05-28,0.43349594956358967,12.6,31.099999999999998,22.842857142857145,97.42857142857143,27.27,25.94510311714822,0.0020023006759994355,-14.44999999999999,-14.67,-0.04871529089161235,0
Techiman,Bono East,2023-06-04,0.4362522458905618,49.2,30.7,22.614285714285717,96.85714285714286,26.25,24.15239164237124,0.004134444490458189,14.650000000000013,22.950000000000003,0.32880080676990714,0
Techiman,Bono East,2023-06-11,0.4390085422175339,77.5,29.52857142857143,22.071428571428573,97.85714285714286,22.61,26.513909735318972,0.004134444490458189,34.775000000000006,54.89,0.7499832177638815,0
Techiman,Bono East,2023-06-18,0.441764838544506,28.7,28.942857142857143,21.5,95.0,25.78,26.73821384814357,0.004134444490458189,-13.299999999999994,2.919999999999998,0.7287372609101932,0
Techiman,Bono East,2023-06-25,0.44452113487147815,60.5,27.728571428571428,21.785714285714285,97.28571428571429,19.36,26.96251796096817,0.0041344444904582445,6.525000000000006,41.14,1.3245849252339885,0
Techiman,Bono East,2023-07-02,0.44727743119845026,24.5,27.942857142857143,21.32857142857143,96.85714285714286,22.29,27.18682207379277,0.0041344444904581334,-23.29999999999999,2.210000000000001,1.1031572141055972,0
Techiman,Bono East,2023-07-09,0.45003372752542237,68.3,28.785714285714285,21.814285714285713,97.14285714285714,21.89,27.411126186617366,0.004134444490458189,22.80000000000001,46.41,1.0126216793722915,0
Techiman,Bono East,2023-07-16,0.45279002385239453,37.7,28.02857142857143,21.685714285714287,97.57142857142857,21.43,26.55000000000001,0.004134444490458189,-10.04999999999999,16.270000000000003,1.1551510884158798,0
Techiman,Bono East,2023-07-23,0.45554632017936664,41.3,28.214285714285715,21.857142857142858,96.85714285714286,20.75,27.063597560975623,0.004134444490458189,-1.6499999999999915,20.549999999999997,0.9353248313216862,0
Techiman,Bono East,2023-07-30,0.45830261650633874,30.0,28.914285714285715,22.099999999999998,96.57142857142857,22.66,27.577195121951235,0.0041344444904581334,-14.324999999999989,7.34,0.9900945592912448,0
Techiman,Bono East,2023-08-06,0.4610589128333109,43.9,28.357142857142858,22.014285714285712,95.85714285714286,20.3,28.090792682926846,0.004134444490458189,5.675000000000011,23.599999999999998,0.7465667824909266,0
Techiman,Bono East,2023-08-13,0.463815209160283,27.4,28.071428571428573,21.714285714285715,95.28571428571429,22.53,28.604390243902458,0.004134444490458189,-8.249999999999993,4.869999999999997,0.6248562758919073,0
Techiman,Bono East,2023-08-20,0.4665715054872551,75.5,27.87142857142857,21.571428571428573,96.57142857142857,20.97,29.11798780487807,0.004134444490458189,31.30000000000001,54.53,0.9876389964388086,0
Techiman,Bono East,2023-08-27,0.46932780181422723,18.2,29.3,22.47142857142857,96.28571428571429,23.669999999999998,29.63158536585368,0.004134444490458189,-23.049999999999986,-5.469999999999999,0.8508748219183316,0
Techiman,Bono East,2023-09-03,0.4720840981411994,59.6,28.714285714285715,21.914285714285715,97.28571428571429,21.26,30.145182926829293,0.0041344444904582445,14.425000000000018,38.34,1.008244371678818,0
Techiman,Bono East,2023-09-10,0.4748403944681715,35.9,28.8,21.457142857142856,98.14285714285714,24.62,30.658780487804904,0.004134444490458189,-11.399999999999991,11.279999999999998,1.0766798407401965,0
Techiman,Bono East,2023-09-17,0.4775966907951436,49.2,28.900000000000002,21.857142857142858,97.71428571428571,21.990000000000002,30.141099397024817,0.004134444490458189,8.475000000000016,27.21,0.7850016793116696,0
Techiman,Bono East,2023-09-24,0.4803529871221157,44.099999999999994,29.228571428571428,21.74285714285714,97.85714285714286,23.57,29.62341830624473,0.0041344444904581334,-3.0999999999999943,20.529999999999994,1.0625870452392572,0
Techiman,Bono East,2023-10-01,0.4831092834490879,32.1,30.17142857142857,21.814285714285713,97.85714285714286,25.619999999999997,29.97957085382211,0.0041344444904582445,-8.224999999999987,6.480000000000004,0.7224382083756824,0
Techiman,Bono East,2023-10-08,0.48586557977606,65.8,28.714285714285715,22.32857142857143,98.14285714285714,20.58,27.54243419106785,0.004134444490458189,18.000000000000007,45.22,1.0847938745134642,0
Techiman,Bono East,2023-10-15,0.4886218761030321,59.4,29.442857142857143,21.842857142857145,97.42857142857143,23.73,28.83275190166117,0.004134444490458189,9.050000000000011,35.67,1.1751158820422103,0
Techiman,Bono East,2023-10-22,0.49137817243000426,38.9,30.585714285714285,21.942857142857143,97.14285714285714,28.27,30.123069612254483,0.004134444490458189,-10.149999999999984,10.629999999999999,1.0694199157851672,0
Techiman,Bono East,2023-10-29,0.49413446875697636,18.8,30.885714285714283,22.114285714285717,96.85714285714286,29.650000000000002,29.892932612102754,0.004134444490458189,-26.924999999999986,-10.850000000000001,0.8843985930342019,0
Techiman,Bono East,2023-11-05,0.5015470784686868,27.7,31.67142857142857,22.228571428571428,95.85714285714286,30.61,29.103315555331108,0.0076266795290119704,-8.49999999999999,-2.91,0.3705453752613249,0
Techiman,Bono East,2023-11-12,0.5089596881803974,33.7,31.22857142857143,22.2,97.28571428571429,26.66,29.50186289874142,0.009954836221381158,3.925000000000015,7.040000000000003,0.0648811819341388,0
Techiman,Bono East,2023-11-19,0.5173640942478338,3.6,32.614285714285714,22.414285714285715,96.85714285714286,29.6,29.209111393477485,0.011862761834360191,-17.349999999999987,-26.0,-0.32619389321692044,0
Techiman,Bono East,2023-11-26,0.4522204364839812,27.4,31.114285714285717,22.24285714285714,96.57142857142857,26.45,28.95548834740424,-0.04280238786124363,4.300000000000008,0.9499999999999993,-0.2002128425267075,0
Techiman,Bono East,2023-12-03,0.4985348891379529,16.5,32.0,21.857142857142858,95.85714285714286,28.67,28.100129164349823,0.004265112125411585,-3.79999999999999,-12.170000000000002,-0.29907593823784073,0
Techiman,Bono East,2023-12-10,0.4753677515935222,3.7,32.92857142857143,21.214285714285715,92.28571428571429,31.08,28.71593283959379,-0.010504041272300368,-9.09999999999999,-27.38,-0.666556257285055,0
Techiman,Bono East,2023-12-17,0.4522006140490914,0.0,32.5,21.24285714285714,56.285714285714285,38.629999999999995,29.33173651483776,-0.01738030876704555,-11.89999999999999,-38.629999999999995,-0.8013986869644948,0
Techiman,Bono East,2023-12-24,0.4396908761577551,0.0,33.114285714285714,21.385714285714283,46.42857142857143,42.53,28.65221070724442,-0.026757656576825273,-5.049999999999989,-42.53,-1.2656068296772456,0
Techiman,Bono East,2023-12-31,0.4396908761577551,0.0,33.785714285714285,20.614285714285717,63.857142857142854,37.739999999999995,29.13250164299097,-0.012046653331775847,-0.9249999999999894,-37.739999999999995,-1.5386013607068,0
Wa,Upper West,2019-01-06,0.1921811608922482,0.0,33.46666666666667,20.783333333333335,27.5,41.83,35.555621501409064,0.0,0.0,-41.83,0.28480339592537285,0
Wa,Upper West,2019-01-13,0.1921811608922482,0.0,34.885714285714286,20.75714285714286,29.428571428571427,47.53,39.61737310302135,0.0,0.0,-47.53,-0.12535122544477784,0
Wa,Upper West,2019-01-20,0.2038512145446429,5.7,34.82857142857143,21.2,41.42857142857143,43.17,41.45293837425282,0.0077800357682631105,3.8,-37.47,-0.44869424380664497,0
Wa,Upper West,2019-01-27,0.20109837338688108,0.0,34.77142857142857,19.0,29.428571428571427,44.3,41.515754937515055,0.0037703959578759827,-1.425,-44.3,-0.830975954866979,0
Wa,Upper West,2019-02-03,0.1983455322291193,0.0,36.18571428571429,21.442857142857143,35.57142857142857,45.64,39.32109794159646,-0.0005235380341035711,-1.425,-45.64,-0.8638539078949671,0
Wa,Upper West,2019-02-10,0.1835230771949134,0.0,36.24285714285714,23.728571428571428,31.571428571428573,51.89,39.330609560393896,-0.013181472143975775,-1.425,-51.89,-0.9014780221212213,0
Wa,Upper West,2019-02-17,0.1972994799922205,0.0,36.528571428571425,22.214285714285715,16.428571428571427,59.07,39.325350459318514,0.002232864291436931,0.0,-59.07,-1.0878727164531223,0
Wa,Upper West,2019-02-24,0.19495310519248998,0.0,37.199999999999996,24.314285714285713,38.714285714285715,45.9,39.32009135824313,0.001422806540304189,0.0,-45.9,-1.101679730848078,0
Wa,Upper West,2019-03-03,0.1624267357279689,0.0,35.81428571428571,22.114285714285717,17.142857142857142,53.11,41.34915212474283,-0.022123863798929277,0.0,-53.11,-1.1661412293045268,0
Wa,Upper West,2019-03-10,0.1803553864453699,0.0,37.31428571428571,24.057142857142857,42.57142857142857,47.08,43.3762495103552,-0.003403290394142444,0.0,-47.08,-1.1246338922796912,0
Wa,Upper West,2019-03-17,0.141909744181753,0.5,38.67142857142857,25.457142857142856,43.285714285714285,50.12,40.224917297413526,-0.02800149870514243,0.375,-49.62,-1.0430862135094847,0
Wa,Upper West,2019-03-24,0.1699168103927967,9.2,38.41428571428571,26.400000000000002,70.28571428571429,44.39,43.75771174768448,0.006264641205824595,6.7749999999999995,-35.19,-0.9506655109032506,0
Wa,Upper West,2019-03-31,0.1668203871865157,27.7,35.91428571428571,25.47142857142857,81.85714285714286,40.07,41.37666776178634,0.0020698051349068713,18.35,-12.370000000000001,-0.5991044068716929,0
Wa,Upper West,2019-04-07,0.1735516921875519,4.5,36.84285714285714,26.014285714285712,81.0,39.46,46.30912205107467,0.010502033700397567,-5.975,-34.96,-0.49451627282990385,0
Wa,Upper West,2019-04-14,0.1802829971885881,0.4,38.08571428571429,26.728571428571428,74.28571428571429,43.63,44.97475972655707,0.007640025449725002,-10.049999999999999,-43.230000000000004,-0.43937450909004994,0
Wa,Upper West,2019-04-21,0.1326762518842849,9.2,37.128571428571426,26.114285714285717,80.14285714285714,40.17,43.64039740203947,-0.030656580227450242,-1.25,-30.970000000000002,-0.40295850862335447,0
Wa,Upper West,2019-04-28,0.16324595010705364,4.5,35.25714285714286,25.642857142857142,86.14285714285714,35.91,40.69181648599198,0.0008067272651840207,-0.15000000000000036,-31.409999999999997,-0.5672619799233266,0
Wa,Upper West,2019-05-05,0.1938156483298224,15.7,35.48571428571429,26.02857142857143,83.14285714285714,36.2,39.49434046424636,0.026310436452385122,8.25,-20.500000000000004,-0.44248108732891506,0
Wa,Upper West,2019-05-12,0.21666471441418578,5.9,35.142857142857146,25.457142857142856,86.0,37.56,39.24852411579633,0.040064073230349107,-2.924999999999999,-31.660000000000004,-0.34263911448539214,0
Wa,Upper West,2019-05-19,0.23951378049854916,7.0,34.31428571428571,25.17142857142857,83.57142857142857,37.22,38.38949630447945,0.036203757161146405,-1.2749999999999986,-30.22,-0.3361670764877567,0
Wa,Upper West,2019-05-26,0.26236284658291253,18.8,33.42857142857143,24.599999999999998,89.14285714285714,33.93,33.97499563209789,0.03427359912654507,6.950000000000001,-15.129999999999999,-0.19568070501908313,0
Wa,Upper West,2019-06-02,0.2852119126672759,22.7,32.7,24.3,88.14285714285714,32.26,36.23446437724255,0.034273599126545096,9.099999999999998,-9.559999999999999,-0.10127524409357391,0
Wa,Upper West,2019-06-09,0.32553561224292826,11.3,31.857142857142858,24.114285714285717,90.57142857142857,30.740000000000002,35.3176737476048,0.047379574245011824,-3.6499999999999986,-19.44,0.004175828347899705,0
Wa,Upper West,2019-06-16,0.36585931181858056,7.5,32.31428571428571,24.114285714285717,90.28571428571429,32.0,34.400883117967055,0.056116890990656254,-7.574999999999999,-24.5,0.05353590480986607,0
Wa,Upper West,2019-06-23,0.4061830113942329,8.299999999999999,33.68571428571429,25.085714285714285,84.14285714285714,34.58,34.44458320170838,0.0604855493634785,-4.15,-26.28,-0.04268172675498102,0
Wa,Upper West,2019-06-30,0.2353472419999391,32.8,30.97142857142857,23.428571428571427,91.42857142857143,29.13,31.76985372005049,-0.09788405236398115,17.825,3.669999999999998,0.07148502352330825,0
Wa,Upper West,2019-07-07,0.2563542673224488,75.7,31.442857142857143,23.785714285714285,93.85714285714286,25.630000000000003,31.88212470225587,-0.05958169081135156,44.625,50.07,0.6713135051441619,0
Wa,Upper West,2019-07-14,0.27736129264495857,13.3,29.157142857142855,22.82857142857143,94.0,25.02,31.99439568446125,-0.016450160695436256,-19.224999999999998,-11.719999999999999,0.78159703262387,0
Wa,Upper West,2019-07-21,0.2983683179674683,122.8,28.75714285714286,22.485714285714288,97.71428571428571,21.24,32.10666666666663,0.03151053798376463,61.65,101.56,1.8847774827808248,0
Wa,Upper West,2019-07-28,0.319375343289978,38.7,28.485714285714288,22.357142857142858,97.14285714285714,24.8,31.728204732510278,0.031510537983764575,-23.924999999999997,13.900000000000002,1.9730560810685724,0
Wa,Upper West,2019-08-04,0.3403823686124877,15.1,28.914285714285715,22.52857142857143,95.14285714285714,25.259999999999998,31.34974279835393,0.031510537983764575,-32.375,-10.159999999999998,1.4533082829384616,0
Wa,Upper West,2019-08-11,0.36138939393499747,54.8,28.02857142857143,22.071428571428573,93.42857142857143,23.54,30.971280864197585,0.031510537983764575,-3.049999999999997,31.259999999999998,1.8241992071229571,0
Wa,Upper West,2019-08-18,0.3823964192575072,42.8,29.17142857142857,22.585714285714285,94.42857142857143,26.72,30.592818930041236,0.03151053798376463,4.949999999999996,16.08,1.0865594630724524,0
Wa,Upper West,2019-08-25,0.3777913387015491,87.8,27.657142857142855,22.17142857142857,96.28571428571429,20.8,30.934879056498918,0.01230145857491366,37.675,67.0,1.5447797533050425,0
Wa,Upper West,2019-09-01,0.373186258145591,54.9,28.185714285714287,22.185714285714287,96.85714285714286,22.73,31.2769391829566,-0.00050459436432021,-5.174999999999997,32.17,1.9100615778915873,0
Wa,Upper West,2019-09-08,0.3685811775896328,58.4,28.642857142857142,22.657142857142855,98.14285714285714,22.12,30.35612198555563,-0.0069076208339372,-2.5749999999999957,36.28,1.9533810855557607,0
Wa,Upper West,2019-09-15,0.3639760970336747,80.4,28.071428571428573,22.285714285714285,97.57142857142857,20.5,29.435304788154667,-0.0069076208339372,10.025000000000006,59.900000000000006,2.3315206922976075,0
Wa,Upper West,2019-09-22,0.3593710164777165,55.5,28.914285714285715,22.614285714285717,97.85714285714286,24.56,30.193249977887035,-0.0069076208339372,-6.799999999999997,30.94,2.0203451053712955,0
Wa,Upper West,2019-09-29,0.3547659359217584,29.799999999999997,29.87142857142857,22.87142857142857,97.85714285714286,26.79,30.781822747677865,-0.006907620833937145,-26.224999999999994,3.009999999999998,1.768712268023229,0
Wa,Upper West,2019-10-06,0.35016085536580027,45.8,28.97142857142857,22.428571428571427,98.57142857142857,23.490000000000002,31.37039551746869,-0.0069076208339372,-7.075000000000003,22.309999999999995,1.6481597735872728,0
Wa,Upper West,2019-10-13,0.3455557748098421,72.0,28.12857142857143,22.285714285714285,97.28571428571429,19.22,26.43336968796024,-0.006907620833937256,21.22500000000001,52.78,1.5867185595297202,0
Wa,Upper West,2019-10-20,0.34095069425388397,22.1,30.571428571428573,22.614285714285717,96.85714285714286,29.009999999999998,31.592204475669405,-0.0069076208339372,-20.32499999999999,-6.909999999999997,1.260096375249051,0
Wa,Upper West,2019-10-27,0.33634561369792587,14.1,30.271428571428572,22.585714285714285,97.42857142857143,27.57,29.667682811256327,-0.0069076208339372,-24.39999999999999,-13.47,1.117884126981008,0
Wa,Upper West,2019-11-03,0.3317405331419677,20.5,30.657142857142855,22.485714285714288,97.71428571428571,27.26,33.08314674180883,-0.0069076208339372,-11.674999999999997,-6.760000000000002,0.867027934192658,0
Wa,Upper West,2019-11-10,0.4700815887845378,0.0,33.32857142857143,21.957142857142856,89.28571428571429,33.8,33.54077724004617,0.10030198131495899,-14.174999999999997,-33.8,0.11989586774562155,0
Wa,Upper West,2019-11-17,0.4188651767582957,0.2,33.67142857142857,22.52857142857143,81.14285714285714,34.81,34.984067400396896,0.02960694866261393,-8.499999999999998,-34.61,-0.11913806896704782,0
Wa,Upper West,2019-11-24,0.36764876473205366,0.1,35.25714285714286,22.385714285714283,72.28571428571429,37.29,36.212874436118824,-0.029435251122160055,-5.099999999999997,-37.19,-0.323827057372265,0
Wa,Upper West,2019-12-01,0.31643235270581155,0.0,35.55714285714286,22.342857142857145,58.0,42.089999999999996,37.44168147184075,-0.07682461803936314,-0.07499999999999646,-42.089999999999996,-0.628703193980879,0
Wa,Upper West,2019-12-08,0.29221144444551617,0.0,35.142857142857146,20.47142857142857,51.42857142857143,39.95,37.55177308280372,-0.05657799021490312,-0.07499999999999646,-39.95,-0.6817739055614898,0
Wa,Upper West,2019-12-15,0.2679905361852208,0.0,34.785714285714285,20.37142857142857,35.285714285714285,45.63,37.36996386105477,-0.043080238331929754,-0.02499999999999645,-45.63,-0.7768697172067467,0
Wa,Upper West,2019-12-22,0.24376962792492538,0.0,35.48571428571429,21.900000000000002,27.285714285714285,50.25,38.73747368554075,-0.03633136239044307,0.0,-50.25,-0.889569472205572,0
Wa,Upper West,2019-12-29,0.2366908478180835,0.0,34.857142857142854,20.357142857142858,23.428571428571427,50.15,35.92975157634032,-0.02347476627535297,0.0,-50.15,-0.9591223072201609,0
Wa,Upper West,2020-01-05,0.2204003761203775,0.0,31.942857142857143,18.885714285714283,19.285714285714285,51.67,33.38790015036841,-0.021812470891774294,0.0,-51.67,-1.060258687663211,0
Wa,Upper West,2020-01-12,0.1898423549818215,0.0,35.285714285714285,21.071428571428573,31.142857142857142,45.63,34.595500195857994,-0.032833446729480464,0.0,-45.63,-1.0602586876632107,0
Wa,Upper West,2020-01-19,0.1764684248447457,0.0,35.25714285714286,21.428571428571427,23.285714285714285,52.08,36.017969269260504,-0.029382076096511334,0.0,-52.08,-1.0760504603774412,0
Wa,Upper West,2020-01-26,0.19988305509785542,0.0,36.15714285714286,22.657142857142855,21.714285714285715,55.74,36.92768003133716,0.003234502336655398,0.0,-55.74,-1.1242887169198177,0
Wa,Upper West,2020-02-02,0.2043453075746341,0.0,36.0,21.414285714285715,15.285714285714286,58.63,41.21493612504577,0.011710521949869906,0.0,-58.63,-1.1843492295378746,0
Wa,Upper West,2020-02-09,0.1897549648384742,0.0,35.3,20.771428571428572,14.285714285714286,57.18,39.90187644524201,-0.002857973250453144,0.0,-57.18,-1.2840186147014605,0
Wa,Upper West,2020-02-16,0.2105583996665662,0.0,36.22857142857143,22.3,13.428571428571429,59.269999999999996,38.58881676543825,0.009422967872183718,0.0,-59.269999999999996,-1.3460638856387925,0
Wa,Upper West,2020-02-23,0.1816652918852839,0.0,38.41428571428571,24.2,15.714285714285714,60.21,41.32682861800123,-0.014915699105955693,0.0,-60.21,-1.3846372321047,0
Wa,Upper West,2020-03-01,0.17866974472196945,0.0,38.128571428571426,24.67142857142857,16.142857142857142,59.12,41.30555768963467,-0.011492355556104006,0.0,-59.12,-1.388865630263155,0
Wa,Upper West,2020-03-08,0.1922527729803817,0.0,38.957142857142856,25.47142857142857,57.42857142857143,48.18,41.200355197816464,0.001466220666831386,0.0,-48.18,-1.3112011742915295,0
Wa,Upper West,2020-03-15,0.18869889290176944,0.0,38.300000000000004,26.099999999999998,55.0,43.58,41.01954219790497,0.0033772172794183097,0.0,-43.58,-1.1758061393809955,0
Wa,Upper West,2020-03-22,0.18514501282315715,11.3,37.58571428571429,27.02857142857143,72.71428571428571,39.79,42.74712152036301,-0.0010465930336622797,8.475000000000005,-28.49,-0.9020820790010006,0
Wa,Upper West,2020-03-29,0.1815911327445449,34.4,34.94285714285714,25.24285714285714,84.42857142857143,36.79,40.82843996007023,-0.005330820117918411,22.975,-2.3900000000000006,-0.41253712485985494,0
Wa,Upper West,2020-04-05,0.17533172728092025,0.0,38.91428571428571,27.014285714285712,68.0,47.48,40.36793148763567,-0.007359964156677695,-11.424999999999995,-47.48,-0.4064965560620618,0
Wa,Upper West,2020-04-12,0.160816389046202,46.6,35.27142857142857,25.642857142857142,81.14285714285714,36.92,39.90742301520112,-0.014904676427504093,23.525000000000006,9.68,0.05310443561002361,0
Wa,Upper West,2020-04-19,0.1463010508114837,0.1,36.84285714285714,26.25714285714286,72.28571428571429,45.92,37.5561947638177,-0.019709024159304034,-20.174999999999994,-45.82,-0.09644278905533954,0
Wa,Upper West,2020-04-26,0.2173442609710829,22.4,34.91428571428572,25.3,82.85714285714286,37.71,35.09315975688355,0.04239590394366069,5.1250000000000036,-15.310000000000002,-0.20793443029460626,0
Wa,Upper West,2020-05-03,0.2883874711306821,4.2,36.028571428571425,25.428571428571427,82.71428571428571,41.88,34.53014556666136,0.0851751781408194,-14.124999999999996,-37.68,-0.12336646712550293,0
Wa,Upper West,2020-05-10,0.3180617937812539,15.1,36.714285714285715,26.357142857142858,78.85714285714286,42.18,37.74628754470018,0.07553814960762825,4.650000000000004,-27.08,-0.4405826228496087,0
Wa,Upper West,2020-05-17,0.4035770780926594,5.4,33.51428571428571,25.25714285714286,86.71428571428571,36.2,31.921170219487124,0.0967344270987398,-6.374999999999995,-30.800000000000004,-0.3109692752169626,0
Wa,Upper West,2020-05-24,0.4046587247046852,15.6,33.357142857142854,24.62857142857143,86.85714285714286,36.31,33.05523770110199,0.050987457777365075,5.525000000000004,-20.71,-0.3575679487999379,0
Wa,Upper West,2020-05-31,0.43820627729124484,16.7,32.32857142857143,24.685714285714287,89.28571428571429,31.35,32.306031453692356,0.047080308823784,3.5000000000000053,-14.650000000000002,-0.1588332353525452,0
Wa,Upper West,2020-06-07,0.4717538298778045,6.3999999999999995,33.9,24.3,88.28571428571429,35.35,31.556825206282724,0.042204852386206027,-4.624999999999994,-28.950000000000003,-0.17497018342664963,0
Wa,Upper West,2020-06-14,0.41995509615504023,16.8,32.0,23.25714285714286,90.28571428571429,30.810000000000002,29.5062597455111,-0.013688385852153484,2.925000000000008,-14.010000000000002,-0.030082826119584065,0
Wa,Upper West,2020-06-21,0.368156362432276,28.099999999999998,31.814285714285713,23.985714285714288,91.14285714285714,31.0,31.76288156786694,-0.0563615290068154,11.100000000000005,-2.900000000000002,0.1236065028642658,0
Wa,Upper West,2020-06-28,0.31635762870951173,18.2,31.5,23.900000000000002,91.28571428571429,31.85,29.853116647613035,-0.07769810058414633,0.8250000000000064,-13.650000000000002,0.13223588686111307,0
Wa,Upper West,2020-07-05,0.3360054555437765,24.0,29.82857142857143,23.32857142857143,93.42857142857143,24.93,23.542741739059863,-0.024113180166374648,2.225000000000005,-0.9299999999999997,0.3740312264527735,0
Wa,Upper West,2020-07-12,0.35565328237804117,25.400000000000002,29.557142857142857,22.928571428571427,93.14285714285714,26.830000000000002,27.612177321142838,0.01161010011213981,1.475000000000005,-1.4299999999999997,0.4825888771331122,0
Wa,Upper West,2020-07-19,0.37530110921230586,33.2,27.400000000000002,22.599999999999998,95.42857142857143,18.119999999999997,31.68161290322581,0.029471740251397094,8.000000000000007,15.080000000000005,0.6377452013964262,0
Wa,Upper West,2020-07-26,0.3949489360465706,63.3,28.599999999999998,22.62857142857143,96.28571428571429,23.29,31.998169200591253,0.02947174025139704,26.825000000000003,40.01,1.1007979466672506,0
Wa,Upper West,2020-08-02,0.41459676288083536,24.8,28.357142857142858,22.385714285714283,96.0,24.63,32.314725497956694,0.029471740251397094,-11.874999999999996,0.1700000000000017,1.1102902690637826,0
Wa,Upper West,2020-08-09,0.43424458971510005,2.2,28.82857142857143,21.97142857142857,86.42857142857143,28.78,32.63128179532214,0.029471740251397094,-28.674999999999997,-26.580000000000002,0.8932612615430738,0
Wa,Upper West,2020-08-16,0.45389241654936474,42.9,28.24285714285714,22.142857142857142,95.71428571428571,23.05,31.52526807263189,0.02947174025139704,9.600000000000001,19.849999999999998,0.9344234232080351,0
Wa,Upper West,2020-08-23,0.4735402433836295,30.099999999999998,28.885714285714283,22.685714285714287,95.85714285714286,25.689999999999998,29.7268809219332,0.029471740251397094,5.100000000000005,4.41,0.6272173529202724,0
Wa,Upper West,2020-08-30,0.4841095062614355,66.2,27.885714285714283,22.17142857142857,96.0,19.74,27.928493771234518,0.02266281728405306,30.85000000000001,46.46000000000001,1.0266715381343325,0
Wa,Upper West,2020-09-06,0.4946787691392415,36.6,27.285714285714285,22.185714285714287,95.57142857142857,19.4,28.418890010827315,0.018123535305823724,-7.349999999999987,17.200000000000003,1.404465969516306,0
Wa,Upper West,2020-09-13,0.5052480320170476,116.5,27.514285714285712,21.82857142857143,97.42857142857143,19.4,28.90928625042011,0.015853894316709027,54.150000000000006,97.1,2.0710858832727577,0
Wa,Upper West,2020-09-20,0.5158172948948536,42.9,28.74285714285714,22.25714285714286,97.57142857142857,25.009999999999998,29.399682490012907,0.015853894316709027,-22.65,17.89,2.187409979550259,0
Wa,Upper West,2020-09-27,0.5263865577726596,33.7,29.0,21.942857142857143,97.85714285714286,25.159999999999997,29.890078729605705,0.015853894316709027,-23.724999999999987,8.540000000000006,1.8601837383898103,0
Wa,Upper West,2020-10-04,0.5369558206504657,100.4,28.342857142857145,22.014285714285712,97.14285714285714,22.17,25.009279757391997,0.015853894316709027,27.025000000000006,78.23,2.386835043717399,0
Wa,Upper West,2020-10-11,0.5475250835282717,56.0,28.785714285714285,21.957142857142856,97.0,22.78,30.243613515460368,0.015853894316709027,-2.249999999999993,33.22,1.8355899939987954,0
Wa,Upper West,2020-10-18,0.5580943464060777,6.3999999999999995,30.285714285714285,22.5,97.28571428571429,28.31,32.156467354907306,0.015853894316709027,-42.724999999999994,-21.91,1.4921405109242742,0
Wa,Upper West,2020-10-25,0.5370487265982871,0.39999999999999997,32.642857142857146,21.957142857142856,92.85714285714286,34.11,32.17157267592478,-0.007857267697488401,-40.4,-33.71,1.127549037057477,0
Wa,Upper West,2020-11-01,0.4648397753659572,0.0,33.75714285714286,20.357142857142858,73.57142857142857,40.81,34.856356916311995,-0.062037207608691136,-15.699999999999992,-40.81,0.10030716607277816,0
Wa,Upper West,2020-11-08,0.40056600081856514,0.0,34.17142857142857,21.928571428571427,64.71428571428571,41.44,35.113073073958674,-0.0895712114786566,-1.6999999999999929,-41.44,-0.5439626431318388,0
Wa,Upper West,2020-11-15,0.33629222627117306,0.0,34.042857142857144,22.457142857142856,48.57142857142857,46.03,35.944253275881834,-0.09839445599232255,-0.09999999999999289,-46.03,-0.752103385135795,0
Wa,Upper West,2020-11-22,0.3147471492348835,0.0,34.285714285714285,22.314285714285713,43.0,46.39,36.775433477805,-0.06436413868776125,0.0,-46.39,-0.8615239742158185,0
Wa,Upper West,2020-11-29,0.2920801998681817,0.0,34.81428571428572,21.900000000000002,50.57142857142857,39.43,38.27139602471601,-0.04384119418001914,0.0,-39.43,-0.849615424300169,0
Wa,Upper West,2020-12-06,0.2567412182819476,0.0,36.01428571428571,21.62857142857143,55.285714285714285,42.27,38.595338202403525,-0.04322398013209883,0.0,-42.27,-0.8567778130175524,0
Wa,Upper West,2020-12-13,0.23053263283683473,0.0,35.714285714285715,22.914285714285715,60.285714285714285,37.64,39.94154702485508,-0.042992667218627156,0.0,-37.64,-0.7843772812840039,0
Wa,Upper West,2020-12-20,0.20432404739172186,0.0,35.44285714285714,23.25714285714286,65.71428571428571,38.83,38.98592893516479,-0.04159547720294962,0.0,-38.83,-0.7191391382678385,0
Wa,Upper West,2020-12-27,0.2036228216253769,0.0,35.1,21.957142857142856,25.857142857142858,51.38,38.91771098952484,-0.020182358408593365,0.0,-51.38,-0.8222602770301632,0
Wa,Upper West,2021-01-03,0.2185952578639458,0.0,35.54285714285714,21.142857142857142,28.428571428571427,46.26,40.73634225855773,0.004326567934475972,0.0,-46.26,-0.856691519177584,0
Wa,Upper West,2021-01-10,0.1946929026009539,0.0,37.271428571428565,22.957142857142856,42.42857142857143,47.45,39.14421195617848,-0.010615854769545685,0.0,-47.45,-0.9413457761866557,0
Wa,Upper West,2021-01-17,0.2091239482116606,0.0,35.857142857142854,22.428571428571427,24.857142857142858,54.21,38.36225261881015,0.00261521563617631,0.0,-54.21,-1.0740657020581665,0
Wa,Upper West,2021-01-24,0.20284373539742268,0.0,35.214285714285715,21.385714285714283,18.714285714285715,56.95,38.50945905305875,-0.0034702256210730753,0.0,-56.95,-1.1221313709206058,0
Wa,Upper West,2021-01-31,0.1924009864382117,0.0,36.457142857142856,22.414285714285715,17.285714285714285,58.269999999999996,38.65666548730735,-0.007364406723850497,0.0,-58.269999999999996,-1.2257702727227417,0
Wa,Upper West,2021-02-07,0.1950745288959022,0.0,37.142857142857146,23.271428571428572,19.571428571428573,55.27,38.36602774864497,-0.0047862708398971054,0.0,-55.27,-1.293252055578087,0
Wa,Upper West,2021-02-14,0.1885406225707475,0.0,38.08571428571429,23.214285714285715,24.857142857142858,54.83,43.285600399297664,-0.006174345754823507,0.0,-54.83,-1.2986022736561325,0
Wa,Upper West,2021-02-21,0.1545645640238226,0.0,36.25714285714285,24.514285714285712,41.285714285714285,51.769999999999996,39.3671020609309,-0.02808061145834842,0.0,-51.769999999999996,-1.2539020645524634,0
Wa,Upper West,2021-02-28,0.20591949956821598,0.0,36.74285714285714,23.25714285714286,12.571428571428571,60.29,37.60227233096208,0.019894695803543888,0.0,-60.29,-1.271333420226095,0
Wa,Upper West,2021-03-07,0.134914402676206,0.2,38.51428571428572,26.17142857142857,45.57142857142857,52.29,38.453795852866506,-0.03607036953354201,0.15000000000000713,-52.089999999999996,-1.2438919791161205,0
Wa,Upper West,2021-03-14,0.1564996279052532,0.1,37.58571428571429,26.314285714285713,63.857142857142854,44.69,36.0231917259506,-0.006474895638121231,0.0250000000000071,-44.589999999999996,-1.1555270869884047,0
Wa,Upper West,2021-03-21,0.1780848531343004,3.9,36.528571428571425,26.042857142857144,69.28571428571429,42.03,36.708053930426274,0.009230257313306484,2.8500000000000068,-38.13,-1.0378222892714077,0
Wa,Upper West,2021-03-28,0.1996700783633476,3.9,37.65714285714286,25.614285714285717,76.71428571428571,43.449999999999996,37.39291613490195,0.03237783784357079,1.875000000000007,-39.55,-0.8588488651767956,0
Wa,Upper West,2021-04-04,0.1973254807338296,0.0,38.785714285714285,25.157142857142855,33.857142857142854,57.98,37.85937995173049,0.014430470699646897,-1.9749999999999928,-57.98,-0.9096759369182261,0
Wa,Upper West,2021-04-11,0.1949808831043116,0.0,39.357142857142854,26.67142857142857,68.0,48.3,39.4987372850303,0.0024655592703642926,-1.9499999999999929,-48.3,-0.9416909515465293,0
Wa,Upper West,2021-04-18,0.19263628547479358,12.200000000000001,38.08571428571429,26.157142857142855,75.57142857142857,46.66,41.79684289667546,-0.0035168964442770234,8.175000000000008,-34.459999999999994,-0.9100211122780999,0
Wa,Upper West,2021-04-25,0.1902916878452756,3.3,36.67142857142857,26.171428571428574,78.57142857142857,38.64,37.09340641150391,-0.0035168964442769957,-0.5749999999999931,-35.34,-0.873691405651373,0
Wa,Upper West,2021-05-02,0.2525503549087655,2.4000000000000004,37.51428571428572,26.414285714285715,71.85714285714286,42.81,29.07850498652931,0.04493555207547892,-2.074999999999993,-40.410000000000004,-0.7220731288267663,0
Wa,Upper West,2021-05-09,0.31480902197225535,19.1,33.9,24.785714285714285,82.85714285714286,35.480000000000004,36.40488469654685,0.07723718442198285,9.850000000000009,-16.380000000000003,-0.44662319164740166,0
Wa,Upper West,2021-05-16,0.3770676890357453,4.2,35.214285714285715,25.400000000000002,74.57142857142857,41.45,36.420306675596265,0.09338800059523489,-3.0499999999999927,-37.25,-0.4706991729986055,0
Wa,Upper West,2021-05-23,0.3598627463167693,2.2,35.57142857142857,26.0,78.28571428571429,42.12,36.435728654645686,0.03379029325838545,-4.774999999999994,-39.919999999999995,-0.5102217517041658,0
Wa,Upper West,2021-05-30,0.3426578035977933,4.5,35.1,26.071428571428573,78.57142857142857,38.74,32.781271782749684,-0.005941511632847507,-2.999999999999993,-34.24,-0.4569784524436183,0
Wa,Upper West,2021-06-06,0.3603455716996926,8.5,33.72857142857143,25.042857142857144,84.42857142857143,36.17,30.66775486788947,0.0003621190371925209,3.6500000000000075,-27.67,-0.5544041977680242,0
Wa,Upper West,2021-06-13,0.3780333398015919,19.3,31.957142857142856,24.157142857142855,92.0,31.939999999999998,30.518108770644005,0.017808474447630118,10.675000000000008,-12.639999999999997,-0.34203505760561276,0
Wa,Upper West,2021-06-20,0.4085703816143236,5.699999999999999,32.114285714285714,24.585714285714285,86.0,33.43,31.625442702081102,0.03616860743597328,-3.7999999999999936,-27.73,-0.23684286668404456,0
Wa,Upper West,2021-06-27,0.4180110761898139,30.0,29.74285714285714,22.385714285714283,95.28571428571429,26.740000000000002,32.7327766335182,0.026770983863458442,14.125000000000007,3.259999999999998,0.086759033197728,0
Wa,Upper West,2021-07-04,0.4274517707653042,17.9,31.342857142857145,23.228571428571428,91.42857142857143,31.18,25.76761421834607,0.01943512867254582,-0.32499999999999574,-13.280000000000001,0.2109358689123602,0
Wa,Upper West,2021-07-11,0.4427251293766465,26.8,30.8,23.099999999999998,91.57142857142857,29.099999999999998,26.048807109173055,0.01853553989012441,6.700000000000006,-2.299999999999997,0.300163699439761,0
Wa,Upper West,2021-07-18,0.4554136606771842,36.6,29.057142857142857,22.87142857142857,95.0,24.8,26.33000000000004,0.01951325142494703,8.77500000000001,11.8,0.6412832488351335,0
Wa,Upper West,2021-07-25,0.46810219197772196,17.700000000000003,29.057142857142857,22.842857142857145,91.42857142857143,27.29,27.192970057395797,0.019679003778507786,-7.04999999999999,-9.589999999999996,0.5303956644756461,0
Wa,Upper West,2021-08-01,0.48079072327825967,34.2,27.400000000000002,22.571428571428573,95.0,19.95,28.055940114791557,0.019032796950806563,5.375000000000007,14.250000000000004,0.7679626059088515,0
Wa,Upper West,2021-08-08,0.4934792545787974,68.0,27.67142857142857,22.185714285714287,96.0,21.12,29.141992798017824,0.019032796950806563,28.875000000000007,46.879999999999995,1.1923557108738,0
Wa,Upper West,2021-08-15,0.5061677858793351,98.4,27.17142857142857,22.071428571428573,97.0,19.37,30.228045481244088,0.019032796950806563,43.82500000000001,79.03,1.7725091969818418,0
Wa,Upper West,2021-08-22,0.5188563171798728,61.5,27.542857142857144,22.114285714285717,96.14285714285714,20.689999999999998,31.31409816447035,0.019032796950806563,-4.0249999999999915,40.81,2.2074301504229443,0
Wa,Upper West,2021-08-29,0.5315448484804106,55.9,27.842857142857145,22.17142857142857,97.42857142857143,20.56,32.40015084769662,0.01903279695080662,-15.04999999999999,35.34,2.3894238589164534,0
Wa,Upper West,2021-09-05,0.5442333797809483,34.7,28.17142857142857,22.057142857142857,97.0,21.32,33.486203530922886,0.01903279695080662,-27.92499999999999,13.380000000000003,2.10033949502207,0
Wa,Upper West,2021-09-12,0.556921911081486,39.0,29.114285714285717,22.057142857142857,96.57142857142857,25.0,34.57225621414915,0.01903279695080662,-8.774999999999991,14.0,1.5391706537070917,0
Wa,Upper West,2021-09-19,0.5485268911586693,32.3,29.2,22.32857142857143,96.14285714285714,26.490000000000002,31.724950649483503,0.003220133533290759,-8.174999999999997,5.809999999999995,1.2371422138174375,0
Wa,Upper West,2021-09-26,0.5349713683116176,19.299999999999997,29.642857142857142,22.67142857142857,96.28571428571429,28.61,30.41333463905289,-0.011192019271562659,-12.024999999999991,-9.310000000000002,0.8518402183582068,0
Wa,Upper West,2021-10-03,0.4852100179869688,7.9,30.142857142857142,22.62857142857143,95.57142857142857,28.81,32.051810232628725,-0.04619752914771663,-16.724999999999994,-20.909999999999997,0.5559386411063141,0
Wa,Upper West,2021-10-10,0.43544866766231993,8.799999999999999,31.771428571428572,23.17142857142857,92.0,32.21,32.85344305588916,-0.06559056861757395,-8.274999999999993,-23.410000000000004,0.23311338578425764,0
Wa,Upper West,2021-10-17,0.3856873173376711,0.2,32.31428571428571,23.2,88.0,33.62,32.582518634957864,-0.07464202548697324,-8.849999999999993,-33.419999999999995,-0.10541734841206063,0
Wa,Upper West,2021-10-24,0.4185269992537838,36.5,30.614285714285717,22.428571428571427,94.85714285714286,28.82,30.50105640691225,-0.012691251306402085,23.150000000000006,7.68,0.04119588569437442,0
Wa,Upper West,2021-10-31,0.4089129280065397,0.2,32.58571428571428,22.771428571428572,89.85714285714286,32.31,32.35246031025554,-0.003231050058538909,-11.224999999999994,-32.11,-0.05545321507031489,0
Wa,Upper West,2021-11-07,0.4116242260544549,0.0,33.9,22.97142857142857,75.85714285714286,36.58,34.20386421359882,0.005436358391342544,-9.224999999999994,-36.58,-0.16910220230879344,0
Wa,Upper West,2021-11-14,0.3627425808681582,4.300000000000001,32.7,22.75714285714286,79.57142857142857,32.07,33.59544434476055,-0.03770910267757599,-5.949999999999992,-27.77,-0.12034618272660644,0
Wa,Upper West,2021-11-21,0.3381681302352441,0.0,33.75714285714286,20.857142857142858,65.57142857142857,38.46,36.33482492829074,-0.04219383605585514,-1.1249999999999931,-38.46,-0.5185059603411395,0
Wa,Upper West,2021-11-28,0.304262984498632,0.0,34.68571428571429,20.642857142857142,66.85714285714286,38.34,36.79275515232689,-0.04993649591549032,-1.074999999999993,-38.34,-0.5722670226414976,0
Wa,Upper West,2021-12-05,0.2201571753625448,0.0,34.98571428571429,21.357142857142858,57.285714285714285,41.879999999999995,35.78343711697147,-0.08617554237859998,-1.074999999999993,-41.879999999999995,-0.6180027578247883,0
Wa,Upper West,2021-12-12,0.2394275200232979,0.0,34.65714285714286,21.114285714285717,37.714285714285715,46.769999999999996,36.77433844248736,-0.03607643250663181,0.0,-46.769999999999996,-0.7819610537648864,0
Wa,Upper West,2021-12-19,0.22241659312555218,0.0,34.32857142857143,21.585714285714285,34.142857142857146,48.72,37.98860018448562,-0.024149475126954534,0.0,-48.72,-0.8704985335725393,0
Wa,Upper West,2021-12-26,0.20540566622780643,0.0,34.17142857142857,20.97142857142857,26.571428571428573,50.43,38.357794450271086,-0.016446072456993893,0.0,-50.43,-0.9748277860944228,0
Wa,Upper West,2022-01-02,0.2027094117387993,0.0,34.199999999999996,21.414285714285715,20.714285714285715,51.96,38.72698871605655,-0.014780386040064653,0.0,-51.96,-1.0618119767826435,0
Wa,Upper West,2022-01-09,0.201560181269775,0.0,33.32857142857143,21.085714285714285,25.285714285714285,48.07,39.71648352898069,-0.006462781820708224,0.0,-48.07,-1.073030175978545,0
Wa,Upper West,2022-01-16,0.2048793288548531,0.0,34.957142857142856,21.542857142857144,20.285714285714285,52.83,38.68869154272866,0.0012406818320446489,0.0,-52.83,-1.108496944205587,0
Wa,Upper West,2022-01-23,0.2081984764399312,0.0,32.7,19.3,17.714285714285715,54.7,37.66089955647664,0.003861626864091555,0.0,-54.7,-1.145344413872125,0
Wa,Upper West,2022-01-30,0.18494835792701791,0.0,34.32857142857143,20.67142857142857,17.571428571428573,56.96,37.028649212145694,-0.014948228195876379,0.0,-56.96,-1.1884913338563614,0
Wa,Upper West,2022-02-06,0.1982127154800317,0.0,34.41428571428572,20.414285714285715,14.857142857142858,56.83,35.98589254349935,-0.0008470041954267982,0.0,-56.83,-1.2640847376687434,0
Wa,Upper West,2022-02-13,0.1614042839653718,0.0,36.48571428571429,22.37142857142857,17.857142857142858,56.199999999999996,39.79069725419839,-0.02678667448771635,0.0,-56.199999999999996,-1.2931657617381187,0
Wa,Upper West,2022-02-20,0.2015272434592303,0.0,37.971428571428575,23.37142857142857,22.714285714285715,56.52,39.82096425277047,0.015004093251317352,0.0,-56.52,-1.3088712406123806,0
Wa,Upper West,2022-02-27,0.1626993721454301,0.0,37.57142857142857,24.157142857142855,23.571428571428573,56.17,36.80511846245213,-0.01826153161708588,0.0,-56.17,-1.3020540272548713,0
Wa,Upper West,2022-03-06,0.183098360523879,2.1,37.24285714285714,25.5,59.0,44.31,39.71145642477165,0.005916045500401201,1.5750000000000073,-42.21,-1.1758924332209644,0
Wa,Upper West,2022-03-13,0.1980184836154638,0.0,38.800000000000004,25.157142857142855,36.714285714285715,50.21,38.659933155587055,0.011682618679462992,-0.5249999999999929,-50.21,-1.1242024230798493,0
Wa,Upper West,2022-03-20,0.21293860670704856,18.3,36.371428571428574,25.12857142857143,75.85714285714286,40.160000000000004,37.608409886402455,0.023749900959093212,13.200000000000006,-21.860000000000003,-0.825107973749123,0
Wa,Upper West,2022-03-27,0.22785872979863336,19.5,37.1,25.585714285714285,77.85714285714286,39.39,34.77276323936371,0.022380184637377176,9.525000000000006,-19.89,-0.5120339223435041,0
Wa,Upper West,2022-04-03,0.24277885289021814,4.0,37.42857142857143,25.5,69.0,43.51,35.42592842972499,0.02238018463737715,-6.449999999999992,-39.51,-0.4887345855520163,0
Wa,Upper West,2022-04-10,0.2576989759818029,10.3,34.9,24.585714285714285,82.85714285714286,37.75,31.975544334197025,0.022380184637377176,-2.7249999999999925,-27.45,-0.29232980578377254,0
Wa,Upper West,2022-04-17,0.3226713737913445,17.2,33.05714285714286,23.7,87.0,33.11,38.87975095122795,0.05991939067584473,4.450000000000006,-15.91,-0.24098497100253127,0
Wa,Upper West,2022-04-24,0.33785789121634213,11.9,33.857142857142854,24.47142857142857,85.85714285714286,32.83,38.99428638218848,0.04760611774641521,1.0500000000000078,-20.93,-0.2499595303592525,0
Wa,Upper West,2022-05-01,0.3530444086413398,23.0,33.81428571428571,23.814285714285713,86.14285714285714,33.97,34.594727242987005,0.03522624623363246,7.4000000000000075,-10.969999999999999,-0.0036769110892312796,0
Wa,Upper West,2022-05-08,0.36823092606633745,15.2,33.92857142857143,24.642857142857142,86.28571428571429,36.36,34.73476591269613,0.022779776137496488,-1.624999999999993,-21.16,0.05060191425093797,0
Wa,Upper West,2022-05-15,0.38341744349133505,34.2,34.385714285714286,24.357142857142858,90.14285714285714,37.15,34.87480458240526,0.022779776137496432,13.125000000000007,-2.9499999999999957,0.16243873085007865,0
Wa,Upper West,2022-05-22,0.3986039609163327,18.6,33.371428571428574,23.97142857142857,85.71428571428571,35.26,34.72809499740964,0.022779776137496488,-4.1499999999999915,-16.659999999999997,0.19928620051661644,0
Wa,Upper West,2022-05-29,0.4449059761727,31.6,31.228571428571428,22.685714285714287,93.42857142857143,30.380000000000003,32.806766448906615,0.0461163995110237,6.70000000000001,1.2199999999999989,0.3044783914381846,0
Wa,Upper West,2022-06-05,0.4377230637846081,5.1,33.25714285714286,23.67142857142857,87.28571428571429,37.36,27.962058111380145,0.02156045269336415,-17.275,-32.26,0.20869222907318,0
Wa,Upper West,2022-06-12,0.4305401513965162,21.3,31.342857142857145,23.071428571428573,87.71428571428571,32.55,31.6830670351402,0.002596863328976906,2.1500000000000057,-11.249999999999996,0.1370683418993477,0
Wa,Upper West,2022-06-19,0.4233572390084243,76.6,28.599999999999998,22.185714285714287,95.71428571428571,23.23,32.2309418870596,-0.010774368582137872,42.95,53.36999999999999,0.7413841031985617,0
Wa,Upper West,2022-06-26,0.43502220127114843,32.4,29.2,21.685714285714287,95.42857142857143,28.09,28.341392117947294,0.0033615374059741687,-1.4499999999999957,4.309999999999999,0.7680488997488198,0
Wa,Upper West,2022-07-03,0.4466871635338726,82.5,28.442857142857143,22.085714285714285,96.28571428571429,25.68,28.81006094791863,0.012785474731382251,29.300000000000004,56.82,1.5367544261879746,0
Wa,Upper West,2022-07-10,0.45835212579659673,20.9,29.157142857142855,22.32857142857143,95.42857142857143,27.22,29.278729777889964,0.01749744339408621,-32.199999999999996,-6.32,1.5792972892924317,0
Wa,Upper West,2022-07-17,0.47001708805932085,16.9,29.25714285714286,22.528571428571432,93.85714285714286,28.44,32.188557232636924,0.01749744339408621,-21.275,-11.540000000000003,1.0191639740570753,0
Wa,Upper West,2022-07-24,0.481682050322045,47.900000000000006,27.400000000000002,21.599999999999998,93.28571428571429,22.240000000000002,30.76532872976432,0.01749744339408621,5.8500000000000085,25.660000000000004,1.2034013223897646,0
Wa,Upper West,2022-07-31,0.49334701258476915,37.9,29.02857142857143,21.714285714285715,93.85714285714286,27.34,29.34210022689172,0.01749744339408621,7.000000000000007,10.559999999999999,0.80420601869561,0
Wa,Upper West,2022-08-07,0.5050119748474933,21.3,28.642857142857142,21.54285714285714,93.85714285714286,28.66,31.99884873450526,0.01749744339408621,-9.699999999999992,-7.359999999999999,0.7952314593388888,0
Wa,Upper West,2022-08-14,0.5099052356829714,51.699999999999996,28.571428571428573,22.17142857142857,97.0,24.95,31.42311187506681,0.012418667323651711,12.000000000000007,26.749999999999996,1.1256505725781707,0
Wa,Upper West,2022-08-21,0.5147984965184496,19.8,28.099999999999998,21.342857142857145,95.85714285714286,24.99,29.434567616512084,0.009032816610028638,-12.87499999999999,-5.189999999999998,0.8594340762754324,0
Wa,Upper West,2022-08-28,0.5196917573539277,66.5,27.685714285714287,21.67142857142857,96.57142857142857,21.87,29.24384355471476,0.007339891253217212,26.67500000000001,44.629999999999995,1.1534371890480188,0
Wa,Upper West,2022-09-04,0.5245850181894058,46.3,27.87142857142857,21.585714285714285,96.28571428571429,22.3,29.05311949291744,0.007339891253217212,0.22500000000000853,23.999999999999996,1.4240546711891493,0
Wa,Upper West,2022-09-11,0.529478279024884,42.0,28.5,21.900000000000002,97.14285714285714,24.380000000000003,28.862395431120113,0.007339891253217212,-1.6499999999999915,17.619999999999997,1.3452683952979336,0
Wa,Upper West,2022-09-18,0.534371539860362,55.2,28.32857142857143,21.485714285714288,97.14285714285714,23.259999999999998,28.67167136932279,0.007339891253217101,2.70000000000001,31.940000000000005,1.6656774231008726,0
Wa,Upper West,2022-09-25,0.5392648006958402,68.7,28.2,21.657142857142855,98.14285714285714,23.89,28.48094730752547,0.007339891253217101,15.650000000000006,44.81,1.6672307122203054,0
Wa,Upper West,2022-10-02,0.5441580615313183,44.2,28.114285714285717,20.928571428571427,98.0,24.41,29.41397843035025,0.007339891253217212,-8.324999999999989,19.790000000000003,1.6309010055935784,0
Wa,Upper West,2022-10-09,0.5490513223667964,36.5,29.442857142857143,21.47142857142857,97.71428571428571,26.73,30.57002353065593,0.007339891253217212,-14.649999999999991,9.77,1.5631603412183273,0
Wa,Upper West,2022-10-16,0.5539445832022746,4.8,29.87142857142857,21.842857142857145,96.14285714285714,28.91,31.895141941752968,0.007339891253217212,-33.75,-24.11,1.0794833681950378,0
Wa,Upper West,2022-10-23,0.4991058483620817,0.0,31.614285714285717,21.614285714285717,89.28571428571429,34.410000000000004,33.220260352850005,-0.03745910550353604,-21.374999999999993,-34.410000000000004,0.39586356796479716,0
Wa,Upper West,2022-10-30,0.4508180601843283,0.0,32.971428571428575,21.814285714285713,77.0,38.660000000000004,34.54537876394704,-0.06241189334454195,-10.324999999999992,-38.660000000000004,-0.10852392665092564,0
Wa,Upper West,2022-11-06,0.4025302720065749,0.0,33.4,22.428571428571427,67.57142857142857,40.68,37.1458083877734,-0.07406941893224,-1.1999999999999929,-40.68,-0.5438763492918705,0
Wa,Upper West,2022-11-13,0.2917874543290649,3.5,33.385714285714286,20.785714285714285,71.14285714285714,37.03,36.96176967108511,-0.11927295439144753,2.625000000000007,-33.53,-0.6251651465421717,0
Wa,Upper West,2022-11-20,0.31734902516147145,0.0,33.214285714285715,19.928571428571427,57.57142857142857,41.64,35.25910170712291,-0.048272177758888424,-0.8749999999999929,-41.64,-0.6875555928393773,0
Wa,Upper West,2022-11-27,0.2863719970056527,0.0,33.68571428571429,19.599999999999998,53.42857142857143,42.16,36.592784973275,-0.03813769012003826,-0.8749999999999929,-42.16,-0.7177584368283427,0
Wa,Upper West,2022-12-04,0.2553949688498339,19.3,33.17142857142857,21.885714285714283,78.0,31.75,34.937387255335466,-0.032330892486671814,13.600000000000009,-12.45,-0.4741509265973444,0
Wa,Upper West,2022-12-11,0.2629314445493232,0.0,33.885714285714286,21.02857142857143,52.0,42.63,37.84772602635877,-0.017580414342247108,-4.824999999999993,-42.63,-0.5526783209686545,0
Wa,Upper West,2022-12-18,0.258220296855386,0.0,33.31428571428571,18.342857142857145,48.714285714285715,42.93,35.913668861117884,-0.007509379959662943,-4.824999999999993,-42.93,-0.5638102263245874,0
Wa,Upper West,2022-12-25,0.2448244262349758,0.0,31.857142857142858,19.914285714285715,28.857142857142858,47.410000000000004,33.979611695877,-0.010518357887403962,-4.824999999999993,-47.410000000000004,-0.6091144923080358,0
Wa,Upper West,2023-01-01,0.2253532593654227,0.0,32.371428571428574,19.74285714285714,26.571428571428573,49.39,34.328211754002524,-0.022479097385854213,0.0,-49.39,-0.9278839371515739,0
Wa,Upper West,2023-01-08,0.2261326109069587,0.0,33.27142857142857,19.914285714285715,29.0,48.480000000000004,35.83211678186491,-0.012500037433727101,0.0,-48.480000000000004,-0.9783658335331307,0
Wa,Upper West,2023-01-15,0.2269119624484947,0.0,33.8,20.571428571428573,23.857142857142858,51.629999999999995,37.3360218097273,-0.0038936022904682566,0.0,-51.629999999999995,-1.053441474305702,0
Wa,Upper West,2023-01-22,0.2152904272848469,0.0,34.614285714285714,20.0,27.285714285714285,48.47,36.09006090549542,-0.008131637716583845,0.0,-48.47,-1.0625886213423594,0
Wa,Upper West,2023-01-29,0.2045919028104439,0.0,36.042857142857144,21.62857142857143,34.42857142857143,44.87,38.09773120711657,-0.01363982305224215,0.0,-44.87,-1.02358380567661,0
Wa,Upper West,2023-02-05,0.2131761876167884,0.0,36.67142857142857,22.02857142857143,23.714285714285715,52.17,36.70831056748256,-0.00181643242335508,0.0,-52.17,-1.0554262326249764,0
Wa,Upper West,2023-02-12,0.1870750747765655,0.0,37.15714285714286,23.82857142857143,39.57142857142857,50.34,39.18951123971755,-0.01795832334559566,0.0,-50.34,-1.0442943272690435,0
Wa,Upper West,2023-02-19,0.1609739619363426,0.0,35.48571428571429,22.271428571428572,17.285714285714285,59.77,36.410061916375184,-0.030480319848692483,0.0,-59.77,-1.1418063664334175,0
Wa,Upper West,2023-02-26,0.1981111628922574,0.0,37.728571428571435,23.228571428571428,28.142857142857142,53.8,41.64754280443276,0.008277066086768925,0.0,-53.8,-1.2188667655252639,0
Wa,Upper West,2023-03-05,0.1824218427806146,0.0,37.800000000000004,25.271428571428572,51.857142857142854,46.36,42.49412691593284,0.00027633218416955874,0.0,-46.36,-1.1687300445035809,0
Wa,Upper West,2023-03-12,0.18417657245337815,1.8,38.857142857142854,25.442857142857143,48.714285714285715,48.16,43.34071102743292,0.00275568743772997,1.3500000000000072,-46.36,-1.1343850961961288,0
Wa,Upper West,2023-03-19,0.1859313021261417,0.5,37.357142857142854,25.599999999999998,53.142857142857146,45.56,42.19257951199791,-0.001728917936956259,-0.07499999999999285,-45.06,-1.0074468576025055,0
Wa,Upper West,2023-03-26,0.1828491590111492,16.5,35.24285714285714,24.057142857142857,77.0,37.22,41.51070812115415,-0.0009955600816717036,11.800000000000008,-20.72,-0.7219868349867979,0
Wa,Upper West,2023-04-02,0.21855264914884115,6.4,36.31428571428571,24.271428571428572,75.42857142857143,41.42,38.2187926306878,0.025675228463963612,0.10000000000000675,-35.02,-0.6241296204625499,0
Wa,Upper West,2023-04-09,0.2542561392865331,24.6,34.51428571428571,24.685714285714287,77.14285714285714,36.15,33.92205625544938,0.04385882689336684,12.600000000000009,-11.549999999999997,-0.32374076353229647,0
Wa,Upper West,2023-04-16,0.28995962942422504,0.1,37.6,24.914285714285715,69.57142857142857,46.31,39.72344545672832,0.05355523520653793,-11.799999999999994,-46.21,-0.3336645551286709,0
Wa,Upper West,2023-04-23,0.32566311956191696,0.8,37.471428571428575,26.25714285714286,72.57142857142857,46.51,37.77088578324225,0.05355523520653793,-7.174999999999994,-45.71,-0.5493128612098842,0
Wa,Upper West,2023-04-30,0.36136660969960893,9.5,34.871428571428574,24.67142857142857,82.0,38.19,35.53682710168195,0.05355523520653793,0.7500000000000071,-28.689999999999998,-0.4946888605098409,0
Wa,Upper West,2023-05-07,0.3970700998373009,28.0,33.542857142857144,23.985714285714288,87.42857142857143,35.42,33.30276842012165,0.05355523520653793,18.400000000000006,-7.420000000000002,-0.4590495046028617,0
Wa,Upper West,2023-05-14,0.4327735899749928,46.3,35.385714285714286,24.599999999999998,87.42857142857143,37.49,36.3341481444042,0.05355523520653793,25.150000000000006,8.809999999999995,0.01573920290367495,0
Wa,Upper West,2023-05-21,0.4684770801126848,14.8,32.24285714285714,24.099999999999998,89.42857142857143,32.54,33.03527982410702,0.05355523520653788,-9.84999999999999,-17.74,0.25710307329549303,0
Wa,Upper West,2023-05-28,0.4335978811327216,6.9,32.614285714285714,23.814285714285713,92.28571428571429,34.33,31.541305258319085,0.0006182183682965636,-17.099999999999994,-27.43,0.26797609713152065,0
Wa,Upper West,2023-06-04,0.44091560322482476,5.7,32.542857142857144,24.357142857142858,88.71428571428571,33.839999999999996,33.43230496751568,-0.003025435386481201,-12.724999999999994,-28.139999999999997,0.08917526071684526,0
Wa,Upper West,2023-06-11,0.448233325316928,9.6,32.18571428571429,23.657142857142855,89.14285714285714,32.57,28.090000000000032,0.0004273528701382312,0.35000000000000675,-22.97,-0.18506656270296096,0
Wa,Upper West,2023-06-18,0.4555510474090312,23.1,30.7,23.02857142857143,92.57142857142857,29.39,27.97001242330504,0.01097658313815486,11.77500000000001,-6.289999999999999,-0.08626011593905958,0
Wa,Upper West,2023-06-25,0.46286876950113437,34.5,29.857142857142858,22.957142857142856,93.57142857142857,27.0,28.88018624995857,0.010976583138154805,16.275000000000006,7.5,0.21516426707081537,0
Wa,Upper West,2023-07-02,0.4701864915932376,37.8,29.014285714285712,22.400000000000002,95.85714285714286,24.36,29.790360076612103,0.010976583138154805,11.550000000000004,13.439999999999998,0.5739740536597249,0
Wa,Upper West,2023-07-09,0.4775042136853408,37.599999999999994,29.785714285714285,22.714285714285715,93.85714285714286,27.21,30.401594222849496,0.01097658313815486,4.350000000000001,10.389999999999993,0.8618503037945496,0
Wa,Upper West,2023-07-16,0.469542234666935,39.4,29.271428571428572,22.771428571428572,95.14285714285714,23.92,31.01282836908689,-0.0004831926947269083,2.07500000000001,15.479999999999997,1.0497119934059147,0
Wa,Upper West,2023-07-23,0.4615802556485292,21.8,28.914285714285715,22.87142857142857,95.28571428571429,25.39,28.006178042763,-0.008123043249981476,-12.34999999999999,-3.59,0.9540121248808784,0
Wa,Upper West,2023-07-30,0.45361827663012344,38.1,29.571428571428573,22.75714285714286,95.85714285714286,25.900000000000002,28.424251840040473,-0.011942968527608677,3.875000000000007,12.2,0.9433116887247878,0
Wa,Upper West,2023-08-06,0.44565629761171766,32.8,28.714285714285715,22.571428571428573,96.28571428571429,22.82,28.84232563731795,-0.011942968527608677,-0.22499999999999432,9.979999999999997,0.9397736412860804,0
Wa,Upper West,2023-08-13,0.43769431859331187,54.7,28.342857142857145,22.271428571428572,97.0,22.72,29.26039943459542,-0.011942968527608677,17.85000000000001,31.980000000000004,1.0821584772340604,0
Wa,Upper West,2023-08-20,0.4297323395749061,47.199999999999996,28.47142857142857,21.928571428571427,96.71428571428571,24.03,29.678473231872896,-0.011942968527608677,4.000000000000007,23.169999999999995,1.3130807929896933,0
Wa,Upper West,2023-08-27,0.4217703605565003,41.0,29.514285714285712,22.685714285714287,97.28571428571429,24.93,30.09654702915037,-0.011942968527608677,-2.92499999999999,16.07,1.3464765090574922,0
Wa,Upper West,2023-09-03,0.4138083815380945,52.4,29.042857142857144,22.17142857142857,97.0,25.89,26.05669386275042,-0.011942968527608677,3.575000000000003,26.509999999999998,1.4891202265253776,0
Wa,Upper West,2023-09-10,0.40584640251968873,82.0,28.885714285714283,21.857142857142858,97.0,25.630000000000003,28.201642336426858,-0.011942968527608677,26.35000000000001,56.37,1.6995909022084825,0
Wa,Upper West,2023-09-17,0.39788442350128295,55.7,29.085714285714285,22.457142857142856,96.85714285714286,26.14,29.97749454895813,-0.011942968527608677,-2.0749999999999886,29.560000000000002,1.7547326659483364,0
Wa,Upper West,2023-09-24,0.38992244448287716,30.099999999999998,29.657142857142855,22.0,97.14285714285714,29.52,29.245604695535743,-0.011942968527608677,-24.95,0.5799999999999983,1.6210635078371722,0
Wa,Upper West,2023-10-01,0.3819604654644714,22.1,31.014285714285712,22.814285714285713,96.85714285714286,32.49,32.15425277044193,-0.011942968527608677,-25.374999999999993,-10.39,1.3026392383535081,0
Wa,Upper West,2023-10-08,0.3739984864460656,29.7,29.37142857142857,22.542857142857144,97.14285714285714,25.48,25.56665005069289,-0.011942968527608677,-4.699999999999992,4.219999999999999,0.852616862917923,0
Wa,Upper West,2023-10-15,0.37560232910746905,24.2,30.814285714285713,22.5,96.85714285714286,29.78,27.832597128860527,-0.004768602267751776,-2.324999999999992,-5.580000000000002,0.5493803092687101,0
Wa,Upper West,2023-10-22,0.37720617176887256,4.6,31.871428571428574,22.557142857142857,93.42857142857143,31.34,30.09854420702817,1.4308572152899046e-05,-15.549999999999995,-26.740000000000002,0.31362553847484265,0
Wa,Upper West,2023-10-29,0.37881001443027607,11.600000000000001,32.9,22.714285714285715,86.14285714285714,34.14,33.844932713327296,0.002405763992105292,-5.92499999999999,-22.54,0.20877852291314838,0
Wa,Upper West,2023-11-05,0.3804138570916795,0.30000000000000004,33.542857142857144,23.442857142857143,82.28571428571429,34.8,33.308180669455055,0.0024057639921052365,-9.874999999999993,-34.5,-0.12535122544477784,0
Wa,Upper West,2023-11-12,0.382017699753083,0.6000000000000001,33.57142857142857,23.714285714285715,87.0,32.86,32.88050404983642,0.002405763992105181,-3.674999999999993,-32.26,-0.3555831904806629,0
Wa,Upper West,2023-11-19,0.3836215424144865,0.0,33.92857142857143,22.014285714285712,70.85714285714286,38.53,34.92761482960356,0.0024057639921052365,-3.1249999999999933,-38.53,-0.4573236278034921,0
Wa,Upper West,2023-11-26,0.3598571963709968,1.9,33.642857142857146,21.857142857142858,70.57142857142857,35.7,34.02408584894954,-0.016620377536564646,1.200000000000007,-33.800000000000004,-0.5544904916079926,0
Wa,Upper West,2023-12-03,0.3028314889973985,4.8,33.6,21.8,81.14285714285714,32.699999999999996,35.59178672967812,-0.05425049288659273,2.9750000000000068,-27.899999999999995,-0.49753655722880064,0
Wa,Upper West,2023-12-10,0.348797890223021,0.0,34.1,20.071428571428573,55.285714285714285,40.78,35.00113231150246,2.0860721545334915e-05,-1.6749999999999927,-40.78,-0.5710589088819392,0
Wa,Upper West,2023-12-17,0.269845659754688,0.0,32.92857142857143,19.385714285714283,41.285714285714285,44.41,34.4104778933268,-0.05048739908183808,-1.6749999999999927,-44.41,-0.6217996867834011,0
Wa,Upper West,2023-12-24,0.2803690411810353,0.0,33.285714285714285,19.928571428571427,32.285714285714285,48.16,34.46587232590758,-0.020091978858000403,-1.1999999999999929,-48.16,-0.745717640978128,0
Wa,Upper West,2023-12-31,0.25256170022316465,0.0,33.74285714285714,19.599999999999998,36.42857142857143,46.26,35.74922035911504,-0.03533187262231258,0.0,-46.26,-0.9041531311602437,0
