community,region,date,ndvi,rainfall_mm,temp_max,temp_min,humidity,et0,lst_celsius,ndvi_anomaly,rainfall_deficit,water_balance,spei_proxy,drought_label,community_enc,region_enc,rf_score,rule_score,ensemble_score,alert_triggered,lstm_score,ensemble_score_v2,alert_v2
Bolgatanga,Upper East,2022-01-02,0.2075877695430846,0.0,34.95,21.5,18.0,15.55,35.620114989006595,0.0,0.0,-15.55,0.6407018911200181,0,0,10,0.0044594594594594,0.0,0.0026756756756756,0,0.0,0.00178378378378376,0
Bolgatanga,Upper East,2022-01-09,0.1849371232892877,0.0,33.5,21.385714285714283,25.0,48.89,37.95809244610689,-0.0113253231268984,0.0,-48.89,0.2038202349111049,0,0,10,0.0,0.0,0.0,0,0.0,0.0,0
Bolgatanga,Upper East,2022-01-16,0.1894360142204431,0.0,35.34285714285714,21.77142857142857,17.428571428571427,55.5,36.97599711895688,-0.004550954797162,0.0,-55.5,-0.2921284646101606,0,0,10,0.0,0.0,0.0,0,0.0,0.0,0
Bolgatanga,Upper East,2022-01-23,0.1845094939861317,0.0,32.9,19.87142857142857,15.571428571428571,56.15,35.99390179180688,-0.007108106273605,0.0,-56.15,-0.7938855723240177,0,0,10,0.005,0.0,0.003,0,0.0,0.002,0
Bolgatanga,Upper East,2022-01-30,0.1980994031266005,0.0,34.68571428571429,21.142857142857142,15.714285714285714,58.260000000000005,35.619919634056885,0.0088538944709847,0.0,-58.260000000000005,-1.1755426706402925,0,0,10,0.0,0.4,0.16,0,0.10211566090583801,0.12084626436233523,0
Bolgatanga,Upper East,2022-02-06,0.1839884863229443,0.0,34.67142857142857,20.5,13.428571428571429,57.12,35.5315120422552,-0.0050198630910855,0.0,-57.12,-1.2490860543711035,0,0,10,0.005,0.4,0.163,0,0.18833275139331818,0.1573331005573273,0
Bolgatanga,Upper East,2022-02-13,0.1921744384920032,0.0,37.31428571428571,22.542857142857144,16.857142857142858,56.47,41.05620384644533,0.0024814830100833,0.0,-56.47,-1.257753986596971,0,0,10,0.005,0.5,0.203,0,0.20930442214012146,0.1857217688560486,0
Bolgatanga,Upper East,2022-02-20,0.1760555068292211,0.0,38.8,24.4,17.714285714285715,59.73,39.61353231064726,-0.0115239518634711,0.0,-59.73,-1.2897449117192432,0,0,10,0.0097058823529411,0.5,0.2058235294117647,0,0.16349801421165466,0.16928155862583832,0
Bolgatanga,Upper East,2022-02-27,0.1829496949536209,0.0,38.12857142857143,24.11428571428572,16.428571428571427,57.92,38.17212691753633,-0.0008423366958265,0.0,-57.92,-1.286706667433888,0,0,10,0.0097058823529411,0.5,0.2058235294117647,0,0.12328750640153885,0.15319735550179198,0
Bolgatanga,Upper East,2022-03-06,0.1761143714591549,0.1,38.75714285714286,26.642857142857142,47.42857142857143,46.07,42.0421377846294,-0.005709131474345,0.075,-45.97,-1.1870701268994357,0,0,10,0.0560487285790222,0.5,0.2336292371474133,0,0.10327622294425964,0.16372998060931274,0
Bolgatanga,Upper East,2022-03-13,0.1692790479646891,0.0,39.62857142857143,26.685714285714287,32.142857142857146,53.88,38.175820712679865,-0.0068206073369824,-0.025,-53.88,-1.1639258542551096,0,0,10,0.0718936416252592,0.5,0.2431361849751555,0,0.056651316583156586,0.1514179832833663,0
Bolgatanga,Upper East,2022-03-20,0.1764912436193993,8.7,38.07142857142857,26.942857142857143,64.14285714285714,42.42,34.30950364073033,0.0002826541201832,6.5,-33.72,-0.931500166425414,0,0,10,0.0,0.0,0.0,0,0.03669320419430733,0.014677281677722932,0
Bolgatanga,Upper East,2022-03-27,0.1837034392741095,0.6,38.92857142857143,27.942857142857143,59.0,44.73,38.81756981475411,0.0073064136947713,-1.7499999999999996,-44.13,-0.8082725526164363,0,0,10,0.0091503267973856,0.1,0.0454901960784313,0,0.014748528599739075,0.029559542158849875,0
Bolgatanga,Upper East,2022-04-03,0.1909156349288197,0.7999999999999999,38.457142857142856,27.4,45.71428571428572,49.27,39.18913821425849,0.0108182934820653,-1.725,-48.470000000000006,-0.8306125841264032,0,0,10,0.0,0.1,0.04,0,0.007816214114427567,0.02312648564577103,0
Bolgatanga,Upper East,2022-04-10,0.1981278305835299,2.1,38.98571428571428,27.75714285714286,64.85714285714286,47.63,36.77544147661723,0.0108182934820653,-0.9499999999999996,-45.53,-0.7559968788831137,0,0,10,0.0093653846153846,0.0,0.0056192307692307,0,0.005764106288552284,0.006051796361574754,0
Bolgatanga,Upper East,2022-04-17,0.2053400262382402,22.7,37.271428571428565,25.857142857142858,75.71428571428571,44.57,40.71614132370155,0.0108182934820653,16.15,-21.87,-0.6501051295258705,0,0,10,0.0,0.1,0.04,0,0.007095665670931339,0.02283826626837254,0
Bolgatanga,Upper East,2022-04-24,0.2125522218929504,22.8,37.22857142857144,26.228571428571428,73.14285714285714,42.08,42.180512522429126,0.0108182934820653,10.7,-19.28,-0.4280452163167994,0,0,10,0.0044594594594594,0.1,0.0426756756756756,0,0.003688096534460783,0.023259022397568076,0
Bolgatanga,Upper East,2022-05-01,0.2197644175476606,19.0,36.51428571428571,26.2,72.28571428571429,38.370000000000005,41.554548155988265,0.0108182934820653,2.3500000000000014,-19.370000000000005,-0.1680072495407845,0,0,10,0.0,0.1,0.04,0,0.0010144670959562063,0.020405786838382487,0
Bolgatanga,Upper East,2022-05-08,0.2269766132023709,2.7,36.05714285714286,26.571428571428573,76.71428571428571,40.2,40.9285837895474,0.0108182934820653,-14.1,-37.5,-0.0962510683307708,0,0,10,0.005,0.3,0.123,0,0.0003674856561701745,0.062146994262468065,0
Bolgatanga,Upper East,2022-05-15,0.2341888088570811,22.6,36.114285714285714,26.02857142857143,84.0,41.58,40.302619423106535,0.0108182934820653,5.824999999999999,-18.98,-0.0704259919052489,0,0,10,0.0,0.1,0.04,0,0.000235714964219369,0.02009428598568775,0
Bolgatanga,Upper East,2022-05-22,0.2669605408131911,27.0,33.885714285714286,25.25714285714286,83.71428571428571,35.67,32.72410113712726,0.0299879457081151,9.175,-8.670000000000002,0.0243851018230507,0,0,10,0.0,0.0,0.0,0,0.0002492403727956116,9.969614911824465e-05,0
Bolgatanga,Upper East,2022-05-29,0.2997322727693012,4.6,33.142857142857146,24.542857142857144,87.85714285714286,36.12,36.49749071242627,0.0427677138588151,-9.625,-31.52,-0.0841874513153884,0,0,10,0.0,0.0,0.0,0,0.00020861398661509156,8.344559464603663e-05,0
Bolgatanga,Upper East,2022-06-05,0.3325040047254113,4.9,34.857142857142854,25.3,79.28571428571429,41.07,31.906315412186245,0.0491575979341651,-9.874999999999998,-36.17,-0.072302554552086,0,0,10,0.0,0.0,0.0,0,0.00018711767916101962,7.484707166440786e-05,0
Bolgatanga,Upper East,2022-06-12,0.3566687249856332,19.8,32.2,24.31428571428572,88.0,33.59,37.22682390375627,0.042702339162249,5.725,-13.790000000000004,-0.0259246491373947,0,0,10,0.0,0.0,0.0,0,0.00023774178407620639,9.509671363048256e-05,0
Bolgatanga,Upper East,2022-06-19,0.3808334452458551,51.7,30.12857142857143,23.485714285714288,93.57142857142856,26.24,30.9807283479492,0.0383988333143048,31.450000000000003,25.46,0.2790614610366737,0,0,10,0.0,0.0,0.0,0,0.0005360022187232971,0.00021440088748931886,0
Bolgatanga,Upper East,2022-06-26,0.404998165506077,32.4,30.685714285714287,22.65714285714285,94.71428571428572,30.44,32.11795269412013,0.0362470803903328,5.199999999999996,1.9600000000000009,0.5782391630181506,0,0,10,0.0,0.0,0.0,0,0.00025080653722397983,0.00010032261488959194,0
Bolgatanga,Upper East,2022-07-03,0.4116996539554782,28.0,29.82857142857143,23.31428571428572,93.71428571428572,25.31,33.25517704029106,0.0231496565322172,-4.975000000000001,2.6899999999999977,0.9254926128090764,0,0,10,0.0,0.0,0.0,0,7.613877824041992e-05,3.045551129616797e-05,0
Bolgatanga,Upper East,2022-07-10,0.4184011424048794,14.0,31.5,23.342857142857145,93.57142857142856,30.64,34.392401386461984,0.014418040626807,-17.525,-16.64,0.9000249768877142,0,0,10,0.0,0.2,0.08,0,4.160471507930197e-05,0.040016641886031726,0
Bolgatanga,Upper East,2022-07-17,0.4251026308542805,20.3,30.8,23.557142857142857,91.28571428571428,27.92,35.075472854929615,0.0100522326741017,-3.375,-7.620000000000001,0.6044216799478319,0,0,10,0.005,0.0,0.003,0,4.120167068322189e-05,0.002016480668273289,0
Bolgatanga,Upper East,2022-07-24,0.4318041193036817,67.9,28.77142857142857,22.414285714285715,95.42857142857144,25.69,29.380224649726927,0.0100522326741017,35.35,42.21000000000001,0.9640961872582992,0,0,10,0.0,0.0,0.0,0,7.05365528119728e-05,2.821462112478912e-05,0
Bolgatanga,Upper East,2022-07-31,0.4385056077530829,41.9,29.52857142857143,22.65714285714285,94.71428571428572,25.89,30.53672629755701,0.0100522326741017,5.874999999999993,16.009999999999998,1.083123875143403,0,0,10,0.0,0.0,0.0,0,5.997416519676335e-05,2.398966607870534e-05,0
Bolgatanga,Upper East,2022-08-07,0.4452070962024841,15.1,29.357142857142858,22.47142857142857,95.0,28.42,31.693227945387093,0.0100522326741017,-21.200000000000003,-13.320000000000002,1.1127914369886391,0,0,10,0.0,0.2,0.08,0,4.044847082695924e-05,0.04001617938833079,0
Bolgatanga,Upper East,2022-08-14,0.4519085846518852,35.0,29.47142857142857,23.24285714285714,96.14285714285714,23.84,33.03229090017163,0.0100522326741017,-4.9750000000000085,11.16,1.2806097536915109,0,0,10,0.0,0.0,0.0,0,3.04094919556519e-05,1.216379678226076e-05,0
Bolgatanga,Upper East,2022-08-21,0.4586100731012864,38.6,28.74285714285714,22.17142857142857,96.14285714285714,25.75,28.13993343111821,0.0100522326741017,5.949999999999996,12.85,1.0182484236384592,0,0,10,0.0,0.0,0.0,0,2.872746335924603e-05,1.1490985343698412e-05,0
Bolgatanga,Upper East,2022-08-28,0.4653115615506876,63.6,28.32857142857143,22.37142857142857,96.71428571428572,22.31,28.715456145411736,0.0100522326741017,25.52499999999999,41.28999999999999,1.2441508222672444,0,0,10,0.0,0.0,0.0,0,4.213206557324156e-05,1.6852826229296627e-05,0
Bolgatanga,Upper East,2022-09-04,0.4720130500000888,58.5,28.87142857142857,22.428571428571427,96.42857142857144,23.84,29.290978859705262,0.0100522326741017,9.574999999999996,34.66,1.6729007070065296,0,0,10,0.0,0.0,0.0,0,3.5543129342840984e-05,1.4217251737136395e-05,0
Bolgatanga,Upper East,2022-09-11,0.4787145384494899,67.4,28.6,22.585714285714285,97.85714285714286,23.58,25.55000000000001,0.0100522326741017,10.375,43.82000000000001,1.9647508786527368,0,0,10,0.0,0.0,0.0,0,2.56062612606911e-05,1.024250450427644e-05,0
Bolgatanga,Upper East,2022-09-18,0.4854160268988912,91.0,28.27142857142857,21.9,96.85714285714286,21.42,26.36659129451664,0.0100522326741017,20.875,69.58,2.4716908736769065,0,0,10,0.0,0.0,0.0,0,2.236168074887246e-05,8.944672299548985e-06,0
Bolgatanga,Upper East,2022-09-25,0.4921175153482923,50.4,28.87142857142857,22.32857142857143,98.57142857142856,24.95,29.18175791201935,0.0100522326741017,-16.425000000000004,25.45,2.3301444340297564,0,0,10,0.0,0.2,0.08,0,1.9816900021396577e-05,0.04000792676000857,0
Bolgatanga,Upper East,2022-10-02,0.4988190037976935,12.8,28.642857142857142,22.285714285714285,98.0,23.44,29.648820794055894,0.0100522326741017,-42.60000000000001,-10.64,1.925343063069156,0,0,10,0.0,0.2,0.08,0,1.945516123669222e-05,0.040007782064494686,0
Bolgatanga,Upper East,2022-10-09,0.5055204922470947,12.3,30.285714285714285,22.17142857142857,96.85714285714286,27.37,29.59800576208648,0.0100522326741017,-29.32500000000001,-15.070000000000002,1.399101280820375,0,0,10,0.0,0.2,0.08,0,1.9638269805000164e-05,0.04000785530792201,0
Bolgatanga,Upper East,2022-10-16,0.5122219806964958,10.6,31.385714285714283,22.357142857142858,96.42857142857144,29.38,31.52701045431189,0.0100522326741017,-10.925000000000004,-18.78,0.6095152071321043,0,0,10,0.0049242424242424,0.2,0.0829545454545454,0,2.2477410311694257e-05,0.041978687933821646,0
Bolgatanga,Upper East,2022-10-23,0.518923469145897,0.0,32.8,21.9,87.14285714285714,34.82,33.45601514653731,0.0100522326741017,-8.925000000000008,-34.82,0.0709417274898219,0,0,10,0.0,0.0,0.0,0,6.50729562039487e-05,2.6029182481579483e-05,0
Bolgatanga,Upper East,2022-10-30,0.4454963912457261,0.0,34.4,21.37142857142857,74.71428571428571,39.35,35.38501983876273,-0.0500441920880773,-5.725000000000007,-39.35,-0.1856111943706382,0,0,10,0.0235375852044907,0.3,0.1341225511226944,0,0.0008874572813510895,0.06977001699433671,0
Bolgatanga,Upper East,2022-11-06,0.373935485937222,0.0,35.05714285714286,22.514285714285712,56.57142857142857,43.0,37.28329576183393,-0.0887088458191132,-2.6500000000000075,-43.0,-0.4351940263999887,0,0,10,0.0542831276532404,0.3,0.1525698765919442,0,0.028357891365885735,0.09305640760765045,0
Bolgatanga,Upper East,2022-11-13,0.3057661549606889,0.0,34.92857142857143,21.685714285714287,63.285714285714285,38.96,38.65460512016978,-0.1052642203616945,0.0,-38.96,-0.6155227607484417,0,0,10,0.0830695500670335,0.4,0.2098417300402201,0,0.4988967776298523,0.3127865310787543,0
Bolgatanga,Upper East,2022-11-20,0.3143604096012706,0.0,35.1,20.75714285714286,48.57142857142857,44.13,37.08830877707305,-0.0455292008349563,0.0,-44.13,-0.6987170380915586,0,0,10,0.0,0.0,0.0,0,0.2802775800228119,0.11211103200912476,0
Bolgatanga,Upper East,2022-11-27,0.2846761131362042,0.0,35.51428571428572,20.457142857142856,38.285714285714285,45.89,37.92698476079755,-0.0350084277726421,0.0,-45.89,-0.757158560521632,0,0,10,0.0,0.0,0.0,0,0.18600969016551971,0.0744038760662079,0
Bolgatanga,Upper East,2022-12-04,0.2566876252933225,0.0,34.32857142857143,21.585714285714285,52.57142857142857,35.43,37.09662286133101,-0.033684950454549,0.0,-35.43,-0.6895129451094522,0,0,10,0.0,0.0,0.0,0,0.28851810097694397,0.1154072403907776,0
Bolgatanga,Upper East,2022-12-11,0.1806425922644136,0.0,35.98571428571429,21.928571428571427,30.714285714285715,48.56,37.09152366751744,-0.0784490928093891,0.0,-48.56,-0.7752986661077251,0,0,10,0.1312632110697572,0.3,0.1987579266418543,0,0.15024378895759583,0.1726028000109412,0
Bolgatanga,Upper East,2022-12-18,0.219444812361354,0.0,35.68571428571429,20.77142857142857,25.0,48.33,35.39832811038943,-0.0159179734024695,0.0,-48.33,-0.8128299190444694,0,0,10,0.0,0.0,0.0,0,0.09826195240020752,0.03930478096008301,0
Bolgatanga,Upper East,2022-12-25,0.2122060656488446,0.0,32.785714285714285,20.61428571428572,22.857142857142858,50.77,33.70513255326142,-0.005039208243139,0.0,-50.77,-0.856437660551925,0,0,10,0.005,0.0,0.003,0,0.13343720138072968,0.05537488055229187,0
Bolgatanga,Upper East,2023-01-01,0.2049673189363353,0.0,33.51428571428571,20.5,22.714285714285715,52.65,33.105470317672854,0.0006521216335984,0.0,-52.65,-1.0103157975925772,0,0,10,0.0,0.4,0.16,0,0.18616923689842224,0.15446769475936892,0
Bolgatanga,Upper East,2023-01-08,0.1532575485780453,0.0,34.41428571428572,20.714285714285715,24.285714285714285,50.79,34.70073043291454,-0.0442113878030994,0.0,-50.79,-1.0302431056994676,0,0,10,0.1086687321972942,0.4,0.2252012393183765,0,0.16494132578372955,0.18944402319240952,0
Bolgatanga,Upper East,2023-01-15,0.1873534206406848,0.0,34.528571428571425,21.085714285714285,19.285714285714285,53.39,36.29599054815623,-0.0020926678102927,0.0,-53.39,-1.0754593294756405,0,0,10,0.0,0.4,0.16,0,0.15175023674964905,0.14070009469985964,0
Bolgatanga,Upper East,2023-01-22,0.2014471076903692,0.0,35.48571428571428,20.74285714285714,23.142857142857142,50.13,37.80075336753521,0.0146907587290105,0.0,-50.13,-1.069740281409089,0,0,10,0.0234166043427225,0.4,0.1740499626056335,0,0.1481640338897705,0.14863225529299723,0
Bolgatanga,Upper East,2023-01-29,0.2015765769057113,0.0,36.9,21.82857142857143,25.857142857142858,46.62,38.08334554828264,0.0156679134520086,0.0,-46.62,-1.0158561254070488,0,0,10,0.0095780922431865,0.5,0.2057468553459119,0,0.14576159417629242,0.16213587456779158,0
Bolgatanga,Upper East,2023-02-05,0.1788105396397927,0.0,37.7,22.87142857142857,19.142857142857142,54.64,36.84488210467799,-0.0134863715793467,0.0,-54.64,-1.050259773932398,0,0,10,0.0,0.4,0.16,0,0.13319827616214752,0.13327931046485902,0
Bolgatanga,Upper East,2023-02-12,0.1911222659050801,0.0,38.17142857142857,24.357142857142858,21.571428571428573,56.22,38.5442187065633,-0.0021168566301582,0.0,-56.22,-1.0755486896016804,0,0,10,0.0047058823529411,0.5,0.2028235294117647,0,0.12083187699317932,0.15021510373844818,0
Bolgatanga,Upper East,2023-02-19,0.1828147876597255,0.0,35.9,22.65714285714285,16.714285714285715,61.49,37.00154641259565,-0.0057662548678518,0.0,-61.49,-1.17706179278297,0,0,10,0.0,0.4,0.16,0,0.10368619114160538,0.12147447645664217,0
Bolgatanga,Upper East,2023-02-26,0.1516290061200226,0.0,38.71428571428572,23.82857142857143,20.285714285714285,54.86,42.45662033409985,-0.0244651437111325,0.0,-54.86,-1.250694536639821,0,0,10,0.019287045666356,0.5,0.2115722273998136,0,0.13163042068481445,0.1603669865404682,0
Bolgatanga,Upper East,2023-03-05,0.1042694063967794,0.0,39.142857142857146,25.642857142857142,42.57142857142857,48.0,42.5094212641209,-0.0531894601236225,0.0,-48.0,-1.191359412949349,1,0,10,0.9849054367527772,0.7999999999999999,0.9109432620516664,1,0.14243574440479279,0.6109364724630281,0
Bolgatanga,Upper East,2023-03-12,0.133398797783226,0.4,39.75714285714286,26.642857142857142,43.0,50.42,42.56222219414195,-0.0096292017067123,0.2999999999999929,-50.02,-1.1359561348046312,0,0,10,0.1375422476940912,0.5,0.2825253486164547,0,0.08169715851545334,0.18769576248381784,0
Bolgatanga,Upper East,2023-03-19,0.1625281891696726,0.4,38.52857142857143,25.75714285714286,46.142857142857146,49.28,43.01723900022745,0.0245718393022474,0.1999999999999929,-48.88,-1.0232730158683578,0,0,10,0.0840205549269568,0.5,0.2504123329561741,0,0.033625613898038864,0.14705846752999827,0
Bolgatanga,Upper East,2023-03-26,0.1895528522647035,3.3000000000000003,36.642857142857146,25.557142857142857,65.14285714285714,40.57,37.11068095455221,0.0421155408611081,2.274999999999993,-37.27,-0.8660885541642309,0,0,10,0.0,0.0,0.0,0,0.026934241876006126,0.010773696750402451,0
Bolgatanga,Upper East,2023-04-02,0.2165775153597344,10.6,37.9,25.5,61.142857142857146,43.7,37.56598220829443,0.0410631767154002,6.924999999999993,-33.1,-0.732941966364828,0,0,10,0.0,0.0,0.0,0,0.01871313713490963,0.007485254853963852,0
Bolgatanga,Upper East,2023-04-09,0.2279593232174368,21.8,38.08571428571429,25.928571428571427,71.85714285714286,42.83,38.80777376228866,0.0288048532145499,12.774999999999991,-21.03,-0.4738869609752515,0,0,10,0.0,0.1,0.04,0,0.009274635463953018,0.023709854185581213,0
Bolgatanga,Upper East,2023-04-16,0.2393411310751392,0.0,39.957142857142856,26.67142857142857,62.0,50.18,41.73253228537487,0.0209834255958857,-8.925000000000006,-50.18,-0.4855037773604341,0,0,10,0.028268026227585,0.1,0.056960815736551,0,0.0028396497946232557,0.03244307040888331,0
Bolgatanga,Upper East,2023-04-23,0.2419928093244397,2.9000000000000004,38.65714285714286,28.214285714285715,65.0,48.05,37.48301296469458,0.0105251145802522,-5.925000000000004,-45.15,-0.5559195566798498,0,0,10,0.0,0.0,0.0,0,0.00237023807130754,0.000948095228523016,0
Bolgatanga,Upper East,2023-04-30,0.2446444875737403,14.2,37.0,25.785714285714285,79.28571428571429,42.04,37.20130758927439,0.0061600497760513,4.474999999999994,-27.84,-0.5089161303828795,0,0,10,0.0,0.0,0.0,0,0.0029158233664929867,0.0011663293465971948,0
Bolgatanga,Upper East,2023-05-07,0.2472961658230409,12.4,36.91428571428571,26.15714285714285,76.42857142857143,42.13,36.919602213854205,0.0039775173739508,5.024999999999994,-29.730000000000004,-0.5866594400375645,0,0,10,0.0,0.0,0.0,0,0.0035496067721396685,0.0014198427088558674,0
Bolgatanga,Upper East,2023-05-14,0.1975573249804767,32.5,35.885714285714286,26.17142857142857,83.28571428571429,38.24,38.61206035485003,-0.0353153719449477,16.999999999999993,-5.740000000000002,-0.1895430399163925,0,0,10,0.0,0.1,0.04,0,0.00240393471904099,0.0209615738876164,0
Bolgatanga,Upper East,2023-05-21,0.1946569934898578,2.7,34.84285714285714,25.9,81.71428571428571,38.86,36.16321918673697,-0.0263817494769211,-12.750000000000009,-36.16,-0.1092082866065515,0,0,10,0.0,0.2,0.08,0,0.000653877214062959,0.04026155088562519,0
Bolgatanga,Upper East,2023-05-28,0.2420516114333234,6.0,36.08571428571428,26.342857142857145,82.42857142857143,40.03,36.2847311917551,0.0216610875016486,-7.400000000000007,-34.03,-0.1645222046252295,0,0,10,0.0,0.0,0.0,0,0.00031481109908781946,0.00012592443963512778,0
Bolgatanga,Upper East,2023-06-04,0.2635952797163581,1.4,36.04285714285714,26.985714285714288,74.71428571428571,41.620000000000005,36.40624319677323,0.0391299773113541,-9.250000000000009,-40.220000000000006,-0.2582609768410507,0,0,10,0.005,0.0,0.003,0,0.0002744222292676568,0.002109768891707063,0
Bolgatanga,Upper East,2023-06-11,0.2851389479993929,13.2,35.27142857142857,26.2,78.0,40.15,36.68874410163341,0.0387782398396598,7.374999999999993,-26.95,-0.44779380417161,0,0,10,0.0,0.0,0.0,0,0.0004542472888715565,0.00018169891554862261,0
Bolgatanga,Upper East,2023-06-18,0.3066826162824276,22.6,33.114285714285714,25.17142857142857,86.0,31.26,34.76156108411637,0.0323155024245521,11.79999999999999,-8.660000000000004,-0.202053457561974,0,0,10,0.0,0.0,0.0,0,0.001173151540569961,0.00046926061622798443,0
Bolgatanga,Upper East,2023-06-25,0.3282262845654623,44.1,31.6,23.785714285714285,92.14285714285714,29.98,32.83437806659934,0.0323155024245521,23.774999999999988,14.119999999999994,0.2282155493199887,0,0,10,0.0,0.0,0.0,0,0.0006237868219614029,0.0002495147287845612,0
Bolgatanga,Upper East,2023-07-02,0.349769952848497,31.2,30.74285714285714,23.571428571428573,93.57142857142856,25.07,30.907195049082304,0.0323155024245521,3.4249999999999936,6.129999999999999,0.6423997335147755,0,0,10,0.0,0.0,0.0,0,0.000170761690242216,6.83046760968864e-05,0
Bolgatanga,Upper East,2023-07-09,0.3713136211315317,31.4,32.92857142857143,24.357142857142858,91.71428571428572,31.36,30.827543933940262,0.032315502424552,-0.9250000000000114,0.0399999999999991,0.8835827136963783,0,0,10,0.0,0.0,0.0,0,6.480580486822873e-05,2.5922321947291495e-05,0
Bolgatanga,Upper East,2023-07-16,0.3928572894145665,15.0,31.542857142857144,24.214285714285715,89.57142857142857,28.37,31.209551447600973,0.0323155024245521,-15.425000000000008,-13.37,0.8414940943316007,0,0,10,0.0,0.2,0.08,0,4.131096648052335e-05,0.040016524386592214,0
Bolgatanga,Upper East,2023-07-23,0.4144009576976012,43.3,31.0,23.9,94.85714285714286,25.58,31.10533220050968,0.032315502424552,13.074999999999992,17.719999999999995,0.873663739705953,0,0,10,0.0,0.0,0.0,0,3.9423859561793506e-05,1.5769543824717403e-05,0
Bolgatanga,Upper East,2023-07-30,0.435944625980636,48.0,31.12857142857143,23.61428571428572,95.0,26.73,29.232996387709647,0.0323155024245521,13.574999999999989,21.27,1.0089549705303127,0,0,10,0.0,0.0,0.0,0,4.536523556453176e-05,1.8146094225812705e-05,0
Bolgatanga,Upper East,2023-08-06,0.4574882942636706,29.9,30.38571428571429,23.414285714285715,94.85714285714286,25.99,27.360660574909616,0.032315502424552,-4.150000000000006,3.91,1.0435373393077416,0,0,10,0.0,0.0,0.0,0,4.044248998980038e-05,1.617699599592015e-05,0
Bolgatanga,Upper East,2023-08-13,0.4790319625467054,80.6,28.61428571428572,22.885714285714283,97.42857142857144,21.61,27.57710704993976,0.032315502424552,30.14999999999999,58.99,1.6901472113322242,0,0,10,0.0,0.0,0.0,0,3.4015116398222744e-05,1.3606046559289098e-05,0
Bolgatanga,Upper East,2023-08-20,0.5005756308297402,47.2,28.957142857142856,22.785714285714285,97.28571428571428,25.13,27.793553524969905,0.0323155024245521,-4.224999999999994,22.070000000000004,1.729018866159567,0,0,10,0.0,0.0,0.0,0,2.560357461334206e-05,1.0241429845336826e-05,0
Bolgatanga,Upper East,2023-08-27,0.5221192991127749,66.7,30.042857142857144,23.142857142857142,97.85714285714286,26.51,28.010000000000048,0.032315502424552,10.6,40.19,1.898088224626996,0,0,10,0.0,0.0,0.0,0,2.388826214883011e-05,9.555304859532044e-06,0
Bolgatanga,Upper East,2023-09-03,0.5436629673958097,53.7,30.0,22.642857142857142,97.28571428571428,26.4,30.02732499398604,0.0323155024245521,-8.350000000000009,27.300000000000004,2.1071015594342466,0,0,10,0.0,0.0,0.0,0,2.180971387133468e-05,8.723885548533871e-06,0
Bolgatanga,Upper East,2023-09-10,0.5535696133608965,27.9,30.0,22.685714285714287,97.0,27.81,29.688512219161623,0.0235877356860911,-20.97500000000001,0.0899999999999998,1.580770417059426,0,0,10,0.0,0.2,0.08,0,1.9938523109885864e-05,0.04000797540924396,0
Bolgatanga,Upper East,2023-09-17,0.5634762593259832,63.9,29.285714285714285,23.414285714285715,97.14285714285714,24.68,30.66839725580894,0.0177692245271171,10.849999999999994,39.22,1.7340230332177993,0,0,10,0.0,0.0,0.0,0,2.2354173779604025e-05,8.94166951184161e-06,0
Bolgatanga,Upper East,2023-09-24,0.57338290529107,31.200000000000003,30.12857142857143,22.885714285714283,97.0,28.65,29.157649075940867,0.0148599689476301,-12.975000000000009,2.5500000000000007,1.3976715188037372,0,0,10,0.0,0.2,0.08,0,2.253731872770004e-05,0.040009014927491086,0
Bolgatanga,Upper East,2023-10-01,0.5832895512561569,31.7,31.514285714285712,23.31428571428572,97.14285714285714,31.76,29.58743744363568,0.0148599689476301,-6.975000000000005,-0.0599999999999987,1.1531822139586594,0,0,10,0.0,0.0,0.0,0,2.643013431224972e-05,1.0572053724899888e-05,0
Bolgatanga,Upper East,2023-10-08,0.5709274440420644,32.6,30.2,23.214285714285715,97.71428571428572,26.36,26.60385313174936,-0.0018415959367541,-7.250000000000007,6.240000000000002,1.208138691473178,0,0,10,0.0,0.0,0.0,0,3.0165858333930373e-05,1.206634333357215e-05,0
Bolgatanga,Upper East,2023-10-15,0.5585653368279718,8.5,31.74285714285714,23.542857142857144,95.71428571428572,30.76,29.470646649778782,-0.0129759725263439,-17.500000000000007,-22.26,0.6587526365800714,0,0,10,0.0,0.2,0.08,0,3.25266009895131e-05,0.040013010640395814,0
Bolgatanga,Upper East,2023-10-22,0.5462032296138793,3.8,32.457142857142856,23.442857142857143,93.28571428571428,31.72,32.33744016780821,-0.0185431608211387,-15.350000000000003,-27.92,0.3864723325365946,0,0,10,0.0,0.2,0.08,0,7.334718247875571e-05,0.04002933887299151,0
Bolgatanga,Upper East,2023-10-29,0.4563274518846974,0.0,34.04285714285714,23.342857142857145,87.28571428571429,35.4,34.22748843791845,-0.0766784137074558,-11.225000000000003,-35.4,0.0706736471117023,0,0,10,0.1120154043685419,0.5,0.2672092426211251,0,0.0001836027659010142,0.14487960285377718,0
Bolgatanga,Upper East,2023-11-05,0.3837280819269583,0.2,34.642857142857146,23.685714285714287,82.71428571428571,35.28,35.711307083828274,-0.1024779431364183,-2.925000000000007,-35.08,-0.298562393685031,0,0,10,0.0660977809244974,0.3,0.1596586685546984,0,0.001993684796616435,0.08723658628844554,0
Bolgatanga,Upper East,2023-11-12,0.3182630147996341,0.0,34.31428571428571,24.11428571428571,80.71428571428571,33.85,39.19571053097138,-0.1078674297566581,-1.000000000000007,-33.85,-0.4021307797652377,0,0,10,0.0838582293123165,0.4,0.2103149375873899,0,0.04173063114285469,0.1302355441820685,0
Bolgatanga,Upper East,2023-11-19,0.292951005560314,0.0,35.91428571428572,22.728571428571428,60.0,40.53,40.72333720842073,-0.0698663829825869,-0.0500000000000071,-40.53,-0.5148138987015111,0,0,10,0.0978070500670335,0.4,0.2186842300402201,0,0.05740928649902344,0.1420865346264228,0
Bolgatanga,Upper East,2023-11-26,0.2676389963209939,0.3,35.41428571428572,23.32857142857143,63.85714285714285,38.2,38.71823801460738,-0.0480062783309812,0.1749999999999928,-37.900000000000006,-0.537153930211478,0,0,10,0.0092551724137931,0.1,0.0455531034482758,0,0.06423226743936539,0.0493949759412634,0
Bolgatanga,Upper East,2023-12-03,0.2423269870816738,0.0,36.04285714285714,23.4,72.0,35.84,38.46347721701329,-0.0379680138589801,-0.0750000000000071,-35.84,-0.5439452997905078,0,0,10,0.0,0.1,0.04,0,0.07078474014997482,0.04831389605998994,0
Bolgatanga,Upper East,2023-12-10,0.2728563533360378,0.0,35.4,20.47142857142857,47.285714285714285,41.35,36.42484925067606,0.0039130177612828,-0.0750000000000071,-41.35,-0.6109653943204085,0,0,10,0.0,0.0,0.0,0,0.053487494587898254,0.021394997835159302,0
Bolgatanga,Upper East,2023-12-17,0.2604250000594831,0.0,33.885714285714286,20.514285714285712,34.57142857142857,47.96,34.38622128433883,-0.000386834140064,-0.0750000000000071,-47.96,-0.6773599679680303,0,0,10,0.0,0.0,0.0,0,0.07471854984760284,0.02988741993904114,0
Bolgatanga,Upper East,2023-12-24,0.2273501216705388,0.0,34.15714285714286,20.985714285714288,22.571428571428573,52.36,35.48033561626528,-0.0233894938663945,0.0,-52.36,-0.8065747102216788,0,0,10,0.0,0.0,0.0,0,0.2158481776714325,0.086339271068573,0
Bolgatanga,Upper East,2023-12-31,0.2275112429562683,0.0,34.128571428571426,19.714285714285715,29.571428571428573,48.21,35.69126386817965,-0.0195244365493136,0.0,-48.21,-0.9171131861329952,0,0,10,0.0,0.0,0.0,0,0.33670374751091003,0.13468149900436402,0
Cape Coast,Central,2022-01-02,0.1326374095393213,6.7,29.9,23.700000000000003,96.5,7.01,29.437710406145182,0.0,0.0,-0.3099999999999996,-0.0741290486728349,0,1,4,0.0,0.0,0.0,0,0.0,0.0,0
Cape Coast,Central,2022-01-09,0.1326374095393213,21.3,30.385714285714283,23.9,97.0,25.34,27.38361605955856,0.0,7.300000000000001,-4.039999999999999,-0.1277391524082014,0,1,4,0.0,0.0,0.0,0,0.0,0.0,0
Cape Coast,Central,2022-01-16,0.1658184391797125,5.7,30.914285714285715,24.17142857142857,95.71428571428572,25.67,27.68365832545311,0.0221206864269274,-5.533333333333334,-19.97,-0.3927376107238619,0,1,4,0.0,0.0,0.0,0,0.0,0.0,0
Cape Coast,Central,2022-01-23,0.1989994688201037,2.4,30.75714285714286,22.75714285714286,96.85714285714286,28.14,27.983700591347656,0.041476287050489,-6.625,-25.74,-0.7343029746219639,0,1,4,0.0,0.0,0.0,0,0.0,0.0,0
Cape Coast,Central,2022-01-30,0.1055128605286629,0.7999999999999999,30.65714285714285,23.4,98.71428571428572,29.0,29.19471040941625,-0.0452291839882872,-6.75,-28.2,-1.1043984679831942,0,1,4,0.0297597254004576,0.4,0.1778558352402746,0,0.00022056112356949598,0.09199211460961085,0
Cape Coast,Central,2022-02-06,0.1069176434301822,13.0,30.5,23.485714285714288,97.85714285714286,28.44,29.218711981149227,-0.037394459559483,7.525,-15.44,-1.25567450327606,0,1,4,0.0097727272727272,0.4,0.1658636363636364,0,0.0009789986070245504,0.08430069035190071,0
Cape Coast,Central,2022-02-13,0.1083224263317016,7.5,30.342857142857145,24.27142857142857,95.42857142857144,27.44,28.8590221801461,-0.0216156734459609,1.5749999999999993,-19.94,-1.2552764084463417,0,1,4,0.0094602272727272,0.4,0.1656761363636364,0,0.004385491833090782,0.08553828764232721,0
Cape Coast,Central,2022-02-20,0.109727209233221,24.5,30.6,24.185714285714287,96.42857142857144,26.13,30.17159316857294,0.002107174352279,13.05,-1.629999999999999,-0.935340863629588,0,1,4,0.0,0.0,0.0,0,0.0028896715957671404,0.0011558686383068562,0
Cape Coast,Central,2022-02-27,0.1111319921347403,5.4,30.385714285714283,24.65714285714285,96.71428571428572,28.54,30.1719554745477,0.002107174352279,-7.200000000000001,-23.14,-0.8681955356838074,0,1,4,0.0,0.0,0.0,0,0.0008197094430215657,0.0003278837772086263,0
Cape Coast,Central,2022-03-06,0.1125367750362597,15.0,30.5,24.142857142857142,96.42857142857144,29.02,31.49613136341742,0.002107174352279,1.8999999999999984,-14.02,-0.8493523804104854,0,1,4,0.0,0.0,0.0,0,0.00038956597563810647,0.00015582639025524259,0
Cape Coast,Central,2022-03-13,0.1139415579377791,11.9,30.571428571428573,25.17142857142857,96.42857142857144,28.83,31.18666568170872,0.002107174352279,-2.3000000000000007,-16.93,-0.809410199162106,0,1,4,0.0,0.0,0.0,0,0.000296226964564994,0.0001184907858259976,0
Cape Coast,Central,2022-03-20,0.1153463408392984,25.0,30.785714285714285,25.02857142857143,94.0,29.04,30.877200000000016,0.002107174352279,10.675,-4.039999999999999,-0.841390483816124,0,1,4,0.0,0.0,0.0,0,0.0002617791760712862,0.00010471167042851448,0
Cape Coast,Central,2022-03-27,0.1167511237408178,5.7,30.6,25.085714285714285,93.28571428571428,30.04,30.017433880495048,0.002107174352279,-8.700000000000003,-24.34,-0.8573142770048467,0,1,4,0.0,0.0,0.0,0,0.00023228318605106324,9.29132744204253e-05,0
Cape Coast,Central,2022-04-03,0.1181559066423372,20.1,31.228571428571428,25.77142857142857,91.85714285714286,29.6,34.4004807692308,0.002107174352279,4.425000000000001,-9.5,-0.7973346559939913,0,1,4,0.0,0.0,0.0,0,0.0001722496672300622,6.889986689202487e-05,0
Cape Coast,Central,2022-04-10,0.1195606895438565,23.2,30.6,24.74285714285714,94.14285714285714,29.03,30.98557265169376,0.002107174352279,4.699999999999999,-5.830000000000002,-0.6500395689983062,0,1,4,0.0,0.0,0.0,0,0.0001577798102516681,6.311192410066724e-05,0
Cape Coast,Central,2022-04-17,0.1209654724453759,39.6,29.485714285714288,24.142857142857142,95.85714285714286,24.35,29.932821394686982,0.002107174352279,17.450000000000003,15.25,-0.3940645934895888,0,1,4,0.0,0.0,0.0,0,0.00013708941696677357,5.483576678670943e-05,0
Cape Coast,Central,2022-04-24,0.1223702553468953,67.9,29.74285714285714,23.9,97.0,26.32,26.94947315697692,0.002107174352279,30.200000000000003,41.580000000000005,0.4806824456775786,0,1,4,0.0,0.0,0.0,0,9.079009760171175e-05,3.63160390406847e-05,0
Cape Coast,Central,2022-05-01,0.1237750382484146,38.6,29.24285714285714,23.885714285714283,96.85714285714286,24.880000000000003,31.685792057886147,0.002107174352279,-3.7250000000000014,13.72,0.788807843879363,0,1,4,0.0,0.0,0.0,0,4.0793736843625084e-05,1.6317494737450033e-05,0
Cape Coast,Central,2022-05-08,0.125179821149934,36.3,30.057142857142857,24.385714285714283,95.71428571428572,27.81,29.95940079287556,0.002107174352279,-9.300000000000004,8.489999999999995,0.978831775931454,0,1,4,0.0,0.0,0.0,0,2.8323367587290704e-05,1.1329347034916282e-05,0
Cape Coast,Central,2022-05-15,0.1265846040514534,29.4,29.571428571428573,24.385714285714283,96.71428571428572,25.38,28.233009527864965,0.002107174352279,-13.650000000000002,4.020000000000003,0.829811611340324,0,1,4,0.005,0.2,0.083,0,2.3345946829067543e-05,0.04200933837873164,0
Cape Coast,Central,2022-05-22,0.1279893869529727,120.3,28.571428571428573,23.914285714285715,96.85714285714286,21.84,28.6939642425707,0.002107174352279,64.15,98.46,1.5845994084857804,0,1,4,0.0,0.0,0.0,0,2.275878614454996e-05,9.103514457819983e-06,0
Cape Coast,Central,2022-05-29,0.1293941698544921,40.9,28.214285714285715,23.2,97.71428571428572,24.24,29.39968219311021,0.002107174352279,-15.825000000000005,16.66,1.623612701798151,0,1,4,0.0,0.2,0.08,0,2.283400681335479e-05,0.04000913360272535,0
Cape Coast,Central,2022-06-05,0.1307989527560115,33.6,28.32857142857143,23.52857142857143,96.14285714285714,24.77,27.85650997520088,0.002107174352279,-22.45,8.830000000000002,1.6281244432016224,0,1,4,0.0,0.2,0.08,0,2.1043575543444604e-05,0.04000841743021739,0
Cape Coast,Central,2022-06-12,0.1322037356575308,40.1,28.585714285714285,23.357142857142858,96.0,24.47,28.19144683504834,0.002107174352279,-18.625,15.630000000000004,1.7821871423025142,0,1,4,0.0,0.2,0.08,0,1.9577926650526933e-05,0.040007831170660216,0
Cape Coast,Central,2022-06-19,0.1336085185590502,136.8,27.87142857142857,22.514285714285712,97.42857142857144,19.66,27.25672573860737,0.002107174352279,73.95000000000002,117.14,2.0300675229402985,0,1,4,0.0,0.0,0.0,0,1.8606426237965934e-05,7.442570495186374e-06,0
Cape Coast,Central,2022-06-26,0.1350133014605695,40.7,27.457142857142856,22.571428571428573,97.28571428571428,22.56,26.322004642166405,0.002107174352279,-22.099999999999994,18.140000000000004,2.049706867873057,0,1,4,0.0,0.2,0.08,0,2.083736762870103e-05,0.040008334947051485,0
Cape Coast,Central,2022-07-03,0.1364180843620889,83.4,27.042857142857144,22.985714285714288,95.28571428571428,22.32,26.78006627349072,0.002107174352279,8.150000000000006,61.080000000000005,2.743055362965358,0,1,4,0.0,0.0,0.0,0,1.9762603187700734e-05,7.905041275080294e-06,0
Cape Coast,Central,2022-07-10,0.1378228672636083,32.5,27.428571428571427,23.185714285714287,94.42857142857144,24.28,27.23812790481503,0.002107174352279,-40.85,8.219999999999999,2.644725940024995,0,1,4,0.0,0.2,0.08,0,1.825478466344066e-05,0.04000730191386538,0
Cape Coast,Central,2022-07-17,0.1392276501651276,24.5,26.87142857142857,23.685714285714287,90.57142857142856,23.62,27.68157574798164,0.002107174352279,-20.77500000000001,0.879999999999999,1.10197577659091,0,1,4,0.0,0.2,0.08,0,1.7582509826752357e-05,0.04000703300393071,0
Cape Coast,Central,2022-07-24,0.140632433066647,5.8,27.228571428571428,22.3,89.71428571428571,29.42,28.388792423602297,0.002107174352279,-30.750000000000004,-23.62,0.5478277736233597,0,1,4,0.0,0.2,0.08,0,1.9677579985000193e-05,0.040007871031994005,0
Cape Coast,Central,2022-07-31,0.1420372159681664,8.2,26.928571428571427,22.31428571428572,93.42857142857144,25.29,28.03431152181156,0.002107174352279,-9.55,-17.09,-0.4894746543453521,0,1,4,0.0044594594594594,0.0,0.0026756756756756,0,2.0558836695272475e-05,0.001792007318461869,0
Cape Coast,Central,2022-08-07,0.1434419988696857,2.6,26.3,21.27142857142857,93.57142857142856,25.07,26.96757478169326,0.002107174352279,-7.675000000000001,-22.47,-0.8967256651469352,0,1,4,0.0044594594594594,0.0,0.0026756756756756,0,3.68002692994196e-05,0.0017985038915035278,0
Cape Coast,Central,2022-08-14,0.1448467817712051,5.8,26.842857142857145,22.585714285714285,93.57142857142856,23.83,28.65669454741311,0.002107174352279,0.2000000000000001,-18.03,-1.1476581061458904,0,1,4,0.0236991606345888,0.4,0.1742194963807533,0,0.00014135701349005103,0.08953620705923156,0
Cape Coast,Central,2022-08-21,0.1462515646727245,21.0,26.17142857142857,22.02857142857143,98.42857142857144,23.81,28.437728319927693,0.002107174352279,11.6,-2.8100000000000023,-0.8715129925981243,0,1,4,0.0,0.0,0.0,0,0.0008312120917253196,0.00033248483669012785,0
Cape Coast,Central,2022-08-28,0.1476563475742438,19.8,25.985714285714288,21.985714285714288,98.28571428571428,20.4,28.21876209244228,0.002107174352279,7.5,-0.5999999999999979,-0.6526935345297598,0,1,4,0.0,0.0,0.0,0,0.0008914549252949655,0.00035658197011798623,0
Cape Coast,Central,2022-09-04,0.1490611304757632,19.7,26.842857142857145,22.042857142857144,98.0,23.88,27.999795864956862,0.002107174352279,3.125,-4.18,-0.4099883866783112,0,1,4,0.0,0.0,0.0,0,0.00038111783214844763,0.00015244713285937907,0
Cape Coast,Central,2022-09-11,0.1504659133772826,8.3,26.81428571428572,22.685714285714287,96.14285714285714,24.51,27.021457390404805,0.002107174352279,-8.899999999999999,-16.209999999999997,-0.3858373003420818,0,1,4,0.0,0.0,0.0,0,0.000164522702107206,6.58090808428824e-05,0
Cape Coast,Central,2022-09-18,0.1518706962788019,21.2,26.728571428571428,22.75714285714286,97.0,23.81,30.652918897162465,0.002107174352279,3.9499999999999993,-2.6099999999999994,-0.3831833348106279,0,1,4,0.0,0.0,0.0,0,0.0001202043131343089,4.808172525372356e-05,0
Cape Coast,Central,2022-09-25,0.1532754791803213,30.8,26.97142857142857,22.67142857142857,98.0,23.04,30.24532957626945,0.002107174352279,10.8,7.760000000000002,-0.2722475755958597,0,1,4,0.0,0.0,0.0,0,0.00012456020340323448,4.98240813612938e-05,0
Cape Coast,Central,2022-10-02,0.1546802620818407,31.3,27.085714285714285,22.885714285714283,96.14285714285714,22.52,29.837740255376445,0.002107174352279,8.399999999999999,8.779999999999998,-0.1002706091576545,0,1,4,0.0,0.0,0.0,0,0.00010207243030890822,4.082897212356329e-05,0
Cape Coast,Central,2022-10-09,0.15608504498336,20.6,28.142857142857142,22.857142857142858,97.0,26.47,27.77456140350876,0.002107174352279,-5.375,-5.869999999999997,0.0369394088185061,0,1,4,0.0,0.0,0.0,0,6.631001451751217e-05,2.652400580700487e-05,0
Cape Coast,Central,2022-10-16,0.1574898278848794,39.6,28.32857142857143,22.485714285714288,97.57142857142856,25.3,28.27282712658911,0.002107174352279,9.025000000000002,14.3,0.2613321945029236,0,1,4,0.0,0.0,0.0,0,4.7124594857450575e-05,1.884983794298023e-05,0
Cape Coast,Central,2022-10-23,0.1588946107863988,18.6,28.65714285714285,23.071428571428573,97.14285714285714,27.54,28.77109284966945,0.002107174352279,-8.924999999999997,-8.939999999999998,0.0397260726265325,0,1,4,0.0,0.0,0.0,0,4.182206976111047e-05,1.672882790444419e-05,0
Cape Coast,Central,2022-10-30,0.1602993936879181,29.2,29.185714285714287,23.571428571428573,96.85714285714286,27.880000000000003,29.26935857274981,0.002107174352279,2.2,1.3199999999999967,-0.0592668416966935,0,1,4,0.0,0.0,0.0,0,4.474644083529711e-05,1.7898576334118844e-05,0
Cape Coast,Central,2022-11-06,0.1617041765894375,21.9,29.214285714285715,23.82857142857143,95.57142857142856,27.18,29.77272883651136,0.002107174352279,-5.425000000000001,-5.280000000000001,-0.0514376433789049,0,1,4,0.0,0.0,0.0,0,4.7995421482482925e-05,1.919816859299317e-05,0
Cape Coast,Central,2022-11-13,0.1631089594909568,26.9,28.885714285714283,23.214285714285715,97.14285714285714,25.52,31.34079861897225,0.002107174352279,2.75,1.379999999999999,-0.2228838167108195,0,1,4,0.0,0.0,0.0,0,4.865840674028732e-05,1.946336269611493e-05,0
Cape Coast,Central,2022-11-20,0.1645137423924762,7.3,29.02857142857143,23.071428571428573,96.0,27.22,27.94429631781071,0.002107174352279,-14.025,-19.92,-0.3685865243876322,0,1,4,0.0,0.2,0.08,0,6.003333328408189e-05,0.04002401333331364,0
Cape Coast,Central,2022-11-27,0.1659185252939956,10.6,29.75714285714286,23.65714285714285,95.0,27.57,29.793543382375617,0.002107174352279,-6.075000000000001,-16.97,-0.6112916722390808,0,1,4,0.0,0.0,0.0,0,6.813351501477882e-05,2.725340600591153e-05,0
Cape Coast,Central,2022-12-04,0.167323308195515,48.8,29.342857142857145,23.057142857142857,96.28571428571428,23.4,30.344610204910907,0.002107174352279,25.4,25.4,-0.2041733597140702,0,1,4,0.0,0.0,0.0,0,0.00012181931379018351,4.872772551607341e-05,0
Cape Coast,Central,2022-12-11,0.1687280910970343,7.6,29.52857142857143,23.785714285714285,95.42857142857144,26.0,29.127317813427624,0.002107174352279,-10.975,-18.4,-0.4666505507748494,0,1,4,0.0,0.2,0.08,0,0.000131588225485757,0.04005263529019431,0
Cape Coast,Central,2022-12-18,0.1701328739985537,13.4,29.885714285714283,23.714285714285715,96.0,26.02,29.584434590724783,0.002107174352279,-6.700000000000001,-12.62,-0.3697808088767864,0,1,4,0.0,0.0,0.0,0,0.000111340508738067,4.45362034952268e-05,0
Cape Coast,Central,2022-12-25,0.1715376569000731,12.9,29.985714285714288,22.77142857142857,96.42857142857144,25.41,30.041551368021945,0.002107174352279,-7.775,-12.51,-0.310597377525367,0,1,4,0.0,0.0,0.0,0,8.41725995996967e-05,3.366903983987868e-05,0
Cape Coast,Central,2023-01-01,0.1729424398015924,0.5,30.67142857142857,22.142857142857142,96.57142857142856,28.55,29.79258108699196,0.002107174352279,-8.1,-28.05,-1.0198696658063908,0,1,4,0.0094827586206896,0.4,0.1656896551724138,0,0.00010656352242222056,0.08383572885724475,0
Cape Coast,Central,2023-01-08,0.1440498425869444,0.7,31.0,23.214285714285715,94.57142857142856,28.29,29.697321909022747,-0.0206158607348464,-6.175,-27.59,-1.1418193819766922,0,1,4,0.0094827586206896,0.4,0.1656896551724138,0,0.0006090999813750386,0.08403674344082587,0
Cape Coast,Central,2023-01-15,0.1151572453722964,8.8,30.4,23.87142857142857,97.14285714285714,26.62,29.602062731053536,-0.0357645507929302,3.075000000000001,-17.82,-1.2108224857944907,0,1,4,0.0094602272727272,0.4,0.1656761363636364,0,0.0022979413624852896,0.08470326745408502,0
Cape Coast,Central,2023-01-22,0.0862646481576484,14.6,30.15714285714285,23.914285714285715,96.42857142857144,25.75,28.37421859332472,-0.043338895821972,8.45,-11.15,-1.192775520180605,0,1,4,0.005,0.4,0.163,0,0.0066101993434131145,0.08464407973736526,0
Cape Coast,Central,2023-01-29,0.1078242180446515,16.9,30.3,23.87142857142857,95.57142857142856,25.14,31.26912797442202,-0.0054997704957336,6.649999999999999,-8.240000000000002,-0.9299002342901076,0,1,4,0.0,0.0,0.0,0,0.0029406643006950617,0.0011762657202780248,0
Cape Coast,Central,2023-02-05,0.1293837879316546,18.3,30.142857142857142,23.728571428571428,98.0,25.91,32.33620483471424,0.0197263130550919,3.650000000000002,-7.609999999999999,-0.6647690776978745,0,1,4,0.0,0.0,0.0,0,0.0008076986996456981,0.00032307947985827924,0
Cape Coast,Central,2023-02-12,0.1509433578186578,3.8,30.285714285714285,24.071428571428573,97.0,28.270000000000003,29.6864334506937,0.0323393548305047,-9.6,-24.47,-0.7530134316187129,0,1,4,0.0,0.0,0.0,0,0.0003072154358960688,0.00012288617435842752,0
Cape Coast,Central,2023-02-19,0.1460070372424292,5.6,31.357142857142858,23.942857142857143,97.14285714285714,30.21,26.31415094339627,0.0124674369830809,-5.550000000000001,-24.61,-0.9316253118855526,0,1,4,0.0043103448275862,0.0,0.0025862068965517,0,0.0002480365801602602,0.0018233525630985841,0
Cape Coast,Central,2023-02-26,0.1410707166662006,14.8,30.957142857142856,25.042857142857144,94.57142857142856,29.21,33.66727365934116,-0.0007805082485349,4.174999999999999,-14.410000000000002,-1.013500148530902,0,1,4,0.0049783549783549,0.4,0.162987012987013,0,0.0003992424171883613,0.08215103895821732,0
Cape Coast,Central,2023-03-05,0.136134396089972,10.5,30.957142857142856,24.714285714285715,96.57142857142856,29.23,33.2323402504328,-0.0074044808643428,1.8249999999999995,-18.73,-1.1610606320797323,0,1,4,0.0246753246753246,0.4,0.1748051948051948,0,0.0007419954054057598,0.09016692803229216,0
Cape Coast,Central,2023-03-12,0.1311980755137435,6.199999999999999,30.414285714285715,24.8,95.28571428571428,25.3,32.797406841524435,-0.0074044808643428,-3.075,-19.1,-1.089801657560198,0,1,4,0.0245559210526315,0.4,0.1747335526315789,0,0.0008900561952032149,0.0901783908991339,0
Cape Coast,Central,2023-03-19,0.1262617549375149,5.2,30.685714285714287,24.81428571428572,93.28571428571428,29.66,32.98572370884585,-0.0074044808643428,-3.975000000000001,-24.46,-1.0878111834116078,0,1,4,0.0098412698412698,0.4,0.1659047619047619,0,0.0006516655557788908,0.0841971741588195,0
Cape Coast,Central,2023-03-26,0.1213254343612863,27.1,30.214285714285715,24.485714285714288,93.42857142857144,26.58,34.4678720380611,-0.0074044808643428,14.85,0.5200000000000031,-0.8896926564885826,0,1,4,0.0,0.0,0.0,0,0.0006596806342713535,0.0002638722537085414,0
Cape Coast,Central,2023-04-02,0.1163891137850577,7.6,30.9,24.585714285714285,93.14285714285714,31.91,30.68325436536309,-0.0074044808643428,-3.9250000000000007,-24.31,-0.9637382948161434,0,1,4,0.0,0.0,0.0,0,0.0005231148679740727,0.00020924594718962908,0
Cape Coast,Central,2023-04-09,0.1114527932088291,23.5,30.9,24.37142857142857,94.28571428571428,30.54,34.08348519623593,-0.0074044808643428,7.649999999999999,-7.039999999999999,-0.8037041732694802,0,1,4,0.0,0.0,0.0,0,0.00034971284912899137,0.00013988513965159654,0
Cape Coast,Central,2023-04-16,0.1065164726326006,13.3,30.82857142857143,25.185714285714287,93.28571428571428,30.46,35.084216676569554,-0.0074044808643428,-4.574999999999999,-17.16,-0.706834431371417,0,1,4,0.005,0.0,0.003,0,0.00022236016229726374,0.0020889440649189055,0
Cape Coast,Central,2023-04-23,0.1120445200153832,31.9,30.8,24.442857142857143,96.42857142857144,29.8,36.94374481249537,0.0004437951049155,12.825,2.1000000000000014,-0.6858681036729322,0,1,4,0.0,0.0,0.0,0,0.00017488568846601993,6.995427538640797e-05,0
Cape Coast,Central,2023-04-30,0.115218673568421,51.6,30.342857142857145,24.1,98.85714285714286,25.42,34.74501037645172,0.0039105587121125,21.52499999999999,26.18,-0.0158745052574243,0,1,4,0.0,0.0,0.0,0,0.00014981997082941234,5.9927988331764936e-05,0
Cape Coast,Central,2023-05-07,0.1183928271214588,5.6,30.6,24.37142857142857,94.14285714285714,30.270000000000003,32.546275940408066,0.0053497037869929,-20.0,-24.67,-0.2498215668550754,0,1,4,0.0,0.2,0.08,0,6.476342241512612e-05,0.04002590536896606,0
Cape Coast,Central,2023-05-14,0.1215669806744966,11.8,31.085714285714285,24.97142857142857,94.28571428571428,30.92,31.44634432560906,0.0047612303295567,-13.424999999999995,-19.12,-0.2758304290633225,0,1,4,0.0,0.2,0.08,0,4.947305569658056e-05,0.04001978922227864,0
Cape Coast,Central,2023-05-21,0.1247411342275344,45.6,29.52857142857143,24.485714285714288,97.42857142857144,24.07,31.179384748166,0.0047612303295566,16.950000000000003,21.53,-0.0179976776825873,0,1,4,0.0,0.0,0.0,0,4.685943349613808e-05,1.8743773398455233e-05,0
Cape Coast,Central,2023-05-28,0.1279152877805722,29.0,29.642857142857142,24.428571428571427,96.57142857142856,26.4,31.33750125187788,0.0047612303295567,6.0,2.6000000000000014,-0.3309002138409884,0,1,4,0.0,0.0,0.0,0,5.4698499297956005e-05,2.1879399719182404e-05,0
Cape Coast,Central,2023-06-04,0.13108944133361,34.8,28.857142857142858,24.285714285714285,96.85714285714286,22.98,29.95054624620667,0.0047612303295566,4.4999999999999964,11.819999999999997,0.1533157973727545,0,1,4,0.0,0.0,0.0,0,6.209394632605836e-05,2.4837578530423345e-05,0
Cape Coast,Central,2023-06-11,0.1342635948866478,88.3,28.085714285714285,23.75714285714286,98.57142857142856,20.6,29.58229301358557,0.0047612303295566,38.875,67.69999999999999,1.3054022345768423,0,1,4,0.0,0.0,0.0,0,3.717184881679714e-05,1.4868739526718855e-05,0
Cape Coast,Central,2023-06-18,0.1374377484396856,14.4,28.985714285714288,23.67142857142857,88.71428571428571,29.93,7.050508674414743,0.0047612303295566,-27.225,-15.53,0.8136224215984559,0,1,4,0.0043103448275862,0.2,0.0825862068965517,0,2.5763538360479288e-05,0.04173444334637868,0
Cape Coast,Central,2023-06-25,0.1406119019927234,137.70000000000002,26.61428571428572,23.014285714285712,99.14285714285714,16.97,16.135934588358936,0.0047612303295566,68.9,120.73000000000002,2.381187162751634,0,1,4,0.0,0.0,0.0,0,2.4813416530378163e-05,9.925366612151265e-06,0
Cape Coast,Central,2023-07-02,0.1437860555457612,46.2,27.7,22.52857142857143,94.42857142857144,23.34,25.221360502303128,0.0047612303295567,-25.450000000000003,22.860000000000003,2.5276860600878828,0,1,4,0.0,0.2,0.08,0,2.0199922801111825e-05,0.04000807996912045,0
Cape Coast,Central,2023-07-09,0.146960209098799,39.4,28.214285714285715,22.75714285714286,98.14285714285714,23.18,25.764359745089365,0.0047612303295566,-20.02500000000001,16.22,1.8445553322916788,0,1,4,0.0,0.2,0.08,0,1.8780847312882543e-05,0.04000751233892516,0
Cape Coast,Central,2023-07-16,0.1501343626518368,47.0,28.042857142857144,22.8,97.57142857142856,23.75,26.3073589878756,0.0047612303295566,-20.575000000000003,23.25,2.359159248840568,0,1,4,0.0,0.2,0.08,0,1.956502819666639e-05,0.040007826011278676,0
Cape Coast,Central,2023-07-23,0.1533085162048746,27.5,27.74285714285714,23.1,98.0,21.32,26.30547990902204,0.0047612303295566,-12.525,6.18,0.8391004907004125,0,1,4,0.0,0.2,0.08,0,1.780013190000318e-05,0.04000712005276001,0
Cape Coast,Central,2023-07-30,0.1564826697579124,24.9,27.9,23.25714285714286,96.85714285714286,22.18,27.207436924208,0.0047612303295567,-9.800000000000004,2.719999999999999,0.5718461616830164,0,1,4,0.0,0.0,0.0,0,2.1457712136907503e-05,8.583084854763001e-06,0
Cape Coast,Central,2023-08-06,0.1596568233109502,34.4,27.214285714285715,23.457142857142856,94.71428571428572,22.24,28.10939393939396,0.0047612303295567,0.9500000000000028,12.159999999999997,0.5179706613945045,0,1,4,0.0,0.0,0.0,0,2.333768679818604e-05,9.335074719274418e-06,0
Cape Coast,Central,2023-08-13,0.162830976863988,18.6,27.4,22.928571428571427,95.71428571428572,24.23,27.359545454545472,0.0047612303295566,-7.7499999999999964,-5.629999999999999,0.1347380386525779,0,1,4,0.0,0.0,0.0,0,2.5672352421679534e-05,1.0268940968671814e-05,0
Cape Coast,Central,2023-08-20,0.1660051304170258,56.6,27.37142857142857,22.457142857142856,98.85714285714286,21.91,26.609696969696984,0.0047612303295566,22.975,34.69,0.5130608251613149,0,1,4,0.0,0.0,0.0,0,3.378874316695146e-05,1.3515497266780585e-05,0
Cape Coast,Central,2023-08-27,0.1691792839700636,13.3,27.728571428571428,23.457142857142856,96.71428571428572,23.66,25.8598484848485,0.0047612303295566,-17.425,-10.36,0.3394914794042374,0,1,4,0.0,0.2,0.08,0,3.23897875205148e-05,0.04001295591500821,0
Cape Coast,Central,2023-09-03,0.1723534375231014,53.0,27.842857142857145,23.3,96.57142857142856,23.66,25.110000000000014,0.0047612303295566,17.625,29.34,0.5674671185561176,0,1,4,0.0,0.0,0.0,0,3.189524795743637e-05,1.2758099182974547e-05,0
Cape Coast,Central,2023-09-10,0.1755275910761392,24.7,28.3,22.52857142857143,97.57142857142856,26.61,22.69551724137932,0.0047612303295567,-12.2,-1.91,0.6168308774411579,0,1,4,0.0,0.2,0.08,0,3.0642437195638195e-05,0.040012256974878264,0
Cape Coast,Central,2023-09-17,0.1787017446291769,31.0,28.085714285714285,23.285714285714285,97.57142857142856,24.32,31.755809931778515,0.0047612303295567,0.4999999999999964,6.68,0.2451430047610554,0,1,4,0.0,0.0,0.0,0,2.800806032610126e-05,1.1203224130440504e-05,0
Cape Coast,Central,2023-09-24,0.1818758981822148,27.5,28.75714285714286,22.885714285714283,98.42857142857144,24.55,30.37773480287109,0.0047612303295567,-6.549999999999997,2.95,0.4217644108793048,0,1,4,0.0,0.0,0.0,0,3.286574792582542e-05,1.3146299170330167e-05,0
Cape Coast,Central,2023-10-01,0.1850500517352526,21.9,29.15714285714285,23.47142857142857,96.85714285714286,27.76,31.041533180778003,0.0047612303295566,-4.375,-5.859999999999999,-0.0453335226565612,0,1,4,0.0,0.0,0.0,0,3.1001058232504874e-05,1.2400423293001951e-05,0
Cape Coast,Central,2023-10-08,0.1882242052882904,47.0,29.11428571428572,23.25714285714286,98.0,25.51,29.670198087220346,0.0047612303295566,15.150000000000002,21.49,0.2651804445235315,0,1,4,0.0,0.0,0.0,0,4.345653360360302e-05,1.738261344144121e-05,0
Cape Coast,Central,2023-10-15,0.1913983588413282,81.1,29.75714285714286,23.17142857142857,98.71428571428572,24.57,29.34046747587164,0.0047612303295566,36.725,56.53,0.9266813532383874,0,1,4,0.0,0.0,0.0,0,4.077292760484852e-05,1.6309171041939407e-05,0
Cape Coast,Central,2023-10-22,0.194572512394366,21.5,29.52857142857143,22.985714285714288,98.28571428571428,28.74,29.01073686452293,0.0047612303295566,-21.375,-7.239999999999998,0.7914618094108168,0,1,4,0.0,0.2,0.08,0,3.251215093769133e-05,0.04001300486037508,0
Cape Coast,Central,2023-10-29,0.1977466659474038,59.2,29.485714285714288,23.32857142857143,97.42857142857144,25.630000000000003,29.25244812910097,0.0047612303295566,7.000000000000007,33.57,1.3146911139369306,0,1,4,0.0,0.0,0.0,0,2.6711115424404852e-05,1.0684446169761942e-05,0
Cape Coast,Central,2023-11-05,0.2009208195004416,15.6,30.071428571428573,23.67142857142857,98.0,26.39,27.311864794383155,0.0047612303295566,-28.75,-10.79,0.88634107716029,0,1,4,0.0,0.2,0.08,0,2.2376996639650315e-05,0.040008950798655865,0
Cape Coast,Central,2023-11-12,0.2040949730534794,26.7,30.27142857142857,23.728571428571428,97.71428571428572,27.18,29.185764031736767,0.0047612303295566,-4.050000000000001,-0.4800000000000004,0.1298282024193885,0,1,4,0.0,0.0,0.0,0,2.3316575607168488e-05,9.326630242867396e-06,0
Cape Coast,Central,2023-11-19,0.2072691266065172,10.5,30.6,24.014285714285712,96.28571428571428,27.32,29.27991033269092,0.0047612303295566,-17.5,-16.82,0.0027032534627522,0,1,4,0.005,0.2,0.083,0,3.1509061955148354e-05,0.04201260362478207,0
Cape Coast,Central,2023-11-26,0.210443280159555,32.8,30.37142857142857,24.17142857142857,95.28571428571428,25.69,27.796301746008112,0.0047612303295566,11.4,7.109999999999996,-0.3484163863485835,0,1,4,0.0,0.0,0.0,0,3.659693538793363e-05,1.4638774155173451e-05,0
Cape Coast,Central,2023-12-03,0.2136174337125927,19.8,30.514285714285712,23.4,97.28571428571428,27.42,30.10119777158769,0.0047612303295566,-2.6499999999999986,-7.620000000000001,-0.3063510326750411,0,1,4,0.0,0.0,0.0,0,8.094918302958831e-05,3.237967321183533e-05,0
Cape Coast,Central,2023-12-10,0.2167915872656305,9.3,30.81428571428572,23.857142857142858,96.71428571428572,27.35,29.72761654134089,0.0047612303295566,-8.8,-18.05,-0.5395019046132561,0,1,4,0.0,0.0,0.0,0,8.94835393410176e-05,3.5793415736407046e-05,0
Cape Coast,Central,2023-12-17,0.2199657408186684,4.1000000000000005,31.24285714285714,22.87142857142857,95.85714285714286,29.38,29.35403531109409,0.0047612303295567,-12.4,-25.28,-0.6517646465937511,0,1,4,0.0,0.2,0.08,0,0.00012293513282202184,0.040049174053128814,0
Cape Coast,Central,2023-12-24,0.1847100473885867,1.6,32.628571428571426,23.214285714285715,94.85714285714286,30.52,30.011798375915987,-0.0240611549077829,-7.100000000000001,-28.92,-1.1298765370851502,0,1,4,0.0144566040659061,0.4,0.1686739624395437,0,0.00023978720128070563,0.08587855650687473,0
Cape Coast,Central,2023-12-31,0.1847100473885867,11.0,31.65714285714285,24.428571428571427,98.0,27.07,28.528609310548063,-0.0168343083267814,4.5,-16.07,-1.2420065807890726,0,1,4,0.0094602272727272,0.4,0.1656761363636364,0,0.002325941575691104,0.08471446753936734,0
Dambai,Oti,2022-01-02,0.228023346315019,0.0,34.55,23.7,89.5,8.71,29.33575299529837,0.0,0.0,-8.71,-0.1692970206477071,0,2,8,0.0044594594594594,0.0,0.0026756756756756,0,0.0,0.00178378378378376,0
Dambai,Oti,2022-01-09,0.216561331934973,0.0,34.48571428571429,21.985714285714288,77.71428571428571,32.12,29.941770385723487,-0.005731007190023,0.0,-32.12,-0.4020348784692591,0,2,8,0.0,0.0,0.0,0,0.0,0.0,0
Dambai,Oti,2022-01-16,0.2400300293207207,0.0,35.471428571428575,21.7,85.42857142857143,32.29,30.22781608614315,0.0118251267971497,0.0,-32.29,-0.636004536908173,0,2,8,0.0,0.0,0.0,0,0.0,0.0,0
Dambai,Oti,2022-01-23,0.1729408226989747,0.0,34.357142857142854,20.957142857142856,69.0,37.39,30.513861786562813,-0.0414480598684471,0.0,-37.39,-0.9069282138679434,0,2,8,0.0,0.0,0.0,0,0.0,0.0,0
Dambai,Oti,2022-01-30,0.1994766986913977,0.0,35.614285714285714,20.685714285714287,75.57142857142857,37.22,30.19724963348665,-0.0077755219701188,0.0,-37.22,-1.1135084232855164,0,2,8,0.0533762191192391,0.4,0.1920257314715435,0,0.1329803317785263,0.15454262035910618,0
Dambai,Oti,2022-02-06,0.216346233071011,0.0,34.9,20.7,73.85714285714286,37.1,30.39043096911189,0.0091477871254849,0.0,-37.1,-1.1495929354882353,0,2,8,0.0533762191192391,0.4,0.1920257314715435,0,0.23313267529010773,0.19460355776373875,0
Dambai,Oti,2022-02-13,0.2134677991021891,1.5,35.42857142857143,24.52857142857143,93.0,33.3,32.375617511753376,0.0129099107112959,1.125,-31.8,-1.1460424513558392,0,2,8,0.0480141408644062,0.4,0.1888084845186437,0,0.30174583196640015,0.21990398913232256,0
Dambai,Oti,2022-02-20,0.1926437481112819,0.0,35.77142857142857,26.185714285714287,90.85714285714286,34.15,30.81691699105187,-0.012839871632688,-0.375,-34.15,-1.1225657807661185,0,2,8,0.038643115561954,0.4,0.1831858693371724,0,0.07907386869192123,0.12708679370155013,0
Dambai,Oti,2022-02-27,0.1768703914351366,0.1,35.75714285714286,26.214285714285715,88.57142857142857,35.52,31.313391638440866,-0.022961651494768,-0.3,-35.42,-1.1095231859940515,0,2,8,0.043858015275421,0.4,0.1863148091652526,0,0.022257573902606964,0.1064462356712112,0
Dambai,Oti,2022-03-06,0.1792798425096707,13.0,35.31428571428571,26.75714285714286,87.71428571428571,33.05,34.284026085637606,-0.0112856027798988,9.35,-20.05,-0.9859808299586388,0,2,8,0.0,0.0,0.0,0,0.012850741855800152,0.005140296742320061,0
Dambai,Oti,2022-03-13,0.1816892935842048,3.7,35.2,27.228571428571428,87.28571428571429,35.29,33.36684433220154,-0.0009315253258687,-0.5,-31.59,-0.9844591939018976,0,2,8,0.0,0.0,0.0,0,0.006212898995727301,0.0024851595982909205,0
Dambai,Oti,2022-03-20,0.1127777067144499,40.1,34.0,26.142857142857142,91.0,31.57,32.44966257876547,-0.0498766018464156,25.875,8.530000000000001,-0.675204780084219,0,2,8,0.0147,0.0,0.00882,0,0.002430720953270793,0.006852288381308317,0
Dambai,Oti,2022-03-27,0.0924269800827755,4.1,34.857142857142854,27.12857142857143,88.14285714285714,34.14,31.765645446967824,-0.0491164756399997,-11.125,-30.04,-0.6362219134877074,0,2,8,0.0195732052006783,0.2,0.091743923120407,0,0.00047063975944183767,0.048017537984048064,0
Dambai,Oti,2022-04-03,0.0720762534511011,8.0,34.57142857142857,26.97142857142857,89.85714285714286,35.74,32.294272650364405,-0.0426663050070317,-5.975,-27.74,-0.6919427767083717,0,2,8,0.0,0.0,0.0,0,0.00018972122052218765,7.588848820887506e-05,0
Dambai,Oti,2022-04-10,0.1279484322508521,9.0,32.9,26.8,90.57142857142856,31.33,33.46603584247492,0.0266410891260575,-6.300000000000001,-22.33,-0.6248458724920712,0,2,8,0.0,0.0,0.0,0,0.00014976969396229833,5.9907877584919333e-05,0
Dambai,Oti,2022-04-17,0.1838206110506032,35.4,32.22857142857143,25.585714285714285,93.85714285714286,28.0,32.599222130717976,0.0647525418417702,21.275,7.399999999999999,-0.6330337236545355,0,2,8,0.0,0.0,0.0,0,0.00014723578351549804,5.889431340619922e-05,0
Dambai,Oti,2022-04-24,0.2396927898503543,11.1,31.75714285714286,25.67142857142857,93.14285714285714,26.48,27.93443429786919,0.0838082681996266,-4.775,-15.38,-0.5268090351220339,0,2,8,0.0044594594594594,0.0,0.0026756756756756,0,0.0001752634416334331,0.0018538891604371333,0
Dambai,Oti,2022-05-01,0.2955649686501053,17.5,31.442857142857143,25.642857142857142,93.85714285714286,28.57,26.20274370633257,0.0838082681996265,-0.75,-11.07,-0.4060201157607241,0,2,8,0.0,0.0,0.0,0,9.905057231662795e-05,3.9620228926651185e-05,0
Dambai,Oti,2022-05-08,0.3514371474498564,7.8,31.3,25.857142857142858,90.71428571428572,28.63,25.677451803353108,0.0838082681996265,-10.15,-20.83,-0.3951512867840015,0,2,8,0.0044594594594594,0.2,0.0826756756756756,0,7.865225779823959e-05,0.041815244686903064,0
Dambai,Oti,2022-05-15,0.4073093262496075,23.4,31.97142857142857,26.31428571428572,92.71428571428572,28.1,25.152159900373647,0.0838082681996266,8.45,-4.700000000000003,-0.48282650719623,0,2,8,0.0,0.0,0.0,0,9.842135477811098e-05,3.9368541911244394e-05,0
Dambai,Oti,2022-05-22,0.3740943057429033,58.99999999999999,31.085714285714285,25.8,93.85714285714286,27.48,26.39873901882089,0.0169928687197851,32.075,31.519999999999992,-0.1429944545240386,0,2,8,0.0,0.0,0.0,0,0.00017290559480898082,6.916223792359233e-05,0
Dambai,Oti,2022-05-29,0.3408792852361991,22.4,30.27142857142857,25.1,91.71428571428572,28.33,25.872742280539057,-0.0275507309334424,-5.75,-5.93,-0.1057506005638027,0,2,8,0.0,0.0,0.0,0,9.041900921147317e-05,3.616760368458927e-05,0
Dambai,Oti,2022-06-05,0.307664264729495,11.8,30.97142857142857,25.414285714285715,92.14285714285714,27.51,26.45145810243048,-0.0498225307600562,-17.35,-15.71,-0.0686516643232564,0,2,8,0.0046153846153846,0.2,0.0827692307692307,0,5.4336862376658246e-05,0.04186788859110451,0
Dambai,Oti,2022-06-12,0.3072023137967181,11.8,30.685714285714287,24.77142857142857,94.71428571428572,26.87,27.13895575368593,-0.0252577285796107,-14.449999999999996,-15.07,-0.1437915019823316,0,2,8,0.0,0.2,0.08,0,4.3085936340503395e-05,0.040017234374536206,0
Dambai,Oti,2022-06-19,0.3067403628639413,209.4,28.785714285714285,23.942857142857143,97.0,21.36,27.82645340494139,-0.0088811937926471,145.54999999999998,188.04,0.9903345723087428,0,2,8,0.0,0.0,0.0,0,5.628482176689431e-05,2.2513928706757726e-05,0
Dambai,Oti,2022-06-26,0.3062784119311644,16.2,29.31428571428572,24.228571428571428,95.85714285714286,24.18,25.68421839301948,-0.0006929263991652,-46.1,-7.98,0.9754805060405556,0,2,8,0.0,0.2,0.08,0,4.114810872124508e-05,0.040016459243488504,0
Dambai,Oti,2022-07-03,0.3058164609983875,85.9,29.0,24.042857142857144,96.57142857142856,24.51,24.81138363099544,-0.0006929263991652,5.075000000000003,61.39,1.5341383154440935,0,2,8,0.01,0.0,0.006,0,2.4965445845737122e-05,0.004009986178338295,0
Dambai,Oti,2022-07-10,0.3053545100656107,59.5,29.357142857142858,24.0,95.57142857142856,25.77,23.938548868971395,-0.0006929263991652,-33.25,33.730000000000004,1.8877375514868004,0,2,8,0.0,0.2,0.08,0,1.9186722056474537e-05,0.040007674688822596,0
Dambai,Oti,2022-07-17,0.3048925591328338,29.8,29.11428571428572,24.2,94.71428571428572,25.22,24.03696505576216,-0.0006929263991652,-18.05,4.580000000000002,0.5584073087737893,0,2,8,0.005,0.2,0.083,0,1.734378020046279e-05,0.04200693751208019,0
Dambai,Oti,2022-07-24,0.3044306082000569,28.6,28.47142857142857,23.842857142857145,93.0,24.88,25.346316914375905,-0.0006929263991652,-22.35,3.7200000000000015,0.6431841747922252,0,2,8,0.0,0.2,0.08,0,2.1917174308327958e-05,0.040008766869723336,0
Dambai,Oti,2022-07-31,0.3039686572672801,33.4,29.1,23.885714285714283,96.42857142857144,25.73,24.31671198629175,-0.0006929263991652,-4.425000000000004,7.669999999999998,0.2539351797058686,0,2,8,0.0,0.0,0.0,0,2.0389299606904387e-05,8.155719842761756e-06,0
Dambai,Oti,2022-08-07,0.3035067063345033,16.7,28.65714285714285,23.4,93.28571428571428,26.27,27.088541756100653,-0.0006929263991652,-10.425,-9.57,-0.0598116834221887,0,2,8,0.0,0.2,0.08,0,2.6799370971275494e-05,0.04001071974838852,0
Dambai,Oti,2022-08-14,0.310887396740607,32.7,29.842857142857145,24.02857142857143,93.85714285714286,26.82,28.599810014705497,0.0051890546049951,4.850000000000001,5.880000000000003,-0.0503920316423625,0,2,8,0.01,0.0,0.006,0,4.1722003516042605e-05,0.004016688801406417,0
Dambai,Oti,2022-08-21,0.3182680871467108,68.2,28.042857142857144,22.857142857142858,96.28571428571428,22.55,24.970000000000027,0.0091103752744355,30.450000000000003,45.650000000000006,0.2534279676869549,0,2,8,0.0,0.0,0.0,0,4.9038611905416474e-05,1.961544476216659e-05,0
Dambai,Oti,2022-08-28,0.3256487775528146,151.5,27.214285714285715,22.81428571428572,98.14285714285714,20.18,26.782244053774576,0.0110710356091556,84.225,131.32,1.1493817696681163,0,2,8,0.0,0.0,0.0,0,4.434238508110866e-05,1.7736954032443463e-05,0
Dambai,Oti,2022-09-04,0.3330294679589183,112.8,27.9,22.914285714285715,98.0,21.15,28.594488107549125,0.0110710356091556,21.5,91.65,1.882810349017353,0,2,8,0.0,0.0,0.0,0,2.6958861781167798e-05,1.078354471246712e-05,0
Dambai,Oti,2022-09-11,0.3404101583650221,34.5,28.62857142857143,23.785714285714285,95.85714285714286,24.0,27.854503816794026,0.0110710356091556,-57.25,10.5,1.9162863422656584,0,2,8,0.0,0.2,0.08,0,1.9707045794348232e-05,0.04000788281831775,0
Dambai,Oti,2022-09-18,0.3477908487711259,77.6,27.842857142857145,23.2,98.42857142857144,19.7,26.765759066540568,0.0110710356091556,-16.5,57.89999999999999,2.0050484455755595,0,2,8,0.0,0.2,0.08,0,1.7842892702901736e-05,0.040007137157081166,0
Dambai,Oti,2022-09-25,0.3551715391772297,80.6,27.957142857142856,23.4,97.0,21.47,26.802598600426307,0.0110710356091556,4.224999999999994,59.13,1.4819679363558262,0,2,8,0.0,0.0,0.0,0,1.7184753232868388e-05,6.873901293147356e-06,0
Dambai,Oti,2022-10-02,0.3625522295833334,88.3,27.428571428571427,23.1,97.71428571428572,18.55,26.839438134312047,0.0110710356091556,18.05,69.75,1.3232830332956769,0,2,8,0.0,0.0,0.0,0,1.8175831428379752e-05,7.270332571351901e-06,0
Dambai,Oti,2022-10-09,0.3699329199894372,30.0,29.24285714285714,23.47142857142857,97.57142857142856,25.13,27.38145451701732,0.0110710356091556,-39.125,4.870000000000001,1.282488695203045,0,2,8,0.0,0.2,0.08,0,1.9340468497830443e-05,0.04000773618739914,0
Dambai,Oti,2022-10-16,0.377313610395541,36.0,29.342857142857145,23.81428571428572,96.0,23.15,27.923470899722588,0.0110710356091556,-22.724999999999994,12.85,0.9560615316021448,0,2,8,0.0,0.2,0.08,0,1.8505736079532653e-05,0.040007402294431824,0
Dambai,Oti,2022-10-23,0.3846943008016448,19.5,30.74285714285714,24.77142857142857,95.85714285714286,28.4,28.46548728242786,0.0110710356091556,-23.950000000000003,-8.900000000000002,0.463123908077855,0,2,8,0.0,0.2,0.08,0,1.9436116417637095e-05,0.040007774446567064,0
Dambai,Oti,2022-10-30,0.3682645186999108,1.4,31.7,25.414285714285715,94.42857142857144,30.37,29.00750366513313,-0.0067868187717227,-20.325000000000003,-28.97,-0.2521899563101777,0,2,8,0.0,0.2,0.08,0,2.312134347448591e-05,0.040009248537389804,0
Dambai,Oti,2022-11-06,0.3518347365981767,2.1,32.15714285714286,25.6,93.85714285714286,29.99,29.47077574440124,-0.0186920550256415,-12.65,-27.89,-0.489565181161798,0,2,8,0.0,0.2,0.08,0,5.109338235342875e-05,0.040020437352941376,0
Dambai,Oti,2022-11-13,0.2852490735057983,17.7,32.471428571428575,25.057142857142857,94.0,29.59,30.032547141196066,-0.0622615838955843,7.524999999999999,-11.89,-0.6688284004178752,0,2,8,0.0425547614906292,0.3,0.1455328568943775,0,0.00014900774112902582,0.07708150769270329,0
Dambai,Oti,2022-11-20,0.2763085687135562,0.7999999999999999,32.642857142857146,23.81428571428572,94.0,29.48,28.976499924169616,-0.0441056556658043,-4.7,-28.68,-0.8121520251909229,0,2,8,0.005,0.0,0.003,0,0.0009261173545382917,0.0023704469418153167,0
Dambai,Oti,2022-11-27,0.3605084458613713,0.6000000000000001,32.857142857142854,24.4,94.85714285714286,28.93,29.499800818967685,0.0420332396916456,-4.699999999999999,-28.33,-0.8075146581608547,0,2,8,0.0,0.0,0.0,0,0.002198372036218643,0.0008793488144874574,0
Dambai,Oti,2022-12-04,0.2754670147348848,1.8,32.5,25.31428571428572,92.42857142857144,27.11,30.912364137303257,-0.0239162609690178,-3.425,-25.31,-0.7888202723208919,0,2,8,0.0044594594594594,0.0,0.0026756756756756,0,0.003587270388379693,0.0032186919391356374,0
Dambai,Oti,2022-12-11,0.2082899667753712,0.0,33.857142857142854,24.414285714285715,93.14285714285714,28.83,29.76586800465077,-0.0718535322459246,-0.8,-28.83,-0.9115655808980118,0,2,8,0.1708652743306369,0.3,0.2225191645983821,0,0.006762543693184853,0.13105112720952872,0
Dambai,Oti,2022-12-18,0.2545994924904859,0.0,33.471428571428575,23.357142857142858,94.71428571428572,26.92,30.236496511804063,-0.0201167374750423,-0.6000000000000001,-26.92,-0.898812821565324,0,2,8,0.0,0.0,0.0,0,0.011201677843928337,0.004480671137571335,0
Dambai,Oti,2022-12-25,0.3065893878634181,0.0,33.1,20.085714285714285,83.28571428571429,30.4,30.70712501895736,0.0453529223973781,-0.45,-30.4,-0.9138118055532012,0,2,8,0.0046590909090909,0.0,0.0027954545454545,0,0.014259087853133678,0.007567271504889832,0
Dambai,Oti,2023-01-01,0.2511752758396687,0.0,33.385714285714286,19.75714285714286,84.57142857142857,31.63,30.014637151812224,-0.0039882549025673,0.0,-31.63,-0.9596058049751254,0,2,8,0.005,0.0,0.003,0,0.04670264199376106,0.020681056797504427,0
Dambai,Oti,2023-01-08,0.2609550322014738,0.0,33.857142857142854,20.414285714285715,86.0,31.07,30.46887057024404,-0.0073747648972878,0.0,-31.07,-0.9758365895803645,0,2,8,0.0046590909090909,0.0,0.0027954545454545,0,0.250576913356781,0.10209440170634877,0
Dambai,Oti,2023-01-15,0.2128100548860726,0.0,34.285714285714285,19.385714285714283,88.57142857142857,30.81,30.923103988675848,-0.0450723828115856,0.0,-30.81,-1.004023086059998,0,2,8,0.0146590909090909,0.4,0.1687954545454545,0,0.6804919838905334,0.35806042991984977,0
Dambai,Oti,2023-01-22,0.2123039334137599,0.0,34.58571428571428,21.542857142857144,88.0,30.81,31.585472928567697,-0.0220071406714838,0.0,-30.81,-1.0069938993136358,0,2,8,0.0046590909090909,0.4,0.1627954545454545,0,0.29242247343063354,0.19883262573588978,0
Dambai,Oti,2023-01-29,0.186904393026793,11.3,33.9,25.02857142857143,90.57142857142856,29.73,32.9116116475405,-0.0313389603552318,8.475,-18.43,-0.9113482043184772,0,2,8,0.0,0.0,0.0,0,0.15773425996303558,0.06309370398521423,0
Dambai,Oti,2023-02-05,0.0998436396332143,0.3,35.41428571428572,24.31428571428572,92.28571428571428,32.51,31.15202264799541,-0.0781218656067456,-2.6,-32.21,-0.9196085143407864,0,2,8,0.1475106871301145,0.3,0.2085064122780687,0,0.02831362374126911,0.13032972434855344,0
Dambai,Oti,2023-02-12,0.1511628889954637,0.1,34.82857142857143,26.31428571428572,89.28571428571429,32.94,32.561032809261405,-0.011390824771844,-2.825,-32.84,-0.9343176628892842,0,2,8,0.0,0.0,0.0,0,0.008964761160314083,0.0035859044641256333,0
Dambai,Oti,2023-02-19,0.2294689980148708,0.0,35.971428571428575,21.7,82.42857142857143,36.73,28.71738258935335,0.0626240180972853,-2.925,-36.73,-0.977213307917416,0,2,8,0.0,0.0,0.0,0,0.005340529605746269,0.0021362118422985077,0
Dambai,Oti,2023-02-26,0.0793814994543122,0.7,35.957142857142856,24.842857142857145,85.57142857142857,36.66,32.16447677063826,-0.060582757070153,0.4249999999999999,-35.959999999999994,-1.10423368922538,1,2,8,0.9969732265681354,0.7,0.8781839359408812,1,0.01279666181653738,0.543907955353869,0
Dambai,Oti,2023-03-05,0.2283905995594539,1.2000000000000002,34.714285714285715,26.714285714285715,88.14285714285714,32.55,33.05927885344502,0.0562896030534287,0.7000000000000002,-31.35,-1.0980022272787258,0,2,8,0.0387482634125112,0.4,0.1832489580475067,0,0.04141813889145851,0.1120665609215879,0
Dambai,Oti,2023-03-12,0.2171780264820089,1.3,34.528571428571425,26.857142857142858,87.71428571428571,32.15,33.954080936251785,0.0285732456043474,0.5,-30.85,-1.083582914169607,0,2,8,0.0387482634125112,0.4,0.1832489580475067,0,0.02551380544900894,0.10570482754460807,0
Dambai,Oti,2023-03-19,0.205965453404564,7.1,33.7,25.97142857142857,89.85714285714286,34.66,33.22161847227136,0.0232365586794792,4.525,-27.559999999999995,-1.01713813969191,0,2,8,0.0147096918240277,0.4,0.1688258150944166,0,0.0057411943562328815,0.08818035447210425,0
Dambai,Oti,2023-03-26,0.2227337986648632,38.6,31.585714285714285,24.97142857142857,92.0,28.33,28.460944206701697,0.0041668291371407,26.55,10.269999999999992,-0.6821608306293214,0,2,8,0.0,0.0,0.0,0,0.003052456071600318,0.0012209824286401273,0
Dambai,Oti,2023-04-02,0.2395021439251625,6.7,32.91428571428572,26.61428571428572,88.0,30.96,27.118222580236303,0.0181572883060128,-6.724999999999999,-24.26,-0.6307874989993463,0,2,8,0.0,0.0,0.0,0,0.0007792365504428744,0.0003116946201771498,0
Dambai,Oti,2023-04-09,0.2830469481691098,19.9,33.07142857142857,26.214285714285715,90.85714285714286,30.76,31.74266975347888,0.0452348621281849,1.8249999999999995,-10.860000000000005,-0.4859422381695572,0,2,8,0.0,0.0,0.0,0,0.00025181600358337164,0.00010072640143334866,0
Dambai,Oti,2023-04-16,0.3404723208015777,5.199999999999999,33.628571428571426,26.9,89.42857142857143,32.95,31.85987865954933,0.0690335179113993,-12.400000000000002,-27.750000000000004,-0.4873189565066087,0,2,8,0.0,0.2,0.08,0,0.00012866694305557758,0.04005146677722224,0
Dambai,Oti,2023-04-23,0.3737203662958339,21.1,32.7,26.357142857142858,91.42857142857144,31.48,34.59827334310688,0.0645349214979129,7.875,-10.380000000000004,-0.6369465020861557,0,2,8,0.0,0.0,0.0,0,0.00013518186460714787,5.407274584285915e-05,0
Dambai,Oti,2023-04-30,0.3923922854519137,20.0,32.02857142857143,26.285714285714285,90.57142857142856,28.17,32.288804661038256,0.0449843052723049,3.450000000000003,-8.170000000000002,-0.5203601965958453,0,2,8,0.0,0.0,0.0,0,0.0002659788588061929,0.00010639154352247715,0
Dambai,Oti,2023-05-07,0.3282906020779557,13.3,32.2,26.014285714285712,90.71428571428572,31.79,29.97933597896963,-0.0304282915788645,-1.6000000000000014,-18.49,-0.5756463066574407,0,2,8,0.0,0.0,0.0,0,0.0002237152075394988,8.948608301579953e-05,0
Dambai,Oti,2023-05-14,0.3364351332318869,11.3,32.714285714285715,26.457142857142856,92.14285714285714,32.31,32.00233985810752,-0.0212744635325106,-5.124999999999998,-21.010000000000005,-0.526809035122034,0,2,8,0.0,0.0,0.0,0,0.00022874602291267365,9.149840916506947e-05,0
Dambai,Oti,2023-05-21,0.2147658718625207,28.5,31.2,25.285714285714285,96.14285714285714,27.57,31.58630327382906,-0.1032051012935485,10.225,0.9299999999999996,-0.444858064637546,0,2,8,0.0475416612132974,0.3,0.1485249967279784,0,0.0002135545655619353,0.07910208631154374,0
Dambai,Oti,2023-05-28,0.2922730657687445,10.8,31.32857142857143,26.24285714285714,94.28571428571428,28.34,27.880662616048085,-0.0006681024665323,-5.175000000000001,-17.54,-0.5127520163121394,0,2,8,0.0,0.0,0.0,0,0.00022247001470532268,8.898800588212908e-05,0
Dambai,Oti,2023-06-04,0.3697802596749684,21.9,31.0,25.97142857142857,92.71428571428572,28.12,24.53919512797296,0.0664666770404383,3.774999999999999,-6.220000000000002,-0.423844995282549,0,2,8,0.0,0.0,0.0,0,0.00017611360817681998,7.044544327072799e-05,0
Dambai,Oti,2023-06-11,0.3726338807781298,52.1,30.057142857142857,25.02857142857143,95.57142857142856,26.31,26.724654433431454,0.0602706112570389,23.775,25.79,-0.0847375312088058,0,2,8,0.0,0.0,0.0,0,0.00011859104415634647,4.743641766253859e-05,0
Dambai,Oti,2023-06-18,0.3754875018812913,47.6,29.928571428571427,24.67142857142857,96.0,26.62,26.574380404920664,0.0229438248555077,14.500000000000009,20.98,0.0605424827800521,0,2,8,0.0,0.0,0.0,0,6.843383016530424e-05,2.7373532066121698e-05,0
Dambai,Oti,2023-06-25,0.3783411229844527,92.8,28.67142857142857,24.342857142857145,97.0,20.8,26.42410637640988,0.0042804316547422,39.2,72.0,0.709339113830543,0,2,8,0.0,0.0,0.0,0,4.642938802135177e-05,1.857175520854071e-05,0
Dambai,Oti,2023-07-02,0.3811947440876142,64.6,29.142857142857142,23.842857142857145,97.57142857142856,22.13,26.273832347899088,0.0042804316547421,0.3250000000000028,42.47,1.0621413024149569,0,2,8,0.0,0.0,0.0,0,2.6851404982153326e-05,1.0740561992861331e-05,0
Dambai,Oti,2023-07-09,0.3840483651907757,110.8,29.8,24.085714285714285,97.0,24.5,27.135172801348688,0.0042804316547421,31.85000000000001,86.3,1.500589863335944,0,2,8,0.0,0.0,0.0,0,2.1391046175267547e-05,8.556418470107019e-06,0
Dambai,Oti,2023-07-16,0.3869019862939371,55.7,29.071428571428573,23.81428571428572,97.71428571428572,22.6,25.670371228566523,0.0042804316547421,-25.27499999999999,33.1,1.588410001467862,0,2,8,0.0,0.2,0.08,0,1.945206349773798e-05,0.0400077808253991,0
Dambai,Oti,2023-07-23,0.3897556073970986,76.1,29.485714285714288,24.014285714285712,97.85714285714286,23.37,24.05000000000001,0.0042804316547422,-0.7000000000000028,52.72999999999999,1.4487817785469,0,2,8,0.005,0.0,0.003,0,1.829244320106227e-05,0.002007316977280425,0
Dambai,Oti,2023-07-30,0.39260922850026,68.8,29.8,24.057142857142857,96.14285714285714,25.33,24.014281367144577,0.0042804316547421,-9.049999999999995,43.47,1.4560276645313817,0,2,8,0.005,0.0,0.003,0,1.85858370969072e-05,0.002007434334838763,0
Dambai,Oti,2023-08-06,0.3954628496034215,72.8,29.47142857142857,23.942857142857143,98.14285714285714,23.65,24.445363621939485,0.0042804316547421,4.450000000000003,49.15,1.1868430002078867,0,2,8,0.0,0.0,0.0,0,1.8249440472573042e-05,7.2997761890292174e-06,0
Dambai,Oti,2023-08-13,0.3983164707065829,164.2,29.142857142857142,23.6,98.71428571428572,23.56,24.8764458767344,0.0042804316547421,68.725,140.64,1.966065578979048,0,2,8,0.0,0.0,0.0,0,1.9483179130475037e-05,7.793271652190015e-06,0
Dambai,Oti,2023-08-20,0.4011700918097444,59.49999999999999,29.428571428571427,23.61428571428572,98.14285714285714,24.08,25.307528131529303,0.0042804316547422,-31.825,35.419999999999995,1.84063929258767,0,2,8,0.0,0.2,0.08,0,1.8325739802094176e-05,0.040007330295920844,0
Dambai,Oti,2023-08-27,0.4040237129129058,59.6,29.8,24.514285714285712,97.28571428571428,26.4,25.73861038632422,0.0042804316547421,-29.425000000000004,33.2,1.7662240435270429,0,2,8,0.0,0.2,0.08,0,1.8200549675384536e-05,0.04000728021987016,0
Dambai,Oti,2023-09-03,0.4068773340160673,102.6,29.25714285714286,23.61428571428572,98.28571428571428,23.5,26.169692641119127,0.0042804316547421,6.125,79.1,1.9832383287622688,0,2,8,0.0,0.0,0.0,0,1.7782231225282885e-05,7.112892490113154e-06,0
Dambai,Oti,2023-09-10,0.4097309551192287,69.3,29.77142857142857,23.82857142857143,97.28571428571428,25.21,26.54906874572368,0.0042804316547421,-3.450000000000003,44.09,1.283648036960562,0,2,8,0.0,0.0,0.0,0,1.727568633214105e-05,6.91027453285642e-06,0
Dambai,Oti,2023-09-17,0.4125845762223902,102.5,29.085714285714285,23.8,98.85714285714286,21.66,26.42450263001058,0.0042804316547422,19.0,80.84,1.6127561783757207,0,2,8,0.0,0.0,0.0,0,1.916434121085331e-05,7.665736484341324e-06,0
Dambai,Oti,2023-09-24,0.4154381973255516,37.2,29.942857142857143,23.8,97.57142857142856,25.06,26.10528753646952,0.0042804316547421,-40.69999999999999,12.14,1.4601578195425362,0,2,8,0.0,0.2,0.08,0,1.8396218365523964e-05,0.04000735848734622,0
Dambai,Oti,2023-10-01,0.4182918184287131,33.5,30.87142857142857,24.728571428571428,97.42857142857144,27.88,30.443135478167505,0.0042804316547421,-27.125,5.620000000000001,0.9277301174028212,0,2,8,0.0,0.2,0.08,0,1.8179125618189573e-05,0.040007271650247284,0
Dambai,Oti,2023-10-08,0.4061331196995066,121.6,29.457142857142856,23.728571428571428,98.85714285714286,19.09,24.760726041666715,-0.0069788082195337,47.900000000000006,102.51,1.351034776616242,0,2,8,0.0,0.0,0.0,0,1.9638007870526053e-05,7.855203148210422e-06,0
Dambai,Oti,2023-10-15,0.3939744209703001,59.1,30.12857142857143,23.942857142857143,98.57142857142856,22.66,26.467881361027903,-0.0144849681357177,-3.749999999999993,36.44,1.0293174389052546,0,2,8,0.0,0.0,0.0,0,1.951304147951305e-05,7.80521659180522e-06,0
Dambai,Oti,2023-10-22,0.3818157222410936,34.4,31.27142857142857,24.77142857142857,97.28571428571428,26.64,28.1750366803891,-0.0182380480938097,-27.75,7.759999999999998,0.997580458293225,0,2,8,0.0,0.2,0.08,0,2.1898704289924353e-05,0.04000875948171598,0
Dambai,Oti,2023-10-29,0.3696570235118872,22.4,31.62857142857143,25.071428571428573,97.28571428571428,28.69,27.75530421883974,-0.0182380480938097,-36.975,-6.289999999999999,0.911281956218048,0,2,8,0.0,0.2,0.08,0,2.0131459677941166e-05,0.04000805258387118,0
Dambai,Oti,2023-11-05,0.3574983247826807,3.3,32.22857142857143,25.7,95.28571428571428,27.93,27.650817703857115,-0.0182380480938096,-26.5,-24.63,-0.0099599878489547,0,2,8,0.0,0.2,0.08,0,1.9631601389846765e-05,0.040007852640555945,0
Dambai,Oti,2023-11-12,0.3453396260534742,21.0,32.32857142857143,25.6,96.42857142857144,25.51,28.780046256508623,-0.0182380480938096,0.7250000000000014,-4.510000000000002,-0.30667901891348,0,2,8,0.0,0.0,0.0,0,3.48309004039038e-05,1.3932360161561519e-05,0
Dambai,Oti,2023-11-19,0.3286521235409946,1.2,33.642857142857146,25.6,96.14285714285714,29.48,29.06321206099267,-0.0216346509312646,-10.775,-28.28,-0.5678207497942003,0,2,8,0.0,0.2,0.08,0,8.784544479567558e-05,0.040035138177918275,0
Dambai,Oti,2023-11-26,0.2970076500448795,9.6,33.22857142857143,25.214285714285715,95.57142857142856,28.7,28.31444138314521,-0.0351167810606277,0.8249999999999993,-19.1,-0.6606405492554108,0,2,8,0.0,0.0,0.0,0,0.0002877607475966215,0.00011510429903864861,0
Dambai,Oti,2023-12-03,0.2653631765487644,3.1,33.07142857142857,25.02857142857143,96.28571428571428,26.44,29.930409736615843,-0.0437274674982637,-5.625,-23.34,-0.6512933563354294,0,2,8,0.0,0.0,0.0,0,0.0007923609227873385,0.00031694436911493544,0
Dambai,Oti,2023-12-10,0.239572934673825,0.0,34.7,24.17142857142857,93.85714285714286,28.36,29.724771750669703,-0.0430760365282908,-3.475,-28.36,-0.8241077370653178,0,2,8,0.0044594594594594,0.0,0.0026756756756756,0,0.0014819129137322307,0.002376548949276652,0
Dambai,Oti,2023-12-17,0.2961056753435223,0.0,34.6,20.8,84.57142857142857,30.410000000000004,29.519133764723563,0.0215933161907744,-3.175,-30.410000000000004,-0.8395414742122639,0,2,8,0.005,0.0,0.003,0,0.004508863668888807,0.003803545467555523,0
Dambai,Oti,2023-12-24,0.3051491260661642,0.0,35.51428571428571,20.11428571428572,84.57142857142857,32.85,30.06062989737609,0.0286013979080952,-0.775,-32.85,-0.939172406498887,0,2,8,0.0,0.0,0.0,0,0.020366089418530464,0.008146435767412186,0
Dambai,Oti,2023-12-31,0.2007342331966484,0.0,35.214285714285715,20.37142857142857,88.57142857142857,29.46,29.60014559425701,-0.0596562591233915,0.0,-29.46,-0.983517228723915,0,2,8,0.2687044036272297,0.3,0.2812226421763378,0,0.23819346725940704,0.2627591483546547,0
Damongo,Savannah,2022-01-02,0.2719932948675669,0.0,33.4,18.8,57.0,10.91,35.955893026370575,0.0,0.0,-10.91,0.2641848431043548,0,3,9,0.0044594594594594,0.0,0.0026756756756756,0,0.0,0.00178378378378376,0
Damongo,Savannah,2022-01-09,0.2395213701288763,0.1,32.371428571428574,19.885714285714283,47.42857142857143,35.16,37.34503417950253,-0.0162359623693453,0.05,-35.059999999999995,-0.0918261324939957,0,3,9,0.0,0.0,0.0,0,0.0,0.0,0
Damongo,Savannah,2022-01-16,0.2632030624937215,0.0,34.07142857142857,19.77142857142857,46.57142857142857,40.79,36.972911891434336,0.0049638199969999,-0.0333333333333333,-40.79,-0.5060214460894525,0,3,9,0.0,0.0,0.0,0,0.0,0.0,0
Damongo,Savannah,2022-01-23,0.2323250576278308,0.0,31.957142857142856,18.342857142857145,36.142857142857146,42.74,36.60078960336614,-0.019435638651668,-0.025,-42.74,-0.940017712406438,0,3,9,0.0098214285714285,0.0,0.0058928571428571,0,0.0,0.0039285714285714,0
Damongo,Savannah,2022-01-30,0.2759774087288008,0.0,33.6,18.957142857142856,37.142857142857146,44.7,35.55074828470697,0.0232206839839934,-0.025,-44.7,-1.2831326828989724,0,3,9,0.0191454414712854,0.4,0.1714872648827712,0,0.23795609176158905,0.1828406132931498,0
Damongo,Savannah,2022-02-06,0.2469827350316928,0.0,33.800000000000004,18.942857142857143,40.42857142857143,45.09,36.78230689528817,-0.0076393309388186,0.0,-45.09,-1.384980660230731,0,3,9,0.0143949958384868,0.4,0.1686369975030921,0,0.4817991554737091,0.27847766052487843,0
Damongo,Savannah,2022-02-13,0.2457291687480058,0.1,35.42857142857143,20.514285714285712,53.85714285714285,41.92,39.96186944819999,-0.0045244237860767,0.075,-41.82,-1.39543962500159,0,3,9,0.0095338847273757,0.5,0.2057203308364254,0,0.5074308514595032,0.3067858944747516,0
Damongo,Savannah,2022-02-20,0.2400463398978751,0.0,36.7,21.442857142857143,65.42857142857143,39.81,39.23800065705518,-0.0121375732037184,-0.025,-39.81,-1.3656874242456525,0,3,9,0.0095338847273757,0.5,0.2057203308364254,0,0.20894956588745117,0.18739338024593077,0
Damongo,Savannah,2022-02-27,0.2343635110477444,0.0,36.81428571428571,22.071428571428573,63.57142857142857,40.56,36.91871280372993,-0.0074169276335851,-0.025,-40.56,-1.3236484784676383,0,3,9,0.0095338847273757,0.4,0.1657203308364254,0,0.13607823848724365,0.13824484928584777,0
Damongo,Savannah,2022-03-06,0.2688394413636004,7.399999999999999,35.957142857142856,24.31428571428572,79.71428571428571,34.04,37.79352282634784,0.021594826099294,5.525,-26.64,-1.136301002717793,0,3,9,0.0145338847273757,0.4,0.1687203308364254,0,0.11703229695558548,0.1326264726731845,0
Damongo,Savannah,2022-03-13,0.3033153716794565,0.8999999999999999,37.04285714285714,23.842857142857145,74.71428571428571,38.41,37.83196029870723,0.0416742056822874,-1.1749999999999998,-37.51,-1.0925358200358513,0,3,9,0.0095338847273757,0.4,0.1657203308364254,0,0.053084492683410645,0.10504735096431456,0
Damongo,Savannah,2022-03-20,0.3377913019953126,13.6,34.52857142857143,24.3,86.14285714285714,30.92,37.87039777106662,0.0517138954737841,8.125,-17.32,-0.8641648319808909,0,3,9,0.0,0.0,0.0,0,0.03651976212859154,0.014607904851436615,0
Damongo,Savannah,2022-03-27,0.3722672323111686,4.8,36.114285714285714,25.057142857142857,85.85714285714286,35.28,34.40828736053379,0.051713895473784,-1.875,-30.48,-0.761809137912683,0,3,9,0.0,0.0,0.0,0,0.01920548640191555,0.007682194560766221,0
Damongo,Savannah,2022-04-03,0.4067431626270247,6.699999999999999,36.24285714285714,24.65714285714285,85.57142857142857,35.06,33.75728143440159,0.051713895473784,0.1999999999999993,-28.360000000000003,-0.7792745936465438,0,3,9,0.0,0.0,0.0,0,0.014581043273210526,0.0058324173092842106,0
Damongo,Savannah,2022-04-10,0.4412190929428808,11.9,36.01428571428571,24.342857142857145,90.57142857142856,36.21,36.20216738987577,0.051713895473784,2.6499999999999986,-24.31,-0.6452373752238904,0,3,9,0.0,0.0,0.0,0,0.012036177329719067,0.004814470931887627,0
Damongo,Savannah,2022-04-17,0.4756950232587369,38.7,33.15714285714286,23.285714285714285,93.57142857142856,27.75,38.647053345349946,0.0517138954737841,23.175,10.950000000000005,-0.3581743324353744,0,3,9,0.0,0.1,0.04,0,0.017397919669747353,0.026959167867898946,0
Damongo,Savannah,2022-04-24,0.510170953574593,36.1,34.2,24.11428571428572,91.28571428571428,31.13,34.85138714090266,0.0517138954737841,12.75,4.970000000000002,0.0017968337072818,0,3,9,0.0,0.0,0.0,0,0.005035989452153444,0.0020143957808613777,0
Damongo,Savannah,2022-05-01,0.544646883890449,38.4,33.457142857142856,23.15714285714285,93.28571428571428,30.99,31.552875027454377,0.0517138954737841,7.1249999999999964,7.409999999999997,0.3650173869632146,0,3,9,0.0,0.0,0.0,0,0.0006448774365708232,0.0002579509746283293,0
Damongo,Savannah,2022-05-08,0.5430467466765736,21.0,33.05714285714286,23.87142857142857,93.71428571428572,27.62,34.05651099168381,0.0246568448264854,-12.550000000000004,-6.619999999999997,0.5446475683190283,0,3,9,0.0,0.2,0.08,0,0.00015797642117831856,0.04006319056847134,0
Damongo,Savannah,2022-05-15,0.5414466094626983,33.2,33.75714285714286,23.542857142857144,97.28571428571428,30.9,36.56014695591324,0.0066188110616198,1.0250000000000057,2.3000000000000043,0.4568125729132742,0,3,9,0.0,0.0,0.0,0,9.393855725647882e-05,3.757542290259153e-05,0
Damongo,Savannah,2022-05-22,0.5398464722488229,22.9,32.857142857142854,23.25714285714286,94.71428571428572,30.41,25.834824973349782,-0.0024002058208131,-5.975000000000001,-7.510000000000002,0.3300864754954928,0,3,9,0.0043103448275862,0.0,0.0025862068965517,0,0.00011647378414636478,0.001770727444693026,0
Damongo,Savannah,2022-05-29,0.5382463350349476,38.3,32.114285714285714,22.61428571428572,97.57142857142856,28.57,30.321031955623425,-0.002400205820813,9.449999999999996,9.729999999999997,0.3536445320667472,0,3,9,0.0,0.0,0.0,0,0.00016231441986747086,6.492576794698834e-05,0
Damongo,Savannah,2022-06-05,0.5366461978210721,15.4,33.6,22.9,94.57142857142856,33.65,29.542147938489336,-0.002400205820813,-12.05,-18.25,0.2355496191686062,0,3,9,0.0,0.2,0.08,0,0.0001885817473521456,0.040075432698940865,0
Damongo,Savannah,2022-06-12,0.5248893693135577,16.7,31.65714285714285,22.67142857142857,94.28571428571428,27.93,30.527490302118792,-0.0100177242910424,-6.625,-11.23,0.0981614702853864,0,3,9,0.0,0.0,0.0,0,0.00023256817075889558,9.302726830355823e-05,0
Damongo,Savannah,2022-06-19,0.5131325408060433,121.5,29.62857142857143,22.228571428571428,97.28571428571428,23.45,29.027838296814707,-0.0150960699378618,73.525,98.05,1.170053044277454,0,3,9,0.0,0.0,0.0,0,0.00046979778562672436,0.00018791911425068976,0
Damongo,Savannah,2022-06-26,0.5013757122985288,21.3,30.828571428571426,21.82857142857143,98.71428571428572,26.56,29.696227384868337,-0.0176352427612717,-22.425000000000008,-5.260000000000002,1.0178395666899105,0,3,9,0.0,0.2,0.08,0,0.00011086429003626108,0.040044345716014514,0
Damongo,Savannah,2022-07-03,0.5107722369861217,59.2,30.3,22.11428571428572,98.85714285714286,24.82,27.57024280722669,-0.0017702278649411,4.524999999999999,34.38,1.552262203476596,0,3,9,0.0,0.0,0.0,0,4.484717283048667e-05,1.7938869132194667e-05,0
Damongo,Savannah,2022-07-10,0.5201687616737146,47.3,30.9,22.17142857142857,99.14285714285714,26.21,25.44425822958505,0.0088064487326124,-15.025000000000006,21.09,1.880450301917517,0,3,9,0.0,0.2,0.08,0,2.5846595235634595e-05,0.040010338638094264,0
Damongo,Savannah,2022-07-17,0.5295652863613075,19.4,29.81428571428572,22.27142857142857,96.71428571428572,25.11,25.51014458948933,0.0140947870313893,-17.400000000000002,-5.709999999999997,0.8268365304376295,0,3,9,0.0,0.2,0.08,0,2.187570498790592e-05,0.04000875028199517,0
Damongo,Savannah,2022-07-24,0.5389618110489004,26.5,29.342857142857145,21.514285714285712,92.85714285714286,25.45,25.57603094939361,0.0140947870313893,-11.6,1.0500000000000007,0.8909103825775494,0,3,9,0.0,0.2,0.08,0,3.529379318933934e-05,0.040014117517275745,0
Damongo,Savannah,2022-07-31,0.5483583357364933,32.9,30.77142857142857,21.4,97.71428571428572,26.5,25.91558909730361,0.0140947870313893,1.3749999999999964,6.399999999999999,0.6067920968604401,0,3,9,0.0,0.0,0.0,0,3.4971555578522384e-05,1.3988622231408954e-05,0
Damongo,Savannah,2022-08-07,0.5577548604240862,15.3,30.61428571428572,21.5,94.28571428571428,27.54,31.001539657067667,0.0140947870313893,-8.225000000000001,-12.239999999999998,0.2683481203432403,0,3,9,0.0,0.0,0.0,0,7.642151467734948e-05,3.056860587093979e-05,0
Damongo,Savannah,2022-08-14,0.5671513851116791,142.0,30.5,22.32857142857143,97.57142857142856,26.32,32.55350544864655,0.0140947870313893,87.825,115.68,1.5009828130952023,0,3,9,0.0,0.0,0.0,0,0.00019813943072222173,7.92557722888887e-05,0
Damongo,Savannah,2022-08-21,0.576547909799272,12.8,29.885714285714283,21.557142857142857,97.0,25.49,27.91836313205158,0.0140947870313893,-37.95,-12.689999999999998,1.3614622539188947,0,3,9,0.0,0.2,0.08,0,6.106361979618669e-05,0.04002442544791848,0
Damongo,Savannah,2022-08-28,0.5859444344868648,78.2,29.04285714285714,21.8,99.0,21.84,26.678308793197232,0.0140947870313893,16.125,56.36,1.86877281697918,0,3,9,0.0,0.0,0.0,0,3.407732583582401e-05,1.3630930334329605e-05,0
Damongo,Savannah,2022-09-04,0.5953409591744577,53.5,29.571428571428573,22.042857142857144,97.85714285714286,23.04,25.43825445434288,0.0140947870313893,-18.125,30.46,2.3023629099070058,0,3,9,0.0,0.2,0.08,0,2.356488403165713e-05,0.04000942595361267,0
Damongo,Savannah,2022-09-11,0.6047374838620506,37.9,30.085714285714285,22.042857142857144,98.14285714285714,24.83,26.39509251373996,0.0140947870313893,-7.700000000000003,13.069999999999997,1.2604266233654555,0,3,9,0.0,0.0,0.0,0,1.986653296626173e-05,7.946613186504692e-06,0
Damongo,Savannah,2022-09-18,0.6141340085496435,62.5,29.585714285714285,22.071428571428573,98.71428571428572,22.17,27.351930573137032,0.0140947870313893,4.475000000000001,40.33,1.7988094506964467,0,3,9,0.0,0.0,0.0,0,2.7113143005408347e-05,1.0845257202163339e-05,0
Damongo,Savannah,2022-09-25,0.6235305332372364,45.0,29.685714285714287,21.914285714285715,99.71428571428572,22.83,28.30876863253411,0.0140947870313893,-4.725000000000001,22.17,1.4516327463123162,0,3,9,0.0,0.0,0.0,0,2.223318188043777e-05,8.893272752175108e-06,0
Damongo,Savannah,2022-10-02,0.6329270579248293,39.1,29.285714285714285,21.61428571428572,99.71428571428572,21.06,28.366331305719086,0.0140947870313893,-7.024999999999999,18.040000000000003,1.3255159089782742,0,3,9,0.0,0.0,0.0,0,2.6624215024639852e-05,1.0649686009855942e-05,0
Damongo,Savannah,2022-10-09,0.6423235826124222,27.3,31.5,21.87142857142857,98.85714285714286,26.74,28.40699220378804,0.0140947870313893,-16.175,0.5599999999999987,1.1984851815186233,0,3,9,0.0,0.2,0.08,0,2.8715139706037007e-05,0.04001148605588242,0
Damongo,Savannah,2022-10-16,0.6517201073000151,24.7,30.928571428571427,21.62857142857143,98.0,26.25,29.20907540549977,0.0140947870313893,-9.325,-1.5500000000000007,0.7732216430685681,0,3,9,0.0,0.0,0.0,0,3.106669828412123e-05,1.2426679313648492e-05,0
Damongo,Savannah,2022-10-23,0.661116631987608,1.1,33.714285714285715,22.057142857142857,92.85714285714286,33.65,30.011158607211502,0.0140947870313893,-21.95,-32.55,0.2175764466982959,0,3,9,0.0,0.2,0.08,0,6.232708983588964e-05,0.040024930835934364,0
Damongo,Savannah,2022-10-30,0.6515270789213937,0.9,34.34285714285714,21.885714285714283,87.28571428571429,36.44,30.81324180892324,-0.000144771283966,-12.6,-35.54,-0.3264928080809289,0,3,9,0.005,0.2,0.083,0,0.0002984776219818741,0.04211939104879276,0
Damongo,Savannah,2022-11-06,0.6037776452332762,0.2,34.528571428571425,21.87142857142857,80.14285714285714,35.730000000000004,31.825331370591584,-0.0382577206272971,-6.525,-35.53,-0.692962748450138,0,3,9,0.0,0.0,0.0,0,0.019351741299033165,0.0077406965196132665,0
Damongo,Savannah,2022-11-13,0.5560282115451586,1.9,34.25714285714286,21.228571428571428,83.71428571428571,33.730000000000004,33.13549702429839,-0.0620841803767004,0.875,-31.830000000000005,-1.0004360040439215,1,3,9,0.3536320496632996,0.7,0.4921792297979798,0,0.9875068664550781,0.6764555664473512,1
Damongo,Savannah,2022-11-20,0.512592890762718,0.1,33.54285714285714,19.8,72.42857142857143,36.32,32.01485513197957,-0.0683885658529186,-0.675,-36.22,-1.037702412499311,1,3,9,0.998050508965744,0.7,0.8788303053794464,1,0.9970609545707703,0.9380445854146058,1
Damongo,Savannah,2022-11-27,0.4370976276693672,0.0,33.800000000000004,19.15714285714285,76.0,33.85,33.651247141178374,-0.0902764661332627,-0.55,-33.85,-1.02054158680732,1,3,9,0.9980162376814726,0.7,0.8788097426088834,1,0.994413435459137,0.936971869256244,1
Damongo,Savannah,2022-12-04,0.3276937977800783,7.300000000000001,33.72857142857143,21.75714285714286,91.0,30.29,35.24302662336828,-0.1306593341592522,4.9750000000000005,-22.99,-0.8932062293057993,0,3,9,0.1186481481481481,0.3,0.1911888888888888,0,0.9916132688522339,0.5041045668001528,0
Damongo,Savannah,2022-12-11,0.3563451491359209,0.0,33.457142857142856,20.1,75.71428571428571,32.26,35.98496619956779,-0.0520872172011002,-1.85,-32.26,-0.8975725932392643,0,3,9,0.1075230018711574,0.3,0.1845138011226944,0,0.4778066575527191,0.2941318637695506,0
Damongo,Savannah,2022-12-18,0.3277983914781081,0.0,33.22857142857143,18.11428571428572,68.28571428571429,32.2,34.640276974008344,-0.0344353500377604,-1.825,-32.2,-0.8567521676287289,0,3,9,0.0048214285714285,0.0,0.0028928571428571,0,0.09934841841459274,0.0416679387944085,0
Damongo,Savannah,2022-12-25,0.2992516338202954,0.0,31.37142857142857,18.385714285714283,49.285714285714285,37.06,33.295587748448895,-0.0285206092333052,-1.825,-37.06,-0.8893475821087832,0,3,9,0.0,0.0,0.0,0,0.32374483346939087,0.12949793338775636,0
Damongo,Savannah,2023-01-01,0.2707048761624826,0.0,31.8,18.52857142857143,48.85714285714285,38.72,34.88110991774164,-0.0428201364867191,0.0,-38.72,-1.0490752673957784,0,3,9,0.0526369080380088,0.4,0.1915821448228053,0,0.9593438506126404,0.4847923034602597,0
Damongo,Savannah,2023-01-08,0.1811516733110224,0.0,32.55714285714286,18.32857142857143,54.57142857142857,37.5,35.02467677941888,-0.0885749703819547,0.0,-37.5,-1.1022839813756804,1,3,9,0.99622741870826,0.7,0.8777364512249561,1,0.6805201172828674,0.8106990143964511,1
Damongo,Savannah,2023-01-15,0.2498361560009972,0.0,33.05714285714286,19.042857142857144,52.85714285714285,39.58,35.168243641096126,-0.0003999288227022,0.0,-39.58,-1.1772229716756184,0,3,9,0.0378821185872728,0.4,0.1827292711523637,0,0.2694055140018463,0.20291505303564766,0
Damongo,Savannah,2023-01-22,0.2610103747263349,0.0,33.94285714285714,18.6,56.71428571428572,37.2,34.6470336488041,0.0203346046761256,0.0,-37.2,-1.178644578537677,0,3,9,0.0629541658645176,0.4,0.1977724995187106,0,0.18810424208641052,0.18042336318037128,0
Damongo,Savannah,2023-01-29,0.2482152888798732,0.1,35.114285714285714,20.642857142857142,76.28571428571429,34.74,37.88515826183635,0.0131619156503162,0.075,-34.64,-1.137214892843402,0,3,9,0.0095338847273757,0.4,0.1657203308364254,0,0.1964634209871292,0.162398922285802,0
Damongo,Savannah,2023-02-05,0.2408613053606208,0.0,35.74285714285714,19.87142857142857,61.142857142857146,38.54,37.83716821874884,-0.0091194758813357,-0.025,-38.54,-1.1477754009615504,0,3,9,0.0095338847273757,0.4,0.1657203308364254,0,0.15153363347053528,0.1444270072791644,0
Damongo,Savannah,2023-02-12,0.238050297140668,0.0,35.5,22.057142857142857,74.85714285714286,34.95,36.51434363983259,-0.0089840193862062,-0.025,-34.95,-1.100760831166332,0,3,9,0.0095338847273757,0.4,0.1657203308364254,0,0.15805329382419586,0.14703487142062865,0
Damongo,Savannah,2023-02-19,0.2086262715145578,0.0,34.385714285714286,20.47142857142857,45.42857142857143,46.47,35.9068648361785,-0.0253120192093721,-0.025,-46.47,-1.194891514104059,0,3,9,0.0241119769705623,0.4,0.1744671861823374,0,0.12498226761817932,0.13963769783549668,0
Damongo,Savannah,2023-02-26,0.1792022458884476,0.0,36.785714285714285,21.31428571428572,61.0,40.68,40.41571334706413,-0.0374827840876259,0.0,-40.68,-1.256223695867152,0,3,9,0.0244901637511876,0.5,0.2146940982507126,0,0.19096839427947998,0.18618342321226705,0
Damongo,Savannah,2023-03-05,0.2672621245149695,0.1,36.25714285714286,23.957142857142856,79.28571428571429,36.1,39.09958671878957,0.0439768897503087,0.075,-36.0,-1.2304316856555202,0,3,9,0.0095338847273757,0.5,0.2057203308364254,0,0.19593514502048492,0.18218761189914426,0
Damongo,Savannah,2023-03-12,0.2530626082039034,0.2,37.21428571428572,24.514285714285712,76.71428571428571,36.91,37.78346009051501,0.0260242956734338,0.125,-36.71,-1.2483033147785405,0,3,9,0.0095338847273757,0.4,0.1657203308364254,0,0.10688796639442444,0.12656874044872007,0
Damongo,Savannah,2023-03-19,0.2388630918928375,0.3,36.04285714285714,23.81428571428572,80.0,37.45,43.10786078012666,0.004265574267798,0.15,-37.150000000000006,-1.153664915104364,0,3,9,0.0474928102423293,0.5,0.2284956861453976,0,0.04150460287928581,0.13559896524864606,0
Damongo,Savannah,2023-03-26,0.2652856397956956,43.5,34.41428571428572,23.057142857142857,88.0,32.97,40.25938451624302,0.0091672736938441,32.475,10.53,-0.6336614336328429,0,3,9,0.0,0.1,0.04,0,0.05403098464012146,0.04161239385604859,0
Damongo,Savannah,2023-04-02,0.2917081876985538,11.8,35.0,23.514285714285712,87.28571428571429,33.27,34.73771028923045,0.0294783058008061,-2.1500000000000004,-21.47,-0.4861189500206342,0,3,9,0.0049473684210526,0.0,0.0029684210526315,0,0.010270148515701294,0.006087006774701557,0
Damongo,Savannah,2023-04-09,0.3708725936330822,35.2,33.91428571428572,23.985714285714288,89.71428571428571,32.33,33.92222349982927,0.0791902153780399,12.5,2.8700000000000045,-0.0842103814472539,0,3,9,0.0,0.0,0.0,0,0.0017179118003696203,0.0006871647201478481,0
Damongo,Savannah,2023-04-16,0.4500369995676106,8.4,35.81428571428571,23.914285714285715,88.14285714285714,37.48,32.676545724344635,0.105561144393875,-16.325000000000003,-29.08,-0.0022649001843134,0,3,9,0.005,0.2,0.083,0,0.00035357827437110245,0.04214143130974845,0
Damongo,Savannah,2023-04-23,0.4900912264660632,12.0,35.142857142857146,24.8,88.85714285714286,36.55,32.148417760705456,0.0894139746247357,-4.850000000000001,-24.55,-0.3584789624772438,0,3,9,0.0,0.0,0.0,0,0.0002564605965744704,0.00010258423862978816,0
Damongo,Savannah,2023-04-30,0.5301454533645157,19.4,33.528571428571425,23.685714285714287,93.57142857142856,28.42,30.655564277749026,0.0698588851066978,0.6500000000000021,-9.02,-0.232057495101332,0,3,9,0.0,0.0,0.0,0,0.0008360353531315923,0.0003344141412526369,0
Damongo,Savannah,2023-05-07,0.5701996802629683,36.0,34.8,23.542857142857144,95.0,35.19,29.162710794792588,0.0600813403476788,17.049999999999997,0.8100000000000023,-0.2529754246430492,0,3,9,0.0,0.0,0.0,0,0.00174414471257478,0.0006976578850299121,0
Damongo,Savannah,2023-05-14,0.6102539071614208,45.9,34.91428571428572,24.057142857142857,96.71428571428572,34.11,31.438266764382377,0.0600813403476788,17.575,11.79,0.1620322357307268,0,3,9,0.0,0.0,0.0,0,0.0022189009469002485,0.0008875603787600995,0
Damongo,Savannah,2023-05-21,0.6503081340598733,11.0,33.2,23.514285714285712,96.0,29.75,29.08953374357145,0.0600813403476787,-17.075,-18.75,0.2209273771588623,0,3,9,0.0049242424242424,0.2,0.0829545454545454,0,0.000513728242367506,0.04217518826664397,0
Damongo,Savannah,2023-05-28,0.6298454305804492,6.2,33.857142857142854,23.885714285714283,94.85714285714286,33.26,25.13044508032823,0.0146936425642713,-18.575000000000003,-27.06,0.0377431786479027,0,3,9,0.0138473818646232,0.2,0.0883084291187739,0,0.00030920235440135,0.04566263368760983,0
Damongo,Savannah,2023-06-04,0.6342689883618944,8.200000000000001,32.9,23.685714285714287,92.42857142857144,31.69,28.117911183588262,0.003099873320985,-9.624999999999998,-23.489999999999995,-0.2090071552665273,0,3,9,0.0,0.0,0.0,0,0.0006399244302883744,0.0002559697721153498,0
Damongo,Savannah,2023-06-11,0.6386925461433396,41.0,32.74285714285714,23.2,95.28571428571428,28.72,31.10537728684829,0.0004137713569505,24.4,12.28,-0.2040315312493228,0,3,9,0.0,0.0,0.0,0,0.007186476141214371,0.0028745904564857483,0
Damongo,Savannah,2023-06-18,0.6431161039247848,30.7,31.571428571428573,22.87142857142857,98.0,28.08,30.01529806836157,0.0066353366721678,9.175,2.620000000000001,0.0129666019091698,0,3,9,0.0,0.0,0.0,0,0.013319532386958599,0.00532781295478344,0
Damongo,Savannah,2023-06-25,0.6475396617062301,25.4,30.97142857142857,23.014285714285712,96.28571428571428,26.07,28.92521884987485,0.0066353366721678,-0.9250000000000008,-0.6700000000000017,0.2809394954071867,0,3,9,0.0,0.0,0.0,0,0.0017481918912380934,0.0006992767564952374,0
Damongo,Savannah,2023-07-02,0.6519632194876753,32.4,30.428571428571427,22.3,98.0,23.56,27.83513963138813,0.0066353366721678,0.0249999999999985,8.839999999999996,0.6092291371953976,0,3,9,0.0,0.0,0.0,0,0.0004347960348241031,0.00017391841392964125,0
Damongo,Savannah,2023-07-09,0.6563867772691205,59.2,31.228571428571428,22.557142857142857,98.0,25.65,26.945534178007165,0.0066353366721678,22.275,33.55,0.8252118368809913,0,3,9,0.0,0.0,0.0,0,0.0002146104961866513,8.584419847466052e-05,0
Damongo,Savannah,2023-07-16,0.6608103350505657,24.8,30.228571428571428,22.65714285714285,96.85714285714286,24.89,28.11480776786209,0.0066353366721678,-10.649999999999997,-0.0899999999999998,0.7976935897654314,0,3,9,0.0,0.2,0.08,0,0.0001290466170758009,0.04005161864683033,0
Damongo,Savannah,2023-07-23,0.665233892832011,37.8,30.714285714285715,22.67142857142857,98.57142857142856,25.53,26.645951024121416,0.0066353366721677,-0.7499999999999929,12.270000000000003,0.9290906811585476,0,3,9,0.0,0.0,0.0,0,7.601855759276077e-05,3.040742303710431e-05,0
Damongo,Savannah,2023-07-30,0.6619777673631816,41.3,30.97142857142857,22.585714285714285,98.14285714285714,22.91,27.23432618562117,0.0008755742344618,0.5250000000000057,18.39,1.0260645778203916,0,3,9,0.0,0.0,0.0,0,5.723303911508992e-05,2.289321564603597e-05,0
Damongo,Savannah,2023-08-06,0.6587216418943522,82.0,29.542857142857144,22.714285714285715,97.57142857142856,22.63,27.82270134712093,-0.0029642673906753,35.525000000000006,59.370000000000005,1.2882495005228851,0,3,9,0.0,0.0,0.0,0,5.766089088865556e-05,2.3064356355462223e-05,0
Damongo,Savannah,2023-08-13,0.6554655164255229,67.9,30.24285714285714,22.485714285714288,99.57142857142856,24.33,28.41107650862068,-0.0048841882032441,10.650000000000006,43.57000000000001,1.73158775479054,0,3,9,0.0,0.0,0.0,0,4.720654396805912e-05,1.888261758722365e-05,0
Damongo,Savannah,2023-08-20,0.6522093909566936,33.300000000000004,30.77142857142857,22.24285714285714,97.85714285714286,25.21,27.64955426659376,-0.0048841882032438,-22.82499999999999,8.090000000000003,1.6891426356233663,0,3,9,0.0,0.2,0.08,0,2.8120064598624595e-05,0.040011248025839455,0
Damongo,Savannah,2023-08-27,0.6489532654878643,34.1,31.6,22.97142857142857,98.42857142857144,26.34,26.888032024566822,-0.0048841882032439,-20.225,7.760000000000002,1.5812020574542145,0,3,9,0.0,0.2,0.08,0,2.3790709747117944e-05,0.04000951628389886,0
Damongo,Savannah,2023-09-03,0.6456971400190349,54.4,31.442857142857143,22.214285714285715,99.42857142857144,24.75,25.522838760735223,-0.0048841882032439,6.975000000000001,29.65,1.2794152293086647,0,3,9,0.0,0.0,0.0,0,2.3408480046782643e-05,9.363392018713057e-06,0
Damongo,Savannah,2023-09-10,0.6424410145502055,56.0,31.2,22.11428571428572,98.85714285714286,24.72,26.71658738864056,-0.0048841882032441,11.550000000000004,31.28,1.154618455489391,0,3,9,0.0,0.0,0.0,0,3.265278064645827e-05,1.3061112258583308e-05,0
Damongo,Savannah,2023-09-17,0.6391848890813762,50.6,30.985714285714288,22.914285714285715,98.14285714285714,24.7,29.02566229305478,-0.0048841882032441,1.8250000000000028,25.899999999999995,1.3354671570126833,0,3,9,0.0,0.0,0.0,0,4.093629104318097e-05,1.6374516417272388e-05,0
Damongo,Savannah,2023-09-24,0.6359287636125468,49.10000000000001,31.0,22.385714285714283,99.71428571428572,26.99,26.75337107035932,-0.0048841882032439,-3.42499999999999,22.11000000000001,1.4811818603736735,0,3,9,0.0,0.0,0.0,0,3.29727990902029e-05,1.318911963608116e-05,0
Damongo,Savannah,2023-10-01,0.6326726381437174,21.0,33.32857142857143,23.071428571428573,98.42857142857144,32.74,28.062494137353383,-0.0048841882032441,-23.175,-11.740000000000002,1.0608939459408235,0,3,9,0.0,0.2,0.08,0,2.9050925149931572e-05,0.04001162037005998,0
Damongo,Savannah,2023-10-08,0.6294165126748882,47.3,31.142857142857142,23.085714285714285,99.71428571428572,23.47,28.829303078177475,-0.0048841882032438,5.300000000000004,23.83,0.9852441522098564,0,3,9,0.0,0.0,0.0,0,3.3956261177081615e-05,1.3582504470832647e-05,0
Damongo,Savannah,2023-10-15,0.6261603872060588,26.5,31.914285714285715,22.542857142857144,98.85714285714286,27.29,28.798380769196967,-0.0048841882032439,-9.474999999999994,-0.7899999999999991,0.7142249582931429,0,3,9,0.0,0.0,0.0,0,4.4605931179830804e-05,1.7842372471932322e-05,0
Damongo,Savannah,2023-10-22,0.6229042617372295,7.800000000000001,33.7,22.785714285714285,96.85714285714286,32.09,28.76745846021646,-0.0048841882032439,-17.849999999999998,-24.29,0.2430638268680581,0,3,9,0.0,0.2,0.08,0,7.30719038983807e-05,0.04002922876155936,0
Damongo,Savannah,2023-10-29,0.6196481362684001,0.1,34.51428571428571,22.714285714285715,91.0,34.81,30.416871533086464,-0.0048841882032441,-20.325,-34.71,0.0098187581431833,0,3,9,0.0,0.2,0.08,0,0.00017149123596027493,0.040068596494384115,0
Damongo,Savannah,2023-11-05,0.6449743956478728,0.5,35.44285714285714,23.32857142857143,87.71428571428571,33.74,30.873517519363983,0.0165526004329825,-8.224999999999996,-33.24,-0.569689124840213,0,3,9,0.0,0.0,0.0,0,0.000940372992772609,0.0003761491971090436,0
Damongo,Savannah,2023-11-12,0.6054530149609957,1.0,35.285714285714285,23.485714285714288,92.42857142857144,32.11,31.828235554263927,-0.0177919371926288,-1.3499999999999963,-31.11,-0.8775685538231561,0,3,9,0.0,0.0,0.0,0,0.183578759431839,0.07343150377273559,0
Damongo,Savannah,2023-11-19,0.5659316342741185,2.8,35.371428571428574,22.414285714285715,80.85714285714286,35.6,32.30122123804347,-0.0430701610137282,1.7000000000000033,-32.800000000000004,-0.9639819423668516,0,3,9,0.0,0.0,0.0,0,0.9813188314437866,0.39252753257751466,0
Damongo,Savannah,2023-11-26,0.5264102535872414,17.3,34.642857142857146,22.24285714285714,83.57142857142857,30.39,33.26143654995491,-0.0592820710303156,11.900000000000004,-13.09,-0.7444452255261119,0,3,9,0.0540215617715617,0.3,0.152412937062937,0,0.9861673712730408,0.476075573217841,0
Damongo,Savannah,2023-12-03,0.4684218927012885,2.7,34.8,22.514285714285712,87.42857142857143,31.02,33.79873024096241,-0.0731323061796225,-3.2499999999999964,-28.32,-0.6944858986594867,0,3,9,0.1235481680843522,0.3,0.1941289008506113,0,0.7389897108078003,0.405015151556861,0
Damongo,Savannah,2023-12-10,0.4197188374125261,0.0,34.471428571428575,19.87142857142857,71.0,33.98,33.23832981640365,-0.0754018170812675,-5.699999999999997,-33.98,-0.7236288393316845,0,3,9,0.1137483030803923,0.3,0.1882489818482353,0,0.13276879489421844,0.1586068391898443,0
Damongo,Savannah,2023-12-17,0.4088240960469244,0.0,32.55714285714286,18.61428571428572,62.0,35.51,32.677929391844884,-0.0470196738900706,-4.9999999999999964,-35.51,-0.7511470864472443,0,3,9,0.0,0.0,0.0,0,0.3371274471282959,0.13485097885131836,0
Damongo,Savannah,2023-12-24,0.4042691939672969,0.0,32.971428571428575,18.585714285714285,49.285714285714285,37.33,33.9954490087311,-0.0210393110647121,-0.6749999999999965,-37.33,-0.9972881602779352,0,3,9,0.005,0.0,0.003,0,0.9870924949645996,0.3968369979858399,0
Damongo,Savannah,2023-12-31,0.3589131212679836,0.0,33.214285714285715,17.985714285714288,56.71428571428572,35.86,34.39967993833784,-0.0390181909056991,0.0,-35.86,-1.0738518441345113,0,3,9,0.0435528085062766,0.4,0.186131685103766,0,0.9892366528511047,0.4931157845429526,0
Goaso,Ahafo,2022-01-02,0.5843974863733759,0.0,34.25,23.55,96.0,8.52,27.23423583820892,0.0,0.0,-8.52,-0.4581457319474605,0,4,0,0.0,0.0,0.0,0,0.0,0.0,0
Goaso,Ahafo,2022-01-09,0.5843974863733759,0.9,35.6,23.285714285714285,88.57142857142857,34.93,29.33829300344962,0.0,0.45,-34.03,-0.7887293080367489,0,4,0,0.0,0.0,0.0,0,0.0,0.0,0
Goaso,Ahafo,2022-01-16,0.3661727837969658,0.0,36.01428571428571,22.37142857142857,90.0,36.57,28.758554947623907,-0.14548313505094,-0.3,-36.57,-1.1439876500169217,1,4,0,0.99802332950538,0.7,0.8788139977032279,1,0.0,0.539209331802152,0
Goaso,Ahafo,2022-01-23,0.561036619866702,0.0,35.18571428571429,20.81428571428572,66.42857142857143,39.99,28.178816891798192,0.037035525764097,-0.225,-39.99,-1.5324694956769462,0,4,0,0.01465849160981,0.4,0.168795094965886,0,0.0,0.08586339664392402,0
Goaso,Ahafo,2022-01-30,0.4939498974545747,0.0,36.3,20.81428571428572,70.71428571428571,42.57,28.186762405388208,-0.0074392994183299,-0.225,-42.57,-1.8632473612614384,0,4,0,0.0426129548750776,0.4,0.1855677729250466,0,0.9998599290847778,0.4969891535839422,0
Goaso,Ahafo,2022-02-06,0.4108922860810076,0.3,36.24285714285714,21.285714285714285,75.42857142857143,38.11,29.85312462881785,-0.0471206107188048,0.2249999999999999,-37.81,-1.899968075854959,0,4,0,0.2669877214558689,0.4,0.3201926328735214,0,0.9995970129966736,0.5866338937810169,0
Goaso,Ahafo,2022-02-13,0.3668114187390768,14.900000000000002,36.285714285714285,24.385714285714283,90.85714285714286,33.81,28.614360429118392,-0.0913611367962634,11.1,-18.91,-1.728410451589992,1,4,0,0.8079499621765219,0.7,0.7647699773059131,1,0.9985137581825256,0.8625854881436191,1
Goaso,Ahafo,2022-02-20,0.3992062195796393,4.7,35.714285714285715,24.442857142857143,90.85714285714286,32.32,29.20913206570947,-0.0185087358839352,-0.2750000000000003,-27.62,-1.6082423988064334,0,4,0,0.0382619558446631,0.4,0.1829571735067979,0,0.7266939282417297,0.3859823536345572,0
Goaso,Ahafo,2022-02-27,0.4316010204202019,14.4,35.15714285714286,24.857142857142858,90.14285714285714,31.12,29.61328331823313,0.0294732842152204,5.824999999999999,-16.720000000000002,-1.357123226255505,0,4,0,0.0337994883604565,0.4,0.1802796930162739,0,0.07796483486890793,0.12470572929174578,0
Goaso,Ahafo,2022-03-06,0.4639958212607643,38.5,34.2,23.785714285714285,91.28571428571428,30.6,29.21288802145574,0.0485922012608437,20.375,7.899999999999999,-0.9130745849671896,0,4,0,0.0,0.0,0.0,0,0.05338192731142044,0.02135277092456818,0
Goaso,Ahafo,2022-03-13,0.4963906221013269,25.4,34.5,24.75714285714286,93.71428571428572,30.19,29.57404361395774,0.0485922012608437,4.649999999999999,-4.789999999999999,-0.7759062013532972,0,4,0,0.0,0.0,0.0,0,0.021800493821501732,0.008720197528600693,0
Goaso,Ahafo,2022-03-20,0.5287854229418893,23.7,34.31428571428571,24.2,92.14285714285714,28.99,29.935199206459743,0.0485922012608437,-1.7999999999999972,-5.289999999999999,-0.5589819799582397,0,4,0,0.0,0.0,0.0,0,0.003979178611189127,0.001591671444475651,0
Goaso,Ahafo,2022-03-27,0.5611802237824519,41.4,33.885714285714286,23.885714285714283,95.14285714285714,28.71,29.02529667917264,0.0485922012608437,9.15,12.689999999999998,-0.2732792772610322,0,4,0,0.0,0.0,0.0,0,0.0016250313492491841,0.0006500125396996737,0
Goaso,Ahafo,2022-04-03,0.5935750246230144,31.5,33.31428571428571,24.457142857142856,95.85714285714286,27.81,28.115394151885543,0.0485922012608437,1.0,3.690000000000001,-0.3141772160014349,0,4,0,0.0,0.0,0.0,0,0.0008379494538530707,0.00033517978154122834,0
Goaso,Ahafo,2022-04-10,0.6259698254635768,64.8,33.72857142857143,23.928571428571427,95.85714285714286,29.62,27.20549162459844,0.0485922012608437,24.450000000000003,35.17999999999999,0.074110340163386,0,4,0,0.0,0.0,0.0,0,0.0006731112953275442,0.0002692445181310177,0
Goaso,Ahafo,2022-04-17,0.6583646263041394,78.4,32.05714285714286,23.67142857142857,96.28571428571428,24.84,28.69553734568302,0.0485922012608437,24.375,53.56,0.6458071798006068,0,4,0,0.0,0.0,0.0,0,0.0002028370217885822,8.113480871543289e-05,0
Goaso,Ahafo,2022-04-24,0.690759427144702,76.89999999999999,32.07142857142857,23.585714285714285,97.0,27.26,29.979105169851263,0.0485922012608438,13.999999999999991,49.63999999999999,1.0047570221896518,0,4,0,0.0,0.0,0.0,0,6.261107046157122e-05,2.5044428184628487e-05,0
Goaso,Ahafo,2022-05-01,0.7231542279852644,48.9,31.857142857142858,23.02857142857143,97.14285714285714,29.13,29.50511416621396,0.0485922012608437,-18.35,19.77,1.1609657763335175,0,4,0,0.0,0.2,0.08,0,3.2924315746640787e-05,0.04001316972629866,0
Goaso,Ahafo,2022-05-08,0.7204926946037831,56.8,32.01428571428571,23.071428571428573,98.42857142857144,25.68,27.16542360777865,0.0222999505943108,-8.450000000000003,31.12,1.1215250088071436,0,4,0,0.0,0.0,0.0,0,2.5101737264776602e-05,1.0040694905910642e-05,0
Goaso,Ahafo,2022-05-15,0.7178311612223017,73.3,32.2,23.585714285714285,97.28571428571428,25.27,24.82573304934334,0.0047717834832889,9.324999999999996,48.03,1.0678039633832892,0,4,0,0.0,0.0,0.0,0,2.5409590307390317e-05,1.0163836122956127e-05,0
Goaso,Ahafo,2022-05-22,0.7151696278408204,154.8,31.67142857142857,23.342857142857145,96.28571428571428,24.49,26.63645394680233,-0.003992300072222,71.35000000000001,130.31,1.8514706422878704,0,4,0,0.0,0.0,0.0,0,2.9425584216369316e-05,1.1770233686547727e-05,0
Goaso,Ahafo,2022-05-29,0.712508094459339,32.5,30.82857142857143,22.428571428571427,97.28571428571428,27.23,28.44717484426133,-0.003992300072222,-46.85000000000001,5.27,1.7106107582651058,0,4,0,0.0,0.2,0.08,0,2.4992554244818166e-05,0.040009997021697934,0
Goaso,Ahafo,2022-06-05,0.7098465610778577,27.2,31.7,22.67142857142857,97.28571428571428,27.65,26.74333333333334,-0.0039923000722219,-44.75,-0.4499999999999993,1.4039247900858862,0,4,0,0.0,0.2,0.08,0,2.1299301806720905e-05,0.040008519720722696,0
Goaso,Ahafo,2022-06-12,0.7071850276963764,53.900000000000006,30.514285714285712,22.185714285714287,97.71428571428572,25.19,27.82002196997433,-0.003992300072222,-13.200000000000005,28.710000000000004,1.2162411377190026,0,4,0,0.0,0.2,0.08,0,2.0824374587391503e-05,0.04000832974983497,0
Goaso,Ahafo,2022-06-19,0.704523494314895,111.2,29.285714285714285,22.02857142857143,95.85714285714286,21.04,24.73461484161293,-0.0039923000722219,54.99999999999999,90.16,0.8262049760973473,0,4,0,0.0,0.0,0.0,0,2.3881613742560148e-05,9.55264549702406e-06,0
Goaso,Ahafo,2022-06-26,0.7018619609334137,47.4,29.342857142857145,21.842857142857145,97.57142857142856,21.99,24.497999820071563,-0.003992300072222,-12.525,25.41,1.0218544977675872,0,4,0,0.0,0.2,0.08,0,5.436008359538391e-05,0.04002174403343816,0
Goaso,Ahafo,2022-07-03,0.6992004275519323,104.1,28.414285714285715,21.942857142857143,97.71428571428572,20.88,24.26138479853019,-0.003992300072222,24.94999999999999,83.22,1.8346646009527403,0,4,0,0.0,0.0,0.0,0,3.100555113633163e-05,1.2402220454532654e-05,0
Goaso,Ahafo,2022-07-10,0.696538894170451,57.9,29.11428571428572,22.1,97.0,23.02,24.02476977698882,-0.0039923000722219,-22.25,34.879999999999995,1.8946029102231163,0,4,0,0.0,0.2,0.08,0,2.2092419385444373e-05,0.04000883696775419,0
Goaso,Ahafo,2022-07-17,0.6938773607889697,18.4,29.085714285714285,22.12857142857143,95.71428571428572,24.07,25.45343619683075,-0.003992300072222,-38.54999999999999,-5.670000000000002,0.9636647939540454,0,4,0,0.0,0.2,0.08,0,2.060832230199594e-05,0.040008243328920806,0
Goaso,Ahafo,2022-07-24,0.6912158274074884,2.1,29.37142857142857,20.52857142857143,92.57142857142856,27.0,25.62804552202283,-0.0039923000722219,-43.525,-24.9,0.4749295687688529,0,4,0,0.0137951592566197,0.2,0.0882770955539718,0,2.4582901460235007e-05,0.045527896863231984,0
Goaso,Ahafo,2022-07-31,0.6885542940260071,11.8,30.02857142857143,21.442857142857143,94.0,26.13,25.80265484721491,-0.0039923000722219,-10.749999999999998,-14.33,-0.4727174440877466,0,4,0,0.0048529411764705,0.2,0.0829117647058823,0,3.293794361525215e-05,0.04195435164803431,0
Goaso,Ahafo,2022-08-07,0.6858927606445258,14.8,29.214285714285715,20.65714285714285,93.85714285714286,25.27,25.97726417240699,-0.0039923000722219,3.025000000000002,-10.47,-0.9132688744623932,0,4,0,0.0,0.0,0.0,0,0.0017426169943064451,0.0006970467977225781,0
Goaso,Ahafo,2022-08-14,0.6832312272630444,7.3,29.81428571428572,22.47142857142857,90.57142857142856,24.99,26.15187349759907,-0.0039923000722219,-1.7000000000000002,-17.689999999999998,-1.030036861079885,0,4,0,0.014209905092258,0.4,0.1685259430553548,0,0.6645089387893677,0.3514875375526503,0
Goaso,Ahafo,2022-08-21,0.6805696938815631,8.9,29.357142857142858,21.542857142857144,93.85714285714286,24.81,26.32648282279115,-0.0039923000722219,-1.799999999999999,-15.909999999999998,-0.9427037329857708,0,4,0,0.0044594594594594,0.0,0.0026756756756756,0,0.7516928315162659,0.3024609163902901,0
Goaso,Ahafo,2022-08-28,0.6779081605000817,43.9,28.61428571428572,22.17142857142857,93.28571428571428,22.12,26.34559483003828,-0.003992300072222,25.175,21.78,-0.591914049395286,0,4,0,0.0,0.0,0.0,0,0.8614891767501831,0.34459567070007324,0
Goaso,Ahafo,2022-09-04,0.6752466271186004,19.8,29.357142857142858,22.1,96.14285714285714,22.0,26.364706837285407,-0.0039923000722219,-0.1750000000000007,-2.2,-0.5115753431285092,0,4,0,0.0,0.0,0.0,0,0.04120371490716934,0.016481485962867738,0
Goaso,Ahafo,2022-09-11,0.672585093737119,18.9,29.52857142857143,22.37142857142857,93.14285714285714,23.17,26.38381884453253,-0.003992300072222,-3.974999999999998,-4.27,-0.3812070918467505,0,4,0,0.0,0.0,0.0,0,0.007456301711499691,0.0029825206845998766,0
Goaso,Ahafo,2022-09-18,0.6699235603556377,65.30000000000001,29.25714285714286,22.1,96.42857142857144,22.5,26.402930851779665,-0.003992300072222,28.32500000000001,42.80000000000001,0.1891297213240436,0,4,0,0.0,0.0,0.0,0,0.00363540300168097,0.0014541612006723883,0
Goaso,Ahafo,2022-09-25,0.6672620269741564,45.1,28.97142857142857,22.142857142857142,97.28571428571428,22.32,26.422042859026792,-0.003992300072222,7.825000000000003,22.78,0.1988441960842343,0,4,0,0.0,0.0,0.0,0,0.0007480621570721269,0.00029922486282885075,0
Goaso,Ahafo,2022-10-02,0.664600493592675,82.60000000000001,27.3,21.82857142857143,97.28571428571428,18.22,26.441154866273923,-0.0039923000722219,29.625,64.38000000000001,0.845633925617729,0,4,0,0.0,0.0,0.0,0,0.00022130853903945535,8.852341561578215e-05,0
Goaso,Ahafo,2022-10-09,0.6619389602111937,54.6,29.65714285714285,21.77142857142857,98.42857142857144,24.11,26.46026687352105,-0.0039923000722219,-7.300000000000004,30.49,1.1833090682819567,0,4,0,0.0,0.0,0.0,0,5.169883297639899e-05,2.06795331905596e-05,0
Goaso,Ahafo,2022-10-16,0.6592774268297124,57.1,29.27142857142857,21.12857142857143,98.85714285714286,24.87,27.26513573251778,-0.0039923000722219,-2.750000000000007,32.230000000000004,1.080627070066741,0,4,0,0.0,0.0,0.0,0,2.988456435559783e-05,1.1953825742239133e-05,0
Goaso,Ahafo,2022-10-23,0.7029485915318217,46.7,29.87142857142857,22.042857142857144,98.42857142857144,25.130000000000003,28.070004591514515,0.0307572234904709,-13.550000000000004,21.57,1.0688725556069103,0,4,0,0.0,0.2,0.08,0,2.827384560077917e-05,0.04001130953824032,0
Goaso,Ahafo,2022-10-30,0.7269855996071461,26.9,30.67142857142857,22.27142857142857,98.28571428571428,28.22,28.874873450511245,0.0391979550621777,-19.425,-1.3199999999999967,0.4306315638623836,0,4,0,0.0,0.2,0.08,0,2.7392479751142673e-05,0.040010956991900465,0
Goaso,Ahafo,2022-11-06,0.7074886305961929,26.9,30.214285714285715,22.3,98.14285714285714,25.18,27.23491734699047,0.0083135684549746,-12.500000000000009,1.7199999999999989,0.151146125011698,0,4,0,0.0,0.2,0.08,0,4.768628423335031e-05,0.040019074513693347,0
Goaso,Ahafo,2022-11-13,0.6879916615852398,46.900000000000006,30.385714285714283,22.085714285714285,98.57142857142856,24.72,27.54598114679044,-0.0183619592448603,10.050000000000004,22.180000000000007,0.0535156536717818,0,4,0,0.0,0.0,0.0,0,0.0001056530891219154,4.226123564876616e-05,0
Goaso,Ahafo,2022-11-20,0.6684946925742867,6.8,30.057142857142857,21.714285714285715,98.0,27.14,25.7179145546707,-0.0292454535164297,-20.075,-20.34,-0.3536179835278089,0,4,0,0.0093356997971602,0.2,0.0856014198782961,0,0.00037485279608517885,0.04388422103729816,0
Goaso,Ahafo,2022-11-27,0.6489977235633335,1.5,31.0,22.414285714285715,98.0,27.53,27.90584835111736,-0.0292454535164297,-19.025,-26.03,-0.5936626548521203,0,4,0,0.0044827586206896,0.2,0.0826896551724138,0,0.0015336674405261874,0.042406570424486326,0
Goaso,Ahafo,2022-12-04,0.6295007545523803,36.1,30.014285714285712,22.085714285714285,98.42857142857144,22.23,27.490162535451475,-0.0292454535164298,13.275,13.87,-0.4756317865158037,0,4,0,0.0,0.0,0.0,0,0.010049422271549702,0.004019768908619881,0
Goaso,Ahafo,2022-12-11,0.6100037855414272,7.5,31.185714285714287,22.085714285714285,97.57142857142856,26.5,26.868592873230966,-0.0292454535164297,-5.475,-19.0,-0.8756738571404553,0,4,0,0.0044827586206896,0.0,0.0026896551724137,0,0.05116638168692589,0.022259656123046197,0
Goaso,Ahafo,2022-12-18,0.633437929364675,2.0,31.74285714285714,22.342857142857145,97.28571428571428,26.630000000000003,27.370706487285872,0.0029528811092209,-9.775,-24.630000000000003,-0.9173489538616734,0,4,0,0.0044827586206896,0.0,0.0026896551724137,0,0.043263111263513565,0.019098347953681268,0
Goaso,Ahafo,2022-12-25,0.6568720731879227,0.1,32.51428571428571,19.8,77.85714285714286,31.19,27.87282010134078,0.0244184375263214,-11.325,-31.09,-0.966504196148238,0,4,0,0.0094827586206896,0.2,0.0856896551724138,0,0.1094888374209404,0.08758863841665201,0
Goaso,Ahafo,2023-01-01,0.6187345574987838,0.0,33.51428571428572,19.6,73.71428571428571,33.45,27.48823626783269,-0.0110275288994183,-2.4,-33.45,-1.4261931418004603,0,4,0,0.0340145046524356,0.4,0.1804087027914614,0,0.9926256537437439,0.49065606335847184,0
Goaso,Ahafo,2023-01-08,0.6102175004575562,0.0,34.05714285714286,19.485714285714288,68.85714285714286,34.77,26.620889826760617,-0.0195980146696782,-0.525,-34.77,-1.5793904087686672,0,4,0,0.0195473804986989,0.4,0.1717284282992194,0,0.9999291896820068,0.4877906280722823,0
Goaso,Ahafo,2023-01-15,0.5891594437757004,0.3,34.42857142857143,21.52857142857143,98.28571428571428,32.32,25.753543385688545,-0.0295864499542903,0.1999999999999999,-32.02,-1.651180377246476,0,4,0,0.0245996680803983,0.4,0.174759800848239,0,0.9998390674591064,0.48977549421580197,0
Goaso,Ahafo,2023-01-22,0.5682291680578535,0.0,34.92857142857143,22.557142857142857,93.0,32.47,27.88904800414491,-0.0283559993896199,-0.075,-32.47,-1.664586352415539,0,4,0,0.0196253790270286,0.4,0.1717752274162172,0,0.9982174038887024,0.48713711316629243,0
Goaso,Ahafo,2023-01-29,0.5472988923400067,36.0,33.728571428571435,23.442857142857143,94.28571428571428,27.66,28.95477084623264,-0.0314273588177724,26.925,8.34,-1.2586184521871713,0,4,0,0.0,0.4,0.16,0,0.9914355874061584,0.47657423496246343,0
Goaso,Ahafo,2023-02-05,0.5836330548982698,1.3,35.68571428571429,23.25714285714286,96.14285714285714,33.53,29.575584604303856,0.0115529151303122,-8.099999999999998,-32.230000000000004,-1.2339436862962871,0,4,0,0.0191930760810071,0.4,0.1715158456486043,0,0.14938054978847504,0.14742945034779287,0
Goaso,Ahafo,2023-02-12,0.5837803559837194,8.8,33.81428571428571,23.485714285714288,96.42857142857144,30.74,28.04989259404357,0.0130449881637569,-2.725,-21.94,-1.1360217807135653,0,4,0,0.0093716475095785,0.4,0.1656229885057471,0,0.094589963555336,0.12158464442596581,0
Goaso,Ahafo,2023-02-19,0.3554339023814681,0.6000000000000001,35.371428571428574,22.885714285714283,88.42857142857143,36.74,26.46496961043249,-0.1621026490193979,-11.075,-36.14,-1.171673903083465,1,4,0,0.9950222900193576,0.8999999999999999,0.9570133740116146,1,0.5325493216514587,0.7910286446683266,1
Goaso,Ahafo,2023-02-26,0.4970135214979394,11.2,36.9,24.31428571428572,90.71428571428572,35.4,27.464165371477424,-0.0079516871924096,5.725,-24.2,-1.4877829117800694,0,4,0,0.0383730669557742,0.4,0.1830238401734645,0,0.9964261651039124,0.49391969282387466,0
Goaso,Ahafo,2023-03-05,0.6385931406144107,33.6,34.07142857142857,24.12857142857143,93.85714285714286,30.13,28.46336113252236,0.1198879104950263,20.05,3.4700000000000024,-1.1409761628412625,0,4,0,0.005,0.4,0.163,0,0.9704827070236206,0.47019308280944827,0
Goaso,Ahafo,2023-03-12,0.6373346560181165,31.6,33.871428571428574,24.228571428571428,94.14285714285714,28.72,29.462556893567296,0.1052408508901328,12.35,2.879999999999999,-0.8998628992933302,0,4,0,0.0,0.0,0.0,0,0.07904744893312454,0.03161897957324982,0
Goaso,Ahafo,2023-03-19,0.6360761714218222,1.9,34.0,23.75714285714286,94.14285714285714,33.76,27.505104405343506,0.0338217990337499,-17.675,-31.86,-0.8582849473197142,0,4,0,0.0093716475095785,0.2,0.0856229885057471,0,0.009855763986706734,0.0476909645985141,0
Goaso,Ahafo,2023-03-26,0.6348176868255279,49.7,32.32857142857143,23.357142857142858,96.28571428571428,27.79,27.92380401829297,-0.0018877268944413,20.5,21.910000000000004,-0.4103505161273225,0,4,0,0.0,0.0,0.0,0,0.02345704659819603,0.009382818639278413,0
Goaso,Ahafo,2023-04-02,0.6335592022292337,43.5,32.72857142857143,23.65714285714285,94.71428571428572,27.86,27.925651701436664,-0.0018877268944413,11.825000000000005,15.64,-0.2921253582958021,0,4,0,0.0,0.0,0.0,0,0.01576189324259758,0.0063047572970390325,0
Goaso,Ahafo,2023-04-09,0.6323007176329394,35.7,32.91428571428572,23.67142857142857,96.57142857142856,29.36,29.767688487009707,-0.0018877268944413,3.0,6.340000000000003,-0.2585132756255424,0,4,0,0.0,0.0,0.0,0,0.003157815197482705,0.001263126078993082,0
Goaso,Ahafo,2023-04-16,0.6310422330366451,37.7,33.542857142857144,23.685714285714287,96.57142857142856,30.03,29.17331028147106,-0.0018877268944413,-3.949999999999996,7.670000000000002,0.1254999116447946,0,4,0,0.0048888888888888,0.0,0.0029333333333333,0,0.0005114899249747396,0.002160151525545416,0
Goaso,Ahafo,2023-04-23,0.6297837484403508,33.400000000000006,32.785714285714285,23.571428571428573,96.57142857142856,29.84,29.502499356778287,-0.0018877268944414,-4.174999999999997,3.560000000000006,-0.0527607002047041,0,4,0,0.0,0.0,0.0,0,0.00019442586926743388,7.777034770697356e-05,0
Goaso,Ahafo,2023-04-30,0.714368528955986,40.7,31.15714285714285,22.957142857142856,97.71428571428572,25.97,29.83168843208552,0.0624947219395057,3.824999999999996,14.729999999999997,-0.0616008722364775,0,4,0,0.0,0.0,0.0,0,0.0003176244499627501,0.00012704977998510004,0
Goaso,Ahafo,2023-05-07,0.6180855447360412,33.1,32.3,23.428571428571427,97.57142857142856,29.91,30.16087750739274,-0.0302344690562146,-3.125,3.1900000000000013,-0.0922014677310782,0,4,0,0.0,0.0,0.0,0,0.00035761386970989406,0.00014304554788395764,0
Goaso,Ahafo,2023-05-14,0.5218025605160962,56.7,32.65714285714286,23.8,97.57142857142856,30.31,28.57203659174069,-0.0992075351460223,15.725,26.390000000000004,0.089653499779691,0,4,0,0.0285540983606557,0.3,0.1371324590163934,0,0.00035872278385795653,0.07156512845780547,0
Goaso,Ahafo,2023-05-21,0.529965145422341,58.6,31.642857142857142,23.62857142857143,98.0,26.23,26.95131085552225,-0.0660902994852751,11.325000000000005,32.370000000000005,0.3695275176207841,0,4,0,0.0277140750064008,0.3,0.1366284450038405,0,0.00023026728013064712,0.07117773691461257,0
Goaso,Ahafo,2023-05-28,0.5381277303285857,53.6,31.3,23.4,98.14285714285714,23.88,26.13403607116743,-0.0138675149221803,3.1000000000000014,29.72,0.5151474942760421,0,4,0,0.0,0.0,0.0,0,9.479423169977963e-05,3.791769267991185e-05,0
Goaso,Ahafo,2023-06-04,0.5462903152348306,36.0,31.214285714285715,23.24285714285714,97.28571428571428,25.65,26.189575405994105,0.0122438773593672,-15.224999999999994,10.35,0.5847031335590074,0,4,0,0.0,0.2,0.08,0,4.813577470486052e-05,0.04001925430988195,0
Goaso,Ahafo,2023-06-11,0.5544529001410754,79.5,30.2,22.942857142857143,98.0,21.72,26.24511474082078,0.0122438773593672,22.575000000000003,57.78,0.8896404962813924,0,4,0,0.0,0.0,0.0,0,3.62415739800781e-05,1.4496629592031241e-05,0
Goaso,Ahafo,2023-06-18,0.5626154850473202,3.7,30.12857142857143,22.12857142857143,92.57142857142856,26.3,25.95289700670104,0.0122438773593671,-39.49999999999999,-22.6,0.3556358187137115,0,4,0,0.0137951592566197,0.2,0.0882770955539718,0,3.328776074340567e-05,0.04553137880694525,0
Goaso,Ahafo,2023-06-25,0.570778069953565,146.7,28.685714285714287,22.75714285714286,97.0,18.35,25.66067927258128,0.0122438773593671,80.225,128.35,1.313774464311317,0,4,0,0.0,0.0,0.0,0,4.124967017560266e-05,1.6499868070241065e-05,0
Goaso,Ahafo,2023-07-02,0.5789406548598097,31.6,29.285714285714285,22.428571428571427,95.57142857142856,23.56,25.36846153846153,0.0122438773593671,-33.775000000000006,8.04,1.2913340276152765,0,4,0,0.0,0.2,0.08,0,3.10297473333776e-05,0.040012411898933356,0
Goaso,Ahafo,2023-07-09,0.5871032397660545,66.69999999999999,29.857142857142858,22.428571428571427,97.28571428571428,22.66,27.81793001581872,0.0122438773593671,4.524999999999999,44.03999999999999,1.1578571444102566,0,4,0,0.0,0.0,0.0,0,2.5303193979198113e-05,1.0121277591679246e-05,0
Goaso,Ahafo,2023-07-16,0.5952658246722994,72.0,29.142857142857142,22.428571428571427,97.28571428571428,20.27,24.98908867460767,0.0122438773593672,-7.25,51.73,1.879934053335229,0,4,0,0.0,0.0,0.0,0,2.4043449229793623e-05,9.61737969191745e-06,0
Goaso,Ahafo,2023-07-23,0.6034284095785442,43.9,28.7,22.61428571428572,96.42857142857144,21.68,24.772019214272262,0.0122438773593672,-9.65,22.22,0.8489368470361933,0,4,0,0.0,0.0,0.0,0,1.951776721398346e-05,7.807106885593385e-06,0
Goaso,Ahafo,2023-07-30,0.6115909944847889,46.7,29.47142857142857,22.82857142857143,96.42857142857144,22.43,24.554949753936853,0.0122438773593672,-10.624999999999991,24.270000000000003,1.006602772394088,0,4,0,0.0,0.2,0.08,0,2.6826985049410723e-05,0.040010730794019775,0
Goaso,Ahafo,2023-08-06,0.6197535793910337,37.4,29.6,22.87142857142857,94.71428571428572,20.78,24.337880293601444,0.0122438773593671,-12.6,16.619999999999997,0.74023187446966,0,4,0,0.0,0.2,0.08,0,2.4201119231292978e-05,0.04000968044769253,0
Goaso,Ahafo,2023-08-13,0.6279161642972786,49.8,29.37142857142857,22.442857142857143,95.42857142857144,21.74,24.120810833266034,0.0122438773593672,5.349999999999994,28.06,0.5102902568959468,0,4,0,0.0,0.0,0.0,0,2.934347685368266e-05,1.1737390741473065e-05,0
Goaso,Ahafo,2023-08-20,0.6360787492035234,86.5,28.642857142857142,22.1,97.42857142857144,19.26,23.90374137293063,0.0122438773593671,31.40000000000001,67.24000000000001,0.9476359105997308,0,4,0,0.0,0.0,0.0,0,4.3935771827818826e-05,1.757430873112753e-05,0
Goaso,Ahafo,2023-08-27,0.6442413341097681,29.3,29.9,23.342857142857145,95.57142857142856,23.85,23.68667191259522,0.0122438773593671,-21.45,5.449999999999999,0.7648094956129423,0,4,0,0.0,0.2,0.08,0,3.678609573398717e-05,0.0400147144382936,0
Goaso,Ahafo,2023-09-03,0.6524039190160129,42.6,29.67142857142857,22.82857142857143,96.0,22.25,23.46960245225981,0.0122438773593671,-9.449999999999996,20.35,0.8010444864684535,0,4,0,0.0,0.0,0.0,0,3.288549851276912e-05,1.3154199405107648e-05,0
Goaso,Ahafo,2023-09-10,0.6605665039222577,34.3,30.042857142857144,22.414285714285715,96.42857142857144,25.46,23.2525329919244,0.0122438773593671,-13.875,8.84,0.6143322815775889,0,4,0,0.0,0.2,0.08,0,3.0340579542098567e-05,0.04001213623181685,0
Goaso,Ahafo,2023-09-17,0.6687290888285025,47.7,29.357142857142858,22.785714285714285,96.57142857142856,22.9,23.87702613088616,0.0122438773593671,9.225,24.800000000000004,0.202049972755097,0,4,0,0.0,0.0,0.0,0,3.897780698025599e-05,1.5591122792102397e-05,0
Goaso,Ahafo,2023-09-24,0.6768916737347472,44.1,29.8,22.457142857142856,97.71428571428572,25.87,24.501519269847904,0.0122438773593671,1.9249999999999967,18.23,0.3262009601903338,0,4,0,0.0,0.0,0.0,0,9.162128844764084e-05,3.664851537905634e-05,0
Goaso,Ahafo,2023-10-01,0.6850542586409921,32.3,30.685714285714287,23.1,97.14285714285714,26.59,25.126012408809657,0.0122438773593672,-7.300000000000004,5.709999999999997,0.1839810497011423,0,4,0,0.0,0.0,0.0,0,8.26136747491546e-05,3.304546989966184e-05,0
Goaso,Ahafo,2023-10-08,0.6932168435472369,92.1,29.414285714285715,22.75714285714286,97.71428571428572,21.07,25.75050554777141,0.0122438773593672,38.05,71.03,0.7881242350373998,0,4,0,0.0,0.0,0.0,0,9.877713455352932e-05,3.951085382141173e-05,0
Goaso,Ahafo,2023-10-15,0.7013794284534817,98.3,29.414285714285715,22.214285714285715,98.28571428571428,22.86,25.728793707432345,0.0122438773593671,31.599999999999994,75.44,1.280065236893455,0,4,0,0.0,0.0,0.0,0,6.024277172400616e-05,2.4097108689602467e-05,0
Goaso,Ahafo,2023-10-22,0.7095420133597264,40.5,30.557142857142857,22.75714285714286,98.28571428571428,26.86,25.70708186709328,0.0122438773593671,-25.3,13.64,1.23547579774418,0,4,0,0.0,0.2,0.08,0,3.345247750985436e-05,0.04001338099100395,0
Goaso,Ahafo,2023-10-29,0.7177045982659713,20.4,30.714285714285715,22.75714285714286,98.0,27.1,28.322668848556987,0.0122438773593671,-42.425,-6.700000000000003,1.1149191659702136,0,4,0,0.0,0.2,0.08,0,2.4767696231720038e-05,0.040009907078492696,0
Goaso,Ahafo,2023-11-05,0.7258671831722161,36.7,31.357142857142858,22.77142857142857,98.42857142857144,28.41,27.68030215567802,0.0122438773593671,-12.275,8.290000000000003,0.5054330195158513,0,4,0,0.0,0.2,0.08,0,2.306036913068965e-05,0.04000922414765228,0
Goaso,Ahafo,2023-11-12,0.7340297680784609,73.8,31.0,22.37142857142857,98.42857142857144,26.57,25.855343361238056,0.0122438773593671,30.94999999999999,47.23,0.2313876865308725,0,4,0,0.0,0.0,0.0,0,4.349347000243142e-05,1.739738800097257e-05,0
Goaso,Ahafo,2023-11-19,0.7299632117962283,22.4,31.1,22.457142857142856,98.85714285714286,25.97,27.0767530564587,0.0030720214680091,-15.925,-3.5699999999999967,0.0642015759079912,0,4,0,0.0,0.2,0.08,0,0.00017081250553019345,0.04006832500221209,0
Goaso,Ahafo,2023-11-26,0.7258966555139957,53.7,31.1,23.25714285714286,97.85714285714286,24.83,27.778711289727767,-0.0030425491262294,7.049999999999997,28.87,0.4097454431279732,0,4,0,0.0,0.0,0.0,0,0.00015393301146104932,6.157320458441973e-05,0
Goaso,Ahafo,2023-12-03,0.7218300992317631,14.9,30.62857142857143,22.17142857142857,98.42857142857144,24.98,27.40069712783849,-0.0060998344233488,-26.30000000000001,-10.08,0.2312905417832707,0,4,0,0.0,0.2,0.08,0,0.00010222438140772283,0.0400408897525631,0
Goaso,Ahafo,2023-12-10,0.703928195926141,5.4,31.714285714285715,22.32857142857143,98.57142857142856,27.11,27.187189122935703,-0.0164763446908909,-18.700000000000003,-21.71,-0.4384253481842737,0,4,0,0.0044827586206896,0.2,0.0826896551724138,0,0.00016802354366518557,0.04186031286574192,0
Goaso,Ahafo,2023-12-17,0.6860262926205187,0.0,32.5,20.514285714285712,82.42857142857143,30.57,26.97368111803292,-0.0233940182025859,-18.500000000000004,-30.57,-0.7007161667094217,0,4,0,0.0094827586206896,0.2,0.0856896551724138,0,0.0021816969383507967,0.04466578222361617,0
Goaso,Ahafo,2023-12-24,0.6515092480755522,0.0,33.457142857142856,18.785714285714285,69.57142857142857,33.2,26.854594447744034,-0.0393142108879415,-5.075000000000004,-33.2,-1.3036936150744565,0,4,0,0.0535515416894727,0.4,0.1921309250136836,0,0.0731290653347969,0.13067224280970785,0
Goaso,Ahafo,2023-12-31,0.4962267016624854,0.2,33.42857142857143,21.685714285714283,89.42857142857143,29.85,27.55963646242691,-0.1381959079086889,-1.2000000000000035,-29.65,-1.4938058861313877,1,4,0,0.997400656050583,0.7,0.8784403936303498,1,0.9999692440032959,0.9389479600215517,1
Ho,Volta,2022-01-02,0.408116461998374,1.2000000000000002,35.9,23.8,98.0,8.55,31.80709560031352,0.0,0.0,-7.35,-0.2728497197859898,0,5,12,0.0,0.0,0.0,0,0.0,0.0,0
Ho,Volta,2022-01-09,0.408116461998374,0.5,35.714285714285715,23.071428571428573,97.71428571428572,30.01,31.7286413477504,0.0,-0.3500000000000001,-29.51,-0.5756680511169395,0,5,12,0.005,0.0,0.003,0,0.0,0.002,0
Ho,Volta,2022-01-16,0.3771431414779161,5.2,35.95714285714286,23.685714285714287,97.71428571428572,29.24,32.83167618675074,-0.0206488803469718,2.9,-24.040000000000003,-0.8223557056474726,0,5,12,0.005,0.0,0.003,0,0.0,0.002,0
Ho,Volta,2022-01-23,0.3461698209574582,0.1,35.57142857142857,21.571428571428573,81.71428571428571,36.48,33.934711025751085,-0.0387166506505723,-1.65,-36.38,-1.195670883343845,0,5,12,0.073246502321001,0.4,0.2039479013926006,0,0.0,0.10929860092840041,0
Ho,Volta,2022-01-30,0.2241799525683752,0.0,37.0,21.52857142857143,86.42857142857143,38.75,34.68265775441597,-0.1147223916821557,-1.45,-38.75,-1.5178835435875528,1,5,12,0.9954113430550726,0.7,0.8772468058330436,1,0.2312704175710678,0.6306727042504562,0
Ho,Volta,2022-02-06,0.3592412619369129,0.6000000000000001,37.1,22.142857142857142,86.85714285714286,36.84,34.51045058249736,0.0325577177017472,-0.875,-36.24,-1.5869437729964748,0,5,12,0.0435511615389655,0.4,0.1861306969233793,0,0.8666228652000427,0.44406961069560336,0
Ho,Volta,2022-02-13,0.2393728194827927,15.2,36.785714285714285,24.557142857142857,96.42857142857144,31.94,32.4990442495768,-0.052868144253592,11.225,-16.740000000000002,-1.5120344602646576,1,5,12,0.9975619795323848,0.7,0.8785371877194308,1,0.9528302550315857,0.9201568938255883,1
Ho,Volta,2022-02-20,0.2766662046101819,19.6,35.385714285714286,23.47142857142857,99.0,29.41,33.042319880720584,0.0018011449606161,10.75,-9.81,-1.2393850850202208,0,5,12,0.0145256104334682,0.4,0.168715366260081,0,0.07311681658029556,0.11505697080550553,0
Ho,Volta,2022-02-27,0.3139595897375711,5.1,35.51428571428571,24.071428571428573,97.85714285714286,32.84,32.19670516287175,0.0166496207957064,-5.025000000000002,-27.739999999999995,-1.126405422941137,0,5,12,0.0386290467201774,0.4,0.1831774280321065,0,0.013130709528923035,0.10070390249964019,0
Ho,Volta,2022-03-06,0.4505637086117385,43.3,35.3,23.61428571428572,98.0,29.14,35.16307850813939,0.1304231280011674,22.5,14.159999999999997,-0.6092233186009179,0,5,12,0.0,0.0,0.0,0,0.008494865149259567,0.003397946059703827,0
Ho,Volta,2022-03-13,0.4676202628609724,7.7,34.98571428571429,24.31428571428572,97.57142857142856,31.02,32.60673070070618,0.0904178214058564,-11.225,-23.32,-0.6767443155564465,0,5,12,0.0,0.2,0.08,0,0.0024288450367748737,0.04097153801470996,0
Ho,Volta,2022-03-20,0.4846768171102065,28.8,34.7,23.857142857142858,97.14285714285714,30.58,30.050382893272968,0.0554717225300843,7.574999999999999,-1.7800000000000011,-0.5943440715514474,0,5,12,0.0,0.0,0.0,0,0.001438818173483014,0.0005755272693932057,0
Ho,Volta,2022-03-27,0.4970459604708432,9.1,35.357142857142854,24.457142857142856,96.42857142857144,31.47,30.35231454859121,0.022069273207403,-13.124999999999998,-22.37,-0.5392395497199598,0,5,12,0.01,0.2,0.086,0,0.0010169142624363303,0.04440676570497454,0
Ho,Volta,2022-04-03,0.50941510383148,23.6,34.542857142857144,24.585714285714285,96.71428571428572,30.8,30.356689976689893,0.0197255677631044,6.299999999999997,-7.199999999999996,-0.7584262510831954,0,5,12,0.0,0.0,0.0,0,0.0015147171216085553,0.0006058868486434222,0
Ho,Volta,2022-04-10,0.5217842471921168,7.899999999999999,33.8,23.81428571428572,98.0,30.12,30.993972606201453,0.0185537150409551,-9.450000000000005,-22.22,-0.7471385464249763,0,5,12,0.0,0.0,0.0,0,0.0034384909085929394,0.0013753963634371758,0
Ho,Volta,2022-04-17,0.5341533905527536,41.2,33.25714285714286,23.4,99.14285714285714,26.85,32.66738443292144,0.0185537150409551,20.75,14.349999999999994,-0.5816197499367277,0,5,12,0.0,0.0,0.0,0,0.004709722474217415,0.001883888989686966,0
Ho,Volta,2022-04-24,0.5465225339133903,36.900000000000006,32.8,23.285714285714285,98.85714285714286,25.67,31.09004686939912,0.0185537150409551,9.5,11.230000000000008,-0.2368316803765816,0,5,12,0.0,0.0,0.0,0,0.0030549834482371807,0.0012219933792948724,0
Ho,Volta,2022-05-01,0.5588916772740271,41.1,32.81428571428571,22.82857142857143,98.85714285714286,26.94,29.5127093058768,0.0185537150409551,9.325,14.160000000000004,-0.0176449790133458,0,5,12,0.0,0.0,0.0,0,0.0007111984887160361,0.0002844793954864144,0
Ho,Volta,2022-05-08,0.5712608206346639,36.5,32.25714285714286,22.7,99.14285714285714,26.99,28.02783192566565,0.0185537150409551,-2.424999999999997,9.509999999999998,0.3079539926278277,0,5,12,0.0,0.0,0.0,0,0.0002001015964196995,8.004063856787981e-05,0
Ho,Volta,2022-05-15,0.5836299639953006,49.0,33.25714285714286,23.87142857142857,99.42857142857144,27.35,26.542954545454503,0.0185537150409551,8.125,21.65,0.3828633053596452,0,5,12,0.0,0.0,0.0,0,9.387319005327299e-05,3.75492760213092e-05,0
Ho,Volta,2022-05-22,0.5842387766579602,74.9,32.528571428571425,23.071428571428573,99.57142857142856,24.48,28.90755683912988,0.0097334670174722,24.52500000000001,50.42,0.7850134376829228,0,5,12,0.0,0.0,0.0,0,7.66034863772802e-05,3.0641394550912084e-05,0
Ho,Volta,2022-05-29,0.5848475893206198,39.4,31.25714285714286,22.31428571428572,99.42857142857144,26.64,28.367818856980136,0.0038533016684836,-10.550000000000004,12.759999999999998,0.7706472681179166,0,5,12,0.0,0.2,0.08,0,4.606484071700834e-05,0.04001842593628681,0
Ho,Volta,2022-06-05,0.5854564019832793,56.3,31.971428571428568,22.61428571428572,99.57142857142856,24.73,27.546985599218885,0.0009132189939893,1.3999999999999917,31.57,0.9970170542636554,0,5,12,0.0,0.0,0.0,0,3.410047065699473e-05,1.3640188262797893e-05,0
Ho,Volta,2022-06-12,0.5807906650531709,51.0,30.51428571428572,22.342857142857145,99.14285714285714,23.45,29.20688785733381,-0.0030426932005866,-4.400000000000006,27.55,1.0575601974304667,0,5,12,0.0,0.0,0.0,0,2.830111770890653e-05,1.1320447083562614e-05,0
Ho,Volta,2022-06-19,0.5761249281230625,112.2,29.442857142857143,21.957142857142856,99.85714285714286,20.57,25.573159441586995,-0.0056799679969705,47.47500000000001,91.63,1.48043866012611,0,5,12,0.0,0.0,0.0,0,2.7951571610174142e-05,1.1180628644069658e-05,0
Ho,Volta,2022-06-26,0.5714591911929541,53.9,29.75714285714286,21.457142857142856,100.0,21.95,27.92500602500371,-0.0069986053951626,-14.449999999999996,31.95,1.6773577986635864,0,5,12,0.0,0.2,0.08,0,2.6567147870082408e-05,0.04001062685914804,0
Ho,Volta,2022-07-03,0.5667934542628457,53.6,29.61428571428572,21.842857142857145,99.0,20.85,27.985782337805148,-0.0069986053951626,-14.07500000000001,32.75,1.6894664272969486,0,5,12,0.0,0.2,0.08,0,2.192666579503566e-05,0.04000877066631802,0
Ho,Volta,2022-07-10,0.5621277173327374,82.1,30.057142857142857,21.47142857142857,99.71428571428572,23.14,28.046558650606585,-0.0069986053951625,6.649999999999992,58.96,2.0117817030375496,0,5,12,0.0,0.0,0.0,0,2.045988912868779e-05,8.183955651475117e-06,0
Ho,Volta,2022-07-17,0.557461980402629,38.6,29.27142857142857,21.585714285714285,98.42857142857144,23.630000000000003,28.10733496340802,-0.0069986053951626,-18.45,14.97,1.2251313038565732,0,5,12,0.0,0.2,0.08,0,1.9380497178644873e-05,0.04000775219887147,0
Ho,Volta,2022-07-24,0.5527962434725205,8.6,29.457142857142856,20.785714285714285,96.57142857142856,26.78,28.16811127620946,-0.0069986053951626,-37.12499999999999,-18.18,0.7107198179324625,0,5,12,0.0,0.2,0.08,0,2.2713124053552747e-05,0.04000908524962143,0
Ho,Volta,2022-07-31,0.5481305065424121,34.1,29.914285714285715,21.25714285714286,96.85714285714286,25.35,28.87724951746088,-0.0069986053951626,-6.75,8.75,0.4644426253895011,0,5,12,0.0,0.0,0.0,0,2.5086374080274254e-05,1.0034549632109702e-05,0
Ho,Volta,2022-08-07,0.5434647696123037,3.1,29.214285714285715,19.97142857142857,96.57142857142856,25.47,29.586387758712306,-0.0069986053951626,-18.0,-22.37,-0.3701292108404596,0,5,12,0.0,0.2,0.08,0,3.815430318354629e-05,0.040015261721273426,0
Ho,Volta,2022-08-14,0.543797092929389,33.5,30.414285714285715,21.65714285714285,96.85714285714286,25.36,30.166858168761223,-0.0032500602097672,13.674999999999995,8.14,-0.4402155952183106,0,5,12,0.0,0.0,0.0,0,0.0004502102092374116,0.00018008408369496465,0
Ho,Volta,2022-08-21,0.5441294162464743,31.5,29.5,21.3,97.57142857142856,24.31,28.84729724773036,-0.0007510300861705,5.949999999999996,7.189999999999998,-0.1798800796010218,0,5,12,0.0,0.0,0.0,0,0.0016943071968853474,0.000677722878754139,0
Ho,Volta,2022-08-28,0.5444617395635596,46.6,28.24285714285714,21.385714285714283,99.42857142857144,21.130000000000003,28.44251658900876,0.0004984849756279,17.924999999999997,25.46999999999999,-0.008306968796092,0,5,12,0.0,0.0,0.0,0,0.001078653964214027,0.0004314615856856108,0
Ho,Volta,2022-09-04,0.5447940628806449,30.3,29.38571428571429,21.985714285714288,98.85714285714286,21.58,28.037735930287152,0.0004984849756279,-5.175000000000001,8.720000000000002,0.3107246110439359,0,5,12,0.0,0.0,0.0,0,0.0002882673579733819,0.00011530694318935276,0
Ho,Volta,2022-09-11,0.5451263861977302,13.3,29.17142857142857,21.97142857142857,98.0,23.33,27.63295527156555,0.0004984849756279,-17.125,-10.029999999999998,0.1242722531895355,0,5,12,0.0,0.2,0.08,0,9.695884364191443e-05,0.040038783537456775,0
Ho,Volta,2022-09-18,0.5454587095148156,73.4,29.085714285714285,21.714285714285715,99.57142857142856,22.27,28.30352391686048,0.0004984849756279,32.50000000000001,51.13000000000001,0.5751647465369409,0,5,12,0.0,0.0,0.0,0,9.121148468693718e-05,3.6484593874774876e-05,0
Ho,Volta,2022-09-25,0.5457910328319008,70.8,28.857142857142858,21.785714285714285,100.0,20.78,28.9740925621554,0.0004984849756278,23.849999999999994,50.02,0.827085791409012,0,5,12,0.0,0.0,0.0,0,7.02013639966026e-05,2.808054559864104e-05,0
Ho,Volta,2022-10-02,0.5461233561489861,83.2,28.11428571428572,21.442857142857143,100.0,18.5,29.644661207450326,0.0004984849756278,23.025,64.7,1.4015273430154698,0,5,12,0.0,0.0,0.0,0,4.561802415992133e-05,1.8247209663968533e-05,0
Ho,Volta,2022-10-09,0.5464556794660714,29.3,30.27142857142857,21.928571428571427,99.71428571428572,25.34,29.427992885397984,0.0004984849756279,-34.875,3.960000000000001,1.545086423168638,0,5,12,0.0,0.2,0.08,0,2.62983885477297e-05,0.0400105193554191,0
Ho,Volta,2022-10-16,0.5467880027831566,30.4,30.142857142857142,21.442857142857143,99.85714285714286,23.62,29.21132456334564,0.0004984849756278,-23.024999999999995,6.780000000000001,1.0899866944486234,0,5,12,0.0,0.2,0.08,0,2.095917625410948e-05,0.04000838367050165,0
Ho,Volta,2022-10-23,0.547120326100242,27.1,31.65714285714285,22.414285714285715,100.0,27.23,28.994656241293303,0.0004984849756278,-15.4,-0.129999999999999,0.5753699775307268,0,5,12,0.0,0.2,0.08,0,2.2663662093691528e-05,0.040009065464837484,0
Ho,Volta,2022-10-30,0.5474526494173273,34.9,32.22857142857143,22.342857142857145,100.0,29.07,28.77798791924096,0.0004984849756279,4.474999999999998,5.829999999999998,-0.0287274526777792,0,5,12,0.0,0.0,0.0,0,3.133591962978244e-05,1.2534367851912976e-05,0
Ho,Volta,2022-11-06,0.5354836097207825,10.0,32.48571428571429,22.928571428571427,99.85714285714286,28.61,31.56415760980724,-0.0087275372845946,-15.6,-18.61,-0.2603306291650559,0,5,12,0.0,0.2,0.08,0,9.913655958371237e-05,0.04003965462383349,0
Ho,Volta,2022-11-13,0.5235145700242377,34.5,32.142857142857146,22.2,99.85714285714286,27.43,31.37224836370069,-0.0148782187914097,7.875,7.07,-0.2573547797551618,0,5,12,0.0,0.0,0.0,0,0.00021718711650464684,8.687484660185874e-05,0
Ho,Volta,2022-11-20,0.511545530327693,9.6,32.385714285714286,22.27142857142857,99.85714285714286,28.55,30.298696014758264,-0.0179535595448171,-12.65,-18.95,-0.4504771449076007,0,5,12,0.0,0.2,0.08,0,0.0005207820213399827,0.040208312808536,0
Ho,Volta,2022-11-27,0.4995764906311482,1.2,32.9,22.7,99.14285714285714,30.01,30.328646483535863,-0.0179535595448172,-12.625000000000002,-28.81,-0.8059372261446085,0,5,12,0.0,0.2,0.08,0,0.001430884818546474,0.0405723539274186,0
Ho,Volta,2022-12-04,0.4876074509346034,16.2,32.57142857142857,22.2,99.85714285714286,25.45,30.32711531171833,-0.0179535595448172,0.8249999999999993,-9.25,-0.7098891210528535,0,5,12,0.0,0.0,0.0,0,0.007164470851421356,0.0028657883405685427,0
Ho,Volta,2022-12-11,0.2689784201104238,1.8,33.3,22.571428571428573,99.71428571428572,28.57,29.32831265320567,-0.1729485528905432,-5.4,-26.77,-1.0571399625384292,1,5,12,0.6050390108462251,0.7,0.643023406507735,0,0.023295439779758453,0.39133378025039345,0
Ho,Volta,2022-12-18,0.5261774926136845,2.2,34.05714285714286,22.728571428571428,99.71428571428572,28.54,30.20490700260288,0.0805925290412195,-3.1499999999999995,-26.34,-1.1329728147422826,0,5,12,0.0048275862068965,0.4,0.1628965517241379,0,0.058077745139598846,0.10516213253859816,0
Ho,Volta,2022-12-25,0.5069870487146606,0.0,33.871428571428574,20.928571428571427,91.85714285714286,32.18,31.08150135200009,0.0595494456213175,-5.05,-32.18,-1.16755423719519,0,5,12,0.0433422573954981,0.4,0.1860053544372989,0,0.0657115951180458,0.12362154100541758,0
Ho,Volta,2023-01-01,0.4574914481409833,0.0,35.114285714285714,19.8,76.57142857142857,35.18,30.956941447019204,0.0175828457460452,-1.0,-35.18,-1.4336362206384814,0,5,12,0.0582420294335802,0.4,0.1949452176601481,0,0.28442588448524475,0.21706716556753,0
Ho,Volta,2023-01-08,0.4111848036643977,0.0,35.72857142857143,20.9,84.57142857142857,33.6,31.42838909807677,-0.0642753946190338,-0.55,-33.6,-1.5037226050163326,1,5,12,0.997996127794236,0.7,0.8787976766765415,1,0.9939820170402527,0.9367912579337955,1
Ho,Volta,2023-01-15,0.3929421546543579,0.0,36.24285714285714,22.52857142857143,99.57142857142856,32.22,31.89983674913435,-0.0492092091392419,0.0,-32.22,-1.5640605171893582,0,5,12,0.5828972018473733,0.4,0.509738321108424,0,0.9982512593269348,0.7124593844697233,1
Ho,Volta,2023-01-22,0.3746995056443181,1.0,36.7,22.97142857142857,99.42857142857144,31.42,30.83487680371985,-0.0343799723816961,0.75,-30.42,-1.5460001897362077,0,5,12,0.0727224815462073,0.4,0.2036334889277244,0,0.8215484023094177,0.43770835354225,0
Ho,Volta,2023-01-29,0.3597107208339417,13.1,34.74285714285714,23.7,96.0,27.67,32.18958454423682,-0.0249235753653121,9.575,-14.570000000000002,-1.3345096506399394,0,5,12,0.0243403215205414,0.4,0.1746041929123248,0,0.1560460329055786,0.15215454177044802,0
Ho,Volta,2023-02-05,0.3447219360235652,2.0,35.08571428571428,23.728571428571428,98.42857142857144,29.07,31.5756326602816,-0.0232966432654804,-2.0250000000000004,-27.07,-1.2675017311688754,0,5,12,0.0192336972011221,0.4,0.1715402183206733,0,0.06841312348842621,0.11505872827581934,0
Ho,Volta,2023-02-12,0.3362654607244695,2.8,35.72857142857143,23.97142857142857,97.42857142857144,32.07,29.10062040383093,-0.0175839450821041,-1.925,-29.27,-1.23723015958547,0,5,12,0.0382438679893659,0.4,0.1829463207936196,0,0.04895509406924248,0.11487958482344338,0
Ho,Volta,2023-02-19,0.3461127173644431,0.8,37.114285714285714,22.914285714285715,89.71428571428571,37.65,27.29771863551673,-0.0005899913721617,-3.875,-36.85,-1.3032119240876048,0,5,12,0.0240309513930809,0.4,0.1744185708358486,0,0.0569608137011528,0.1123967060376935,0
Ho,Volta,2023-02-26,0.3559599740044168,10.9,37.67142857142857,24.428571428571427,96.0,33.41,30.022887330170025,0.0101949519751931,6.775,-22.51,-1.3846886286205675,0,5,12,0.0482790293523333,0.4,0.1889674176114,0,0.1586810201406479,0.16278401979719248,0
Ho,Volta,2023-03-05,0.3658072306443904,27.3,35.42857142857143,24.214285714285715,98.42857142857144,30.06,30.541701429609475,0.0147708849599604,16.85,-2.7600000000000016,-1.1352303556739265,0,5,12,0.0048387096774193,0.4,0.1629032258064516,0,0.1609898954629898,0.14633144205616366,0
Ho,Volta,2023-03-12,0.3756544872843641,22.4,33.285714285714285,24.25714285714286,97.28571428571428,22.73,31.060515529048928,0.0147708849599604,7.049999999999997,-0.3300000000000018,-0.838261107665872,0,5,12,0.0,0.0,0.0,0,0.02664596401154995,0.01065838560461998,0
Ho,Volta,2023-03-19,0.3855017439243378,10.3,34.51428571428572,23.52857142857143,98.28571428571428,31.86,31.48161987313944,0.0147708849599604,-7.425000000000001,-21.56,-0.6813620129166271,0,5,12,0.0,0.0,0.0,0,0.00291493465192616,0.001165973860770464,0
Ho,Volta,2023-03-26,0.4031995184981184,35.4,32.285714285714285,22.97142857142857,98.85714285714286,26.68,29.571281230853003,0.0206587734103157,11.549999999999995,8.719999999999999,-0.3608938161200985,0,5,12,0.0,0.0,0.0,0,0.0015019543934613466,0.0006007817573845387,0
Ho,Volta,2023-04-02,0.4208972930718991,32.4,34.0,23.75714285714286,97.85714285714286,29.34,31.162326956609604,0.0245840323772192,7.274999999999999,3.0599999999999987,-0.3011715969284304,0,5,12,0.0,0.0,0.0,0,0.0007190534961409867,0.00028762139845639467,0
Ho,Volta,2023-04-09,0.4385950676456799,24.8,33.542857142857144,23.928571428571427,97.57142857142856,28.93,29.85709220184544,0.026546661860671,-0.9249999999999972,-4.129999999999999,-0.3401654857477326,0,5,12,0.0,0.0,0.0,0,0.00042186735663563013,0.00016874694265425207,0
Ho,Volta,2023-04-16,0.4562928422194606,43.8,34.58571428571428,24.085714285714285,98.14285714285714,30.23,28.336869905081016,0.026546661860671,9.700000000000005,13.569999999999997,0.0203227548370272,0,5,12,0.0,0.0,0.0,0,0.00021879376436118037,8.751750574447215e-05,0
Ho,Volta,2023-04-23,0.4739906167932413,34.6,33.92857142857143,24.142857142857142,96.85714285714286,28.84,31.725227060220675,0.026546661860671,0.7000000000000028,5.760000000000002,-0.0100514322432713,0,5,12,0.0,0.0,0.0,0,0.00011334683222230524,4.5338732888922095e-05,0
Ho,Volta,2023-04-30,0.491688391367022,57.7,33.07142857142857,23.228571428571428,99.71428571428572,25.73,29.76155608690206,0.026546661860671,17.475,31.97,0.2866099692741043,0,5,12,0.0,0.0,0.0,0,0.00010423986532259732,4.169594612903893e-05,0
Ho,Volta,2023-05-07,0.5093861659408027,19.8,33.471428571428575,23.085714285714285,97.85714285714286,29.51,27.797885113583447,0.026546661860671,-19.175,-9.709999999999996,0.2293505220078658,0,5,12,0.0,0.2,0.08,0,6.497535650851205e-05,0.04002599014260341,0
Ho,Volta,2023-05-14,0.5270839405145834,24.0,33.75714285714286,24.228571428571428,98.0,29.72,23.94812625815285,0.026546661860671,-10.025,-5.719999999999999,0.0314052285014606,0,5,12,0.009125159642401,0.2,0.0854750957854406,0,5.45461371075362e-05,0.043671882311803426,0
Ho,Volta,2023-05-21,0.5259958377977855,42.0,31.61428571428572,23.4,99.28571428571428,22.8,28.40694916332643,0.0124572538927371,6.125,19.2,0.169320456325519,0,5,12,0.0,0.0,0.0,0,7.431999256368726e-05,2.9727997025474908e-05,0
Ho,Volta,2023-05-28,0.5249077350809876,42.7,31.928571428571427,23.585714285714285,99.28571428571428,23.05,29.75732564811443,0.0030643152474478,10.575000000000005,19.65,0.0428981641534654,0,5,12,0.0,0.0,0.0,0,0.00010394674609415233,4.157869843766094e-05,0
Ho,Volta,2023-06-04,0.5238196323641897,34.6,31.62857142857143,23.342857142857145,98.71428571428572,22.85,27.57432668329176,-0.0016321540751969,-1.2250000000000014,11.75,0.2631110204856302,0,5,12,0.0,0.0,0.0,0,0.00011928626918233931,4.7714507672935724e-05,0
Ho,Volta,2023-06-11,0.5227315296473918,76.5,29.87142857142857,22.74285714285714,99.85714285714286,20.02,27.274805670985018,-0.0016321540751969,27.55,56.48,0.901379411159472,0,5,12,0.0,0.0,0.0,0,6.445468170568347e-05,2.578187268227339e-05,0
Ho,Volta,2023-06-18,0.5216434269305938,25.9,30.542857142857144,22.342857142857145,97.85714285714286,23.26,26.41796568541859,-0.0016321540751969,-19.02500000000001,2.639999999999997,0.7314481483048284,0,5,12,0.0,0.2,0.08,0,3.755126454052515e-05,0.04001502050581622,0
Ho,Volta,2023-06-25,0.520555324213796,93.2,28.914285714285715,22.12857142857143,99.85714285714286,18.75,25.56112569985216,-0.0016321540751967,35.650000000000006,74.45,1.293781071277924,0,5,12,0.0,0.0,0.0,0,3.329325409140438e-05,1.3317301636561751e-05,0
Ho,Volta,2023-07-02,0.5194672214969981,37.6,29.542857142857144,21.74285714285714,98.28571428571428,22.33,24.70428571428573,-0.0016321540751967,-20.700000000000003,15.269999999999996,1.329901726184225,0,5,12,0.0,0.2,0.08,0,2.6101801267941482e-05,0.04001044072050718,0
Ho,Volta,2023-07-09,0.5183791187802002,52.6,30.0,22.2,99.85714285714286,22.62,26.495200927602585,-0.0016321540751969,0.2750000000000057,29.98,1.057970659418038,0,5,12,0.0,0.0,0.0,0,2.3143824364524335e-05,9.257529745809735e-06,0
Ho,Volta,2023-07-16,0.5172910160634023,55.8,29.285714285714285,22.071428571428573,100.0,20.76,25.916405112356586,-0.0016321540751967,-4.0,35.04,1.3904448693510365,0,5,12,0.0,0.0,0.0,0,2.4605724320281297e-05,9.842289728112519e-06,0
Ho,Volta,2023-07-23,0.5162029133466044,72.1,29.928571428571427,22.32857142857143,99.57142857142856,23.07,26.54752819792225,-0.0016321540751967,17.574999999999996,49.03,1.1295962762492828,0,5,12,0.0,0.0,0.0,0,2.186118763347622e-05,8.744475053390488e-06,0
Ho,Volta,2023-07-30,0.5151148106298065,26.3,29.32857142857143,22.32857142857143,99.28571428571428,22.15,27.17865128348793,-0.0016321540751969,-25.4,4.150000000000002,1.0154878437043773,0,5,12,0.0,0.2,0.08,0,2.5573826860636473e-05,0.04001022953074426,0
Ho,Volta,2023-08-06,0.5140267079130086,57.1,29.41428571428571,22.142857142857142,99.57142857142856,21.74,27.809774369053606,-0.0016321540751967,4.274999999999999,35.36,1.0706949810327575,0,5,12,0.0,0.0,0.0,0,2.3793001673766412e-05,9.517200669506565e-06,0
Ho,Volta,2023-08-13,0.5129386051962107,35.900000000000006,29.828571428571426,22.214285714285715,98.28571428571428,23.67,28.44089745461928,-0.0016321540751967,-11.949999999999996,12.230000000000004,0.8366290326200516,0,5,12,0.0,0.2,0.08,0,2.3908774892333895e-05,0.04000956350995694,0
Ho,Volta,2023-08-20,0.5118505024794128,54.2,29.02857142857143,21.842857142857145,99.85714285714286,21.01,29.072020540184955,-0.0016321540751967,10.825000000000005,33.190000000000005,0.6740860855416971,0,5,12,0.0,0.0,0.0,0,2.7133837647852488e-05,1.0853535059140995e-05,0
Ho,Volta,2023-08-27,0.510762399762615,40.6,30.3,22.514285714285712,99.14285714285714,26.14,29.70314362575063,-0.0016321540751967,-6.350000000000001,14.46,0.7798826628382777,0,5,12,0.0,0.0,0.0,0,3.232430753996596e-05,1.2929723015986384e-05,0
Ho,Volta,2023-09-03,0.509674297045817,104.0,29.2,22.214285714285715,99.71428571428572,20.82,30.334266711316303,-0.0016321540751969,45.325,83.18,1.2705899689801283,0,5,12,0.0,0.0,0.0,0,2.9369179173954763e-05,1.1747671669581906e-05,0
Ho,Volta,2023-09-10,0.5085861943290191,98.0,29.785714285714285,21.8,100.0,22.25,30.96538979688198,-0.0016321540751969,23.8,75.75,1.922403605243833,0,5,12,0.0,0.0,0.0,0,2.7222531571169384e-05,1.0889012628467754e-05,0
Ho,Volta,2023-09-17,0.5074980916122211,49.5,29.414285714285715,22.5,99.42857142857144,20.76,31.59651288244765,-0.0016321540751969,-23.52500000000001,28.74,1.8767397091264924,0,5,12,0.0,0.2,0.08,0,2.1704476239392534e-05,0.04000868179049576,0
Ho,Volta,2023-09-24,0.5064099888954233,45.4,30.2,21.97142857142857,100.0,24.06,30.45428016022504,-0.0016321540751967,-28.825,21.34,1.947339170988808,0,5,12,0.0,0.2,0.08,0,1.98326088138856e-05,0.04000793304352556,0
Ho,Volta,2023-10-01,0.5053218861786254,31.0,32.0,22.714285714285715,99.85714285714286,27.74,29.312047438002423,-0.0016321540751967,-24.975,3.2600000000000016,1.127236119820746,0,5,12,0.0,0.2,0.08,0,1.8513677787268534e-05,0.040007405471114914,0
Ho,Volta,2023-10-08,0.4805409816802105,97.9,30.585714285714285,22.65714285714285,100.0,23.48,27.6205777390926,-0.0194017554114095,41.95,74.42,1.1135882587339905,0,5,12,0.0,0.0,0.0,0,2.0740282707265578e-05,8.296113082906232e-06,0
Ho,Volta,2023-10-15,0.4557600771817955,40.2,31.0,22.5,100.0,23.7,29.28408740247474,-0.0312481563022181,-13.425000000000004,16.499999999999996,0.98798689053708,0,5,12,0.0,0.2,0.08,0,2.4872360882000066e-05,0.04000994894435281,0
Ho,Volta,2023-10-22,0.4309791726833806,41.3,31.957142857142856,22.15714285714285,100.0,27.82,30.947597065856883,-0.0371713567476224,-11.300000000000004,13.479999999999997,0.90733110997926,0,5,12,0.0,0.2,0.08,0,2.5263891075155698e-05,0.04001010555643007,0
Ho,Volta,2023-10-29,0.4061982681849656,10.2,31.87142857142857,23.11428571428572,99.71428571428572,28.03,30.06446675620157,-0.0371713567476224,-37.2,-17.830000000000002,0.6909150270321327,0,5,12,0.0,0.2,0.08,0,2.446006146783475e-05,0.040009784024587144,0
Ho,Volta,2023-11-05,0.3814173636865507,6.7,32.3,22.885714285714283,99.57142857142856,27.7,28.71974798947485,-0.0371713567476224,-17.9,-21.0,-0.2882420443199249,0,5,12,0.0,0.2,0.08,0,2.542701804486569e-05,0.04001017080721796,0
Ho,Volta,2023-11-12,0.3545862479001026,15.4,32.871428571428574,23.014285714285712,99.85714285714286,28.38,30.53794124475684,-0.0387090152136472,-2.9999999999999982,-12.98,-0.5907525291601959,0,5,12,0.0,0.0,0.0,0,9.093896369449794e-05,3.637558547779918e-05,0
Ho,Volta,2023-11-19,0.3277551321136546,8.9,32.84285714285714,22.914285714285715,99.28571428571428,28.43,32.688225973566375,-0.0397341208576638,-1.4000000000000004,-19.53,-0.9294862844036608,0,5,12,0.0,0.0,0.0,0,0.0004992039757780731,0.00019968159031122923,0
Ho,Volta,2023-11-26,0.4254224640475436,33.5,31.97142857142857,23.014285714285712,99.57142857142856,26.07,29.733178337671404,0.0531271621105806,17.375,7.43,-0.6702795392521939,0,5,12,0.0,0.0,0.0,0,0.003904661862179637,0.0015618647448718548,0
Ho,Volta,2023-12-03,0.5230897959814326,14.9,32.75714285714286,22.585714285714285,99.85714285714286,28.8,29.60591746480992,0.1153763859707492,-3.2750000000000004,-13.9,-0.5974225364582345,0,5,12,0.0,0.0,0.0,0,0.002114658709615469,0.0008458634838461876,0
Ho,Volta,2023-12-10,0.5630651292291309,2.1,33.714285714285715,22.914285714285715,99.71428571428572,28.82,29.444978014202235,0.1032319988861905,-12.75,-26.72,-0.7384162291890799,0,5,12,0.0,0.2,0.08,0,0.0011604444589465857,0.04046417778357864,0
Ho,Volta,2023-12-17,0.5403339422895109,0.2,34.17142857142857,21.25714285714286,90.57142857142856,31.67,29.28403856359455,0.0273561094026064,-12.475,-31.47,-0.8609391324792034,0,5,12,0.005,0.2,0.083,0,0.0023590130731463432,0.042943605229258545,0
Ho,Volta,2023-12-24,0.5231772532011657,0.0,35.4,20.942857142857143,94.57142857142856,32.64,30.528370776578697,-0.0142392769741442,-4.3,-32.64,-1.272119428529056,0,5,12,0.028686592034071,0.4,0.1772119552204426,0,0.04017384350299835,0.10754417421482776,0
Ho,Volta,2023-12-31,0.4676568057653799,0.0,35.15714285714286,22.885714285714283,98.71428571428572,30.2,31.422412625407503,-0.0559014768559169,-0.5750000000000001,-30.2,-1.4393826884644845,1,5,12,0.9976511203426712,0.7,0.8785906722056027,1,0.9956016540527344,0.9373011097581624,1
Koforidua,Eastern,2022-01-02,0.3137219010337028,2.0,33.150000000000006,22.35,100.0,7.630000000000001,30.55569829013382,0.0,0.0,-5.630000000000001,-0.115863589716266,0,6,5,0.0,0.0,0.0,0,0.0,0.0,0
Koforidua,Eastern,2022-01-09,0.4069081615874367,10.0,33.57142857142857,22.942857142857143,98.57142857142856,27.03,28.51385686886647,0.046593130276867,4.0,-17.03,-0.3555876023875317,0,6,5,0.0,0.0,0.0,0,0.0,0.0,0
Koforidua,Eastern,2022-01-16,0.4082696205658104,0.7,34.48571428571429,23.15714285714285,98.42857142857144,28.14,29.646310393007298,0.0319697261701604,-3.533333333333333,-27.44,-0.7418487243898527,0,6,5,0.0046774193548387,0.0,0.0028064516129032,0,0.0,0.00187096774193548,0
Koforidua,Eastern,2022-01-23,0.409631079544184,0.2,34.042857142857144,21.685714285714287,88.57142857142857,33.68,30.77876391714813,0.0249983888614004,-3.025,-33.48,-1.2131323382614891,0,6,5,0.0385035477180787,0.4,0.1831021286308473,0,0.0,0.0954014190872315,0
Koforidua,Eastern,2022-01-30,0.404072113283498,0.2,35.3,21.5,95.85714285714286,35.82,31.09091774191512,-0.0031481304617342,-2.575,-35.62,-1.6352887175927429,0,6,5,0.0385035477180787,0.4,0.1831021286308473,0,0.12238479405641556,0.14435533670979772,0
Koforidua,Eastern,2022-02-06,0.3504068663846197,3.2,35.300000000000004,21.557142857142857,94.0,32.69,30.100237460349604,-0.0426880535599083,2.125,-29.49,-1.81068279850196,0,6,5,0.0675317565912822,0.4,0.2005190539547693,0,0.9921666383743286,0.5038793579862444,0
Koforidua,Eastern,2022-02-13,0.274716251839624,11.1,34.57142857142857,23.61428571428572,98.28571428571428,29.25,30.039239596102675,-0.0849903259233574,7.425000000000001,-18.15,-1.679911449252632,1,6,5,0.9972122002850348,0.7,0.8783273201710207,1,0.998072624206543,0.9381139297966311,1
Koforidua,Eastern,2022-02-20,0.3222115805344941,25.6,33.51428571428571,22.857142857142858,99.0,27.31,28.321383555471755,-0.0156401224760648,15.575,-1.7100000000000009,-1.232698772648633,0,6,5,0.0,0.4,0.16,0,0.5007625222206116,0.28030500888824467,0
Koforidua,Eastern,2022-02-27,0.3697069092293642,5.6,33.714285714285715,23.52857142857143,98.71428571428572,30.3,29.663476764199743,0.0404465072323386,-5.775,-24.700000000000003,-1.078982611851791,0,6,5,0.0336493663452408,0.4,0.1801896198071445,0,0.023141583427786827,0.10271637990921106,0
Koforidua,Eastern,2022-03-06,0.4566510450994134,21.9,33.457142857142856,22.77142857142857,99.0,29.2,28.31342588331546,0.1008295984236895,5.849999999999998,-7.300000000000001,-0.7666234902325672,0,6,5,0.0,0.0,0.0,0,0.01294314581900835,0.005177258327603341,0
Koforidua,Eastern,2022-03-13,0.5110500423222616,10.3,33.51428571428572,23.842857142857145,98.0,29.07,28.15909491394038,0.0961451480258782,-5.550000000000001,-18.770000000000003,-0.7753509645635235,0,6,5,0.0096016617790811,0.0,0.0057609970674486,0,0.009652163833379745,0.007701530244984338,0
Koforidua,Eastern,2022-03-20,0.5654490395451097,25.4,33.58571428571428,23.61428571428572,98.0,27.97,28.004763944565298,0.0897347804960724,9.6,-2.5700000000000003,-0.7874568160548499,0,6,5,0.0046774193548387,0.0,0.0028064516129032,0,0.011819061823189259,0.006598592471211183,0
Koforidua,Eastern,2022-03-27,0.4854500607350994,28.1,33.31428571428571,23.642857142857142,98.14285714285714,28.11,29.45042596090041,-0.0191999861903716,6.675000000000004,-0.009999999999998,-0.4399062656817701,0,6,5,0.0,0.0,0.0,0,0.010485013946890831,0.004194005578756333,0
Koforidua,Eastern,2022-04-03,0.4717145069135305,25.3,33.042857142857144,24.0,98.0,28.82,30.423521739733133,-0.0367014054654697,3.025000000000002,-3.52,-0.3866968254059401,0,6,5,0.0,0.0,0.0,0,0.0049284654669463634,0.0019713861867785456,0
Koforidua,Eastern,2022-04-10,0.4579789530919617,15.6,32.77142857142857,23.214285714285715,99.28571428571428,28.89,29.216819484240773,-0.0371691869794636,-8.000000000000002,-13.29,-0.3095572135774883,0,6,5,0.0,0.0,0.0,0,0.0019500082125887275,0.000780003285035491,0
Koforidua,Eastern,2022-04-17,0.4442433992703928,30.2,32.22857142857143,23.37142857142857,98.71428571428572,26.87,31.22814586733938,-0.0206033307323533,5.400000000000002,3.330000000000002,-0.2265054417183885,0,6,5,0.0,0.0,0.0,0,0.0011176372645422816,0.0004470549058169127,0
Koforidua,Eastern,2022-04-24,0.468300723321978,27.4,31.728571428571428,23.02857142857143,99.14285714285714,27.82,30.093144068487906,0.0077413276725122,2.7749999999999986,-0.4200000000000017,-0.2322768360340209,0,6,5,0.0,0.0,0.0,0,0.0008205136400647461,0.0003282054560258985,0
Koforidua,Eastern,2022-05-01,0.4923580473735633,29.8,31.285714285714285,22.442857142857143,98.85714285714286,27.65,28.958142269636426,0.0266377666090893,4.050000000000001,2.150000000000002,-0.152462675620276,0,6,5,0.0,0.0,0.0,0,0.0006376863457262516,0.00025507453829050065,0
Koforidua,Eastern,2022-05-08,0.5164153714251485,33.6,31.228571428571428,22.342857142857145,99.14285714285714,25.69,27.82314047078496,0.0360859860773778,3.3500000000000014,7.91,0.1459606402124209,0,6,5,0.0,0.0,0.0,0,0.0003858814889099449,0.00015435259556397798,0
Koforidua,Eastern,2022-05-15,0.5404726954767338,38.8,31.67142857142857,23.27142857142857,99.14285714285714,27.4,26.68813867193348,0.0360859860773778,6.399999999999992,11.4,0.2595585722298673,0,6,5,0.0,0.0,0.0,0,0.00022703947615809739,9.081579046323896e-05,0
Koforidua,Eastern,2022-05-22,0.564530019528319,70.2,30.47142857142857,22.8,99.71428571428572,24.4,28.93456798392515,0.0360859860773778,27.1,45.8,0.910177707031153,0,6,5,0.0,0.0,0.0,0,0.00016818061703816056,6.727224681526423e-05,0
Koforidua,Eastern,2022-05-29,0.5885873435799043,27.0,29.87142857142857,21.82857142857143,99.28571428571428,26.09,30.1721964167221,0.0360859860773778,-15.4,0.91,0.8927227583692404,0,6,5,0.0,0.2,0.08,0,6.957788718864322e-05,0.040027831154875466,0
Koforidua,Eastern,2022-06-05,0.5850877284480946,51.0,30.414285714285715,21.857142857142858,99.71428571428572,25.31,28.09450697900678,0.0154182816898317,4.25,25.69,1.143004199666663,0,6,5,0.0,0.0,0.0,0,4.4405562221072614e-05,1.7762224888429046e-05,0
Koforidua,Eastern,2022-06-12,0.5815881133162851,37.0,29.62857142857143,21.785714285714285,99.0,22.08,27.21033114473323,0.0016398120981343,-9.299999999999995,14.920000000000002,1.1925537313520915,0,6,5,0.0,0.0,0.0,0,3.571941488189623e-05,1.4287765952758492e-05,0
Koforidua,Eastern,2022-06-19,0.5780884981844755,71.4,28.31428571428572,21.514285714285712,98.14285714285714,19.73,24.94756229392999,-0.0052494226977144,24.800000000000004,51.67,1.275183206066145,0,6,5,0.0,0.0,0.0,0,3.6321151128504425e-05,1.4528460451401771e-05,0
Koforidua,Eastern,2022-06-26,0.5745888830526659,56.6,28.885714285714283,21.457142857142856,99.42857142857144,21.34,26.37892357664901,-0.0052494226977143,2.5999999999999943,35.25999999999999,1.758713437144123,0,6,5,0.0,0.0,0.0,0,3.976170773967169e-05,1.5904683095868677e-05,0
Koforidua,Eastern,2022-07-03,0.5710892679208563,47.0,28.24285714285714,21.442857142857143,99.28571428571428,19.18,26.359987884357903,-0.0052494226977144,-6.0,27.82,1.7886965344424088,0,6,5,0.0,0.0,0.0,0,2.8155698601040058e-05,1.1262279440416024e-05,0
Koforidua,Eastern,2022-07-10,0.5675896527890467,58.0,29.11428571428572,21.585714285714285,98.85714285714286,22.83,26.3410521920668,-0.0052494226977144,-0.25,35.17,2.07374710734864,0,6,5,0.0,0.0,0.0,0,2.523461080272682e-05,1.0093844321090729e-05,0
Koforidua,Eastern,2022-07-17,0.5640900376572371,25.6,28.37142857142857,21.685714285714287,97.85714285714286,23.25,27.65014847244686,-0.0052494226977144,-21.2,2.3500000000000014,1.3794906008925736,0,6,5,0.0,0.2,0.08,0,2.2677131710224785e-05,0.0400090708526841,0
Koforidua,Eastern,2022-07-24,0.5605904225254275,4.6,28.6,20.057142857142857,95.71428571428572,26.09,26.457288734935503,-0.0052494226977144,-29.2,-21.49,0.5806451681800475,0,6,5,0.0,0.2,0.08,0,2.567117553553544e-05,0.04001026847021422,0
Koforidua,Eastern,2022-07-31,0.5570908073936179,20.9,28.942857142857143,20.542857142857144,96.85714285714286,24.29,26.69843425605535,-0.0052494226977143,-6.375,-3.390000000000001,0.1413153716169119,0,6,5,0.0,0.0,0.0,0,3.648132042144425e-05,1.4592528168577701e-05,0
Koforidua,Eastern,2022-08-07,0.5535911922618083,4.3,27.81428571428572,18.842857142857145,98.57142857142856,22.84,29.426864292690823,-0.0052494226977143,-9.55,-18.54,-0.6147372837309255,0,6,5,0.0,0.0,0.0,0,0.00011506606097100303,4.6026424388401214e-05,0
Koforidua,Eastern,2022-08-14,0.5500915771299987,10.7,28.6,21.1,96.85714285714286,22.72,29.260943396226423,-0.0052494226977144,0.5749999999999993,-12.02,-0.8170176162080885,0,6,5,0.0,0.0,0.0,0,0.006962779443711042,0.002785111777484417,0
Koforidua,Eastern,2022-08-21,0.5465919619981892,21.5,28.914285714285715,20.842857142857145,98.57142857142856,23.34,28.864819140457257,-0.0052494226977143,7.15,-1.84,-0.5404129862027821,0,6,5,0.0,0.0,0.0,0,0.050334781408309937,0.020133912563323975,0
Koforidua,Eastern,2022-08-28,0.5430923468663795,62.1,27.185714285714287,20.74285714285714,99.28571428571428,19.15,28.600680614946302,-0.0052494226977144,37.45,42.95,0.1118953371786885,0,6,5,0.0,0.0,0.0,0,0.04090855270624161,0.016363421082496644,0
Koforidua,Eastern,2022-09-04,0.5395927317345699,33.9,28.02857142857143,21.31428571428572,99.28571428571428,21.22,28.33654208943535,-0.0052494226977144,1.8500000000000008,12.68,0.5513658994568394,0,6,5,0.0,0.0,0.0,0,0.0013639902463182807,0.0005455960985273123,0
Koforidua,Eastern,2022-09-11,0.5360931166027604,10.4,28.24285714285714,21.52857142857143,97.85714285714286,22.9,28.0724035639244,-0.0052494226977143,-21.575000000000003,-12.499999999999998,0.5446091451360993,0,6,5,0.0,0.2,0.08,0,0.00016641315596643835,0.04006656526238658,0
Koforidua,Eastern,2022-09-18,0.5325935014709507,41.4,28.31428571428572,21.228571428571428,98.85714285714286,22.31,27.808265038413445,-0.0052494226977143,4.449999999999996,19.09,0.8392317866633797,0,6,5,0.0,0.0,0.0,0,7.871062553022057e-05,3.148425021208823e-05,0
Koforidua,Eastern,2022-09-25,0.5290938863391411,46.0,28.357142857142858,21.485714285714288,100.0,20.79,27.54412651290249,-0.0052494226977144,13.075000000000005,25.21,0.5895134082260192,0,6,5,0.0,0.0,0.0,0,6.638251943513751e-05,2.6553007774055005e-05,0
Koforidua,Eastern,2022-10-02,0.5255942712073316,45.2,27.32857142857143,21.17142857142857,99.42857142857144,17.54,29.72030059352864,-0.0052494226977143,9.450000000000005,27.660000000000004,0.800380449319123,0,6,5,0.0,0.0,0.0,0,9.84284924925305e-05,3.93713969970122e-05,0
Koforidua,Eastern,2022-10-09,0.522094656075522,22.6,29.12857142857143,21.557142857142857,99.42857142857144,24.38,26.759606522509785,-0.0052494226977144,-16.199999999999996,-1.7799999999999976,0.9512812958156566,0,6,5,0.0,0.2,0.08,0,5.73189026908949e-05,0.040022927561076366,0
Koforidua,Eastern,2022-10-16,0.5185950409437123,44.900000000000006,29.085714285714285,21.457142857142856,99.71428571428572,24.74,27.535619048386632,-0.0052494226977144,5.225000000000001,20.160000000000004,0.9663432273223068,0,6,5,0.0,0.0,0.0,0,4.0178205381380394e-05,1.607128215255216e-05,0
Koforidua,Eastern,2022-10-23,0.5150954258119027,32.9,30.014285714285712,22.2,99.85714285714286,26.28,28.31163157426348,-0.0052494226977144,-3.500000000000007,6.619999999999997,0.7046597631086353,0,6,5,0.0,0.0,0.0,0,4.3892679968848825e-05,1.755707198753953e-05,0
Koforidua,Eastern,2022-10-30,0.5115958106800932,31.3,30.642857142857142,22.5,100.0,28.32,29.087644100140324,-0.0052494226977143,-1.6250000000000036,2.9800000000000004,0.357249978450571,0,6,5,0.0,0.0,0.0,0,5.3850675612920895e-05,2.154027024516836e-05,0
Koforidua,Eastern,2022-11-06,0.5080961955482836,22.7,30.5,22.67142857142857,99.85714285714286,26.29,29.33880663220821,-0.0052494226977143,-10.250000000000004,-3.59,0.3317713840327794,0,6,5,0.0,0.2,0.08,0,6.745856808265671e-05,0.04002698342723307,0
Koforidua,Eastern,2022-11-13,0.5243882804793285,19.7,30.285714285714285,21.857142857142858,100.0,25.19,30.084272954578864,0.0095943523494265,-6.950000000000003,-5.490000000000002,-0.0292926749817809,0,6,5,0.0,0.0,0.0,0,7.561051461379975e-05,3.02442058455199e-05,0
Koforidua,Eastern,2022-11-20,0.5406803654103733,1.9,31.085714285714285,21.81428571428572,99.85714285714286,27.38,29.903106193683584,0.0194902023808536,-17.0,-25.48,-0.481150620181289,0,6,5,0.0,0.2,0.08,0,0.0001814018323784694,0.040072560732951394,0
Koforidua,Eastern,2022-11-27,0.5582831271169879,6.4,31.17142857142857,22.02857142857143,99.85714285714286,27.94,28.477968401654834,0.0254211349782444,-6.275,-21.54,-0.8263081533991065,0,6,5,0.0,0.0,0.0,0,0.0009212527656927705,0.00036850110627710824,0
Koforidua,Eastern,2022-12-04,0.5758858888236025,37.2,29.914285714285715,21.714285714285715,100.0,23.32,29.561581847363243,0.0260764733660294,20.9,13.880000000000004,-0.5803904492671623,0,6,5,0.0,0.0,0.0,0,0.017195917665958405,0.006878367066383362,0
Koforidua,Eastern,2022-12-11,0.5535403714450275,3.2,31.1,22.17142857142857,100.0,26.82,28.67230888801828,-0.0035570667539702,-8.975000000000001,-23.62,-0.8355986905901245,0,6,5,0.0,0.0,0.0,0,0.0320228673517704,0.012809146940708161,0
Koforidua,Eastern,2022-12-18,0.5311948540664525,7.399999999999999,31.77142857142857,22.3,99.85714285714286,26.32,29.248541242780817,-0.0235312062965651,-6.150000000000001,-18.92,-0.7432563815400068,0,6,5,0.0,0.0,0.0,0,0.017038686200976372,0.006815474480390549,0
Koforidua,Eastern,2022-12-25,0.5005500237212697,0.3,32.142857142857146,20.8,94.85714285714286,28.99,29.82477359754336,-0.0397427607928183,-11.725,-28.69,-0.8439038677760344,0,6,5,0.0,0.2,0.08,0,0.027662843465805054,0.051065137386322026,0
Koforidua,Eastern,2023-01-01,0.4699051933760869,0.0,33.31428571428571,20.1,88.28571428571429,32.21,29.58967369738039,-0.0438924172761223,-2.725,-32.21,-1.4926930482821197,0,6,5,0.0432139275069925,0.4,0.1859283565041956,0,0.1939271241426468,0.17485642065985574,0
Koforidua,Eastern,2023-01-08,0.3546623234596593,0.0,33.84285714285714,20.87142857142857,90.28571428571428,31.29,29.64836355824044,-0.1094157751962077,-1.925,-31.29,-1.600660351698949,1,6,5,0.997910922931008,0.7,0.8787465537586048,1,0.9970889687538147,0.9379999566739291,1
Koforidua,Eastern,2023-01-15,0.2394194535432317,0.3,34.24285714285714,22.7,99.71428571428572,30.75,29.707053419100475,-0.1517147949818301,0.15,-30.45,-1.762963221111732,1,6,5,0.9976383631378596,0.7,0.8785830178827159,1,0.9991949200630188,0.9387333132803514,1
Koforidua,Eastern,2023-01-22,0.3616819260492739,1.9,34.44285714285714,22.914285714285715,99.0,29.11,30.17595862452447,0.0052647019422109,1.35,-27.21,-1.742129895289449,0,6,5,0.0336948049113165,0.4,0.1802168829467899,0,0.9374794363975525,0.4684696965235476,0
Koforidua,Eastern,2023-01-29,0.3695099348429969,15.9,32.15714285714286,22.642857142857142,98.85714285714286,24.37,30.854697392865035,0.0381915253692063,11.375,-8.47,-1.4079520878428349,0,6,5,0.0047504456327985,0.4,0.1628502673796791,0,0.17442940175533295,0.1516719389552526,0
Koforidua,Eastern,2023-02-05,0.3773379436367198,6.6,33.542857142857144,22.985714285714288,99.28571428571428,27.8,30.122989169584,0.0403506291186641,0.4249999999999998,-21.200000000000003,-1.265919481392273,0,6,5,0.0240672187044199,0.4,0.174440331222652,0,0.06119769439101219,0.11410596523817285,0
Koforidua,Eastern,2023-02-12,0.3434198518094763,11.2,33.74285714285714,23.214285714285715,99.28571428571428,29.91,28.644019148451378,-0.0195675622751404,2.3000000000000007,-18.71,-1.1006605319641662,0,6,5,0.0482874363467173,0.4,0.1889724618080304,0,0.047738127410411835,0.11841022550285167,0
Koforidua,Eastern,2023-02-19,0.3662411270870914,0.8,35.41428571428571,23.071428571428573,92.57142857142856,34.980000000000004,26.06676044766573,0.0021139127430203,-7.825,-34.18000000000001,-1.1987742353299162,0,6,5,0.0431426956079487,0.4,0.1858856173647692,0,0.04488454386591911,0.11521089578954714,0
Koforidua,Eastern,2023-02-26,0.3890624023647065,8.2,35.68571428571429,23.7,97.71428571428572,32.18,31.27541164579356,0.020047071140208,1.4999999999999982,-23.98,-1.4171018593188376,0,6,5,0.052675987360513,0.4,0.1916055924163078,0,0.09731782227754593,0.1399975238552236,0
Koforidua,Eastern,2023-03-05,0.4118836776423216,12.8,33.9,23.457142857142856,98.85714285714286,28.83,31.13294333064715,0.0342319129164225,4.550000000000001,-16.029999999999998,-1.3443259846558635,0,6,5,0.0436987424847787,0.4,0.1862192454908672,0,0.19927836954593658,0.17719084481228614,0
Koforidua,Eastern,2023-03-12,0.4119510101105389,29.2,32.042857142857144,23.514285714285712,98.14285714285714,22.3,30.99047501550075,0.0171664558093743,16.45,6.899999999999999,-0.983824988501365,0,6,5,0.0,0.0,0.0,0,0.13435444235801697,0.05374177694320679,0
Koforidua,Eastern,2023-03-19,0.4120183425787562,6.3,33.042857142857144,23.11428571428572,98.28571428571428,29.5,29.95448604770951,0.0057894844046753,-7.825,-23.2,-0.8292642334144305,0,6,5,0.0,0.0,0.0,0,0.0154805276542902,0.00619221106171608,0
Koforidua,Eastern,2023-03-26,0.4120856750469734,30.6,31.985714285714288,22.77142857142857,98.85714285714286,26.86,32.97700386299266,0.0001009987023258,10.874999999999996,3.7399999999999984,-0.4390616713916774,0,6,5,0.0,0.0,0.0,0,0.008166090585291386,0.0032664362341165544,0
Koforidua,Eastern,2023-04-02,0.4121530075151908,22.5,33.15714285714286,23.414285714285715,97.85714285714286,30.14,31.36694903259257,0.0001009987023259,0.3500000000000014,-7.640000000000001,-0.3209592364937376,0,6,5,0.0,0.0,0.0,0,0.0031163133680820465,0.0012465253472328187,0
Koforidua,Eastern,2023-04-09,0.4122203399834081,25.2,32.6,23.214285714285715,98.28571428571428,29.37,28.797242692350835,0.0001009987023259,4.050000000000001,-4.170000000000002,-0.4767868830158109,0,6,5,0.0,0.0,0.0,0,0.001538797514513135,0.000615519005805254,0
Koforidua,Eastern,2023-04-16,0.4122876724516254,39.8,33.0,23.214285714285715,98.85714285714286,29.1,30.37490415613252,0.0001009987023259,10.275,10.699999999999996,0.0004088908864733,0,6,5,0.0,0.0,0.0,0,0.0008817367488518357,0.00035269469954073433,0
Koforidua,Eastern,2023-04-23,0.4378865698316213,11.5,32.3,23.642857142857142,97.0,28.31,31.386494780956355,0.0192496723861598,-13.25,-16.810000000000002,-0.2888646534702212,0,6,5,0.0,0.2,0.08,0,0.00031510478584095836,0.04012604191433639,0
Koforidua,Eastern,2023-04-30,0.4634854672116171,45.7,31.25714285714286,23.014285714285712,98.42857142857144,24.76,29.62435224564865,0.032015454842049,15.150000000000002,20.940000000000005,0.1134437600438581,0,6,5,0.0,0.0,0.0,0,0.00032079609809443355,0.00012831843923777342,0
Koforidua,Eastern,2023-05-07,0.489084364591613,17.8,31.885714285714283,22.77142857142857,99.14285714285714,30.89,27.86220971034095,0.0383983460699937,-10.9,-13.09,-0.0121192577498992,0,6,5,0.0,0.2,0.08,0,0.00019229165627621114,0.040076916662510495,0
Koforidua,Eastern,2023-05-14,0.5146832619716089,16.9,32.2,23.67142857142857,98.0,29.71,29.536898660997338,0.0383983460699937,-6.075000000000003,-12.810000000000002,-0.343059453751159,0,6,5,0.0,0.0,0.0,0,0.00018226716201752424,7.29068648070097e-05,0
Koforidua,Eastern,2023-05-21,0.4834973132847958,26.6,30.728571428571428,23.15714285714285,99.0,22.93,27.987368141357763,-0.0041902884801128,-0.1500000000000021,3.669999999999998,-0.0547712693995724,0,6,5,0.0,0.0,0.0,0,0.00031137309269979596,0.0001245492370799184,0
Koforidua,Eastern,2023-05-28,0.4523113645979829,45.1,30.54285714285714,23.15714285714285,99.42857142857144,22.2,28.39986827248788,-0.0325827115135172,18.5,22.9,-0.0271811892565495,0,6,5,0.0,0.0,0.0,0,0.000368881766917184,0.0001475527067668736,0
Koforidua,Eastern,2023-06-04,0.4552061845147406,35.5,30.02857142857143,22.785714285714285,99.42857142857144,23.0,26.05376317330212,-0.0212183465775414,4.475000000000001,12.5,0.3330382754679182,0,6,5,0.0,0.0,0.0,0,0.00037309605977497995,0.00014923842390999199,0
Koforidua,Eastern,2023-06-11,0.4581010044314984,65.7,28.87142857142857,22.485714285714288,99.28571428571428,19.7,27.21738744086832,-0.004177962275756,22.475,46.0,1.1608814454736214,0,6,5,0.0,0.0,0.0,0,0.00011535170051502064,4.614068020600826e-05,0
Koforidua,Eastern,2023-06-18,0.4609958243482562,28.6,30.15714285714285,21.74285714285714,96.85714285714286,26.87,27.194161622308865,0.0043422298751366,-15.125,1.7300000000000004,1.1335728967606291,0,6,5,0.0,0.2,0.08,0,4.496232213568874e-05,0.040017984928854285,0
Koforidua,Eastern,2023-06-25,0.463890644265014,73.0,27.957142857142856,21.942857142857143,98.71428571428572,19.08,27.170935803749416,0.0043422298751367,22.3,53.92,1.570228144738472,0,6,5,0.0,0.0,0.0,0,3.337593807373196e-05,1.3350375229492784e-05,0
Koforidua,Eastern,2023-07-02,0.4667854641817718,41.2,28.414285714285715,21.457142857142856,97.42857142857144,21.33,27.14770998518996,0.0043422298751366,-10.924999999999995,19.870000000000005,1.6739724767048387,0,6,5,0.0,0.2,0.08,0,2.7732732633012347e-05,0.040011093093053215,0
Koforidua,Eastern,2023-07-09,0.4696802840985296,36.3,28.885714285714283,22.02857142857143,99.42857142857144,22.21,27.12448416663051,0.0043422298751366,-8.475000000000001,14.089999999999996,1.2247890800906236,0,6,5,0.0,0.0,0.0,0,2.4555511117796414e-05,9.822204447118565e-06,0
Koforidua,Eastern,2023-07-16,0.4725751040152873,57.6,28.571428571428573,21.87142857142857,99.14285714285714,21.24,26.41048172503445,0.0043422298751366,5.575000000000003,36.36,1.7122607511890338,0,6,5,0.0,0.0,0.0,0,2.6275425625499338e-05,1.0510170250199736e-05,0
Koforidua,Eastern,2023-07-23,0.4754699239320451,44.4,29.071428571428573,22.042857142857144,99.28571428571428,21.18,25.85312634271105,0.0043422298751366,-0.4750000000000014,23.22,1.2801100060916848,0,6,5,0.0,0.0,0.0,0,2.3384047381114215e-05,9.353618952445687e-06,0
Koforidua,Eastern,2023-07-30,0.4783647438488029,28.7,28.442857142857143,22.228571428571428,99.0,21.62,26.3763967163614,0.0043422298751366,-13.05,7.079999999999998,1.1000706565869585,0,6,5,0.0,0.2,0.08,0,2.7548876460059546e-05,0.04001101955058403,0
Koforidua,Eastern,2023-08-06,0.4812595637655606,30.6,28.25714285714286,21.885714285714283,98.57142857142856,22.03,26.899667090011743,0.0043422298751366,-9.725000000000003,8.569999999999997,1.022367981898445,0,6,5,0.0,0.0,0.0,0,2.747525468294043e-05,1.0990101873176173e-05,0
Koforidua,Eastern,2023-08-13,0.4841543836823185,19.0,28.985714285714288,21.97142857142857,97.14285714285714,24.26,27.42293746366209,0.0043422298751367,-11.675,-5.259999999999998,0.436501076004254,0,6,5,0.0,0.2,0.08,0,2.8996288165217265e-05,0.040011598515266096,0
Koforidua,Eastern,2023-08-20,0.4870492035990763,73.4,28.428571428571427,21.442857142857143,99.71428571428572,20.14,27.946207837312443,0.0043422298751367,35.47500000000001,53.260000000000005,0.8593612839105851,0,6,5,0.0,0.0,0.0,0,4.790525053977035e-05,1.916210021590814e-05,0
Koforidua,Eastern,2023-08-27,0.489944023515834,22.6,29.071428571428573,22.2,98.28571428571428,23.450000000000003,28.46947821096279,0.0043422298751367,-13.799999999999995,-0.8500000000000014,0.7477340719033545,0,6,5,0.0,0.2,0.08,0,5.3275885875336826e-05,0.040021310354350144,0
Koforidua,Eastern,2023-09-03,0.4928388434325918,34.8,28.47142857142857,21.97142857142857,98.71428571428572,21.82,28.99274858461314,0.0043422298751366,-2.6500000000000057,12.979999999999997,0.8098117522251561,0,6,5,0.0,0.0,0.0,0,4.5631993998540565e-05,1.8252797599416225e-05,0
Koforidua,Eastern,2023-09-10,0.4957336633493496,54.9,29.27142857142857,21.62857142857143,99.0,22.98,29.516018958263487,0.0043422298751366,8.475000000000001,31.92,1.3331786806524992,0,6,5,0.0,0.0,0.0,0,3.931753235519864e-05,1.5727012942079456e-05,0
Koforidua,Eastern,2023-09-17,0.4986284832661073,83.7,28.67142857142857,22.2,99.0,20.32,30.039289331913835,0.0043422298751367,34.7,63.38,1.4756335842481072,0,6,5,0.0,0.0,0.0,0,3.275482595199719e-05,1.3101930380798877e-05,0
Koforidua,Eastern,2023-09-24,0.5015233031828652,26.7,28.914285714285715,21.9,99.71428571428572,23.04,29.93040669856464,0.0043422298751366,-23.325,3.66,1.539118921720063,0,6,5,0.0,0.2,0.08,0,3.327709418954328e-05,0.04001331083767583,0
Koforidua,Eastern,2023-10-01,0.504418123099623,27.1,30.37142857142857,22.485714285714288,99.14285714285714,26.96,27.985446802225283,0.0043422298751366,-21.0,0.1400000000000005,1.3583757436402597,0,6,5,0.0,0.2,0.08,0,2.5097189791267738e-05,0.04001003887591652,0
Koforidua,Eastern,2023-10-08,0.5073129430163807,45.9,29.514285714285712,22.457142857142856,99.85714285714286,25.0,27.83348511641617,0.0043422298751366,0.0500000000000042,20.9,1.2032519256932637,0,6,5,0.0,0.0,0.0,0,2.3821745344321243e-05,9.528698137728498e-06,0
Koforidua,Eastern,2023-10-15,0.5102077629331385,49.2,29.785714285714285,22.25714285714286,99.71428571428572,23.44,28.51498145737554,0.0043422298751366,11.974999999999994,25.759999999999994,0.6736913058052418,0,6,5,0.0,0.0,0.0,0,2.7569112717173994e-05,1.1027645086869597e-05,0
Koforidua,Eastern,2023-10-22,0.4752779219749364,34.1,30.27142857142857,22.12857142857143,99.85714285714286,26.63,29.19647779833491,-0.0240262657810833,-4.975000000000001,7.470000000000002,0.7273230432261181,0,6,5,0.0,0.0,0.0,0,4.3738291424233466e-05,1.7495316569693387e-05,0
Koforidua,Eastern,2023-10-29,0.4403480810167342,14.9,30.12857142857143,22.428571428571427,99.85714285714286,25.36,27.437704144948952,-0.0429385962185632,-21.125,-10.46,0.5781113853097697,0,6,5,0.0,0.2,0.08,0,3.8544039853150025e-05,0.04001541761594127,0
Koforidua,Eastern,2023-11-05,0.4054182400585321,10.9,30.74285714285714,22.514285714285712,99.85714285714286,27.3,27.3588085735704,-0.0523947614373032,-16.375,-16.4,0.0530552683022414,0,6,5,0.0479714018904592,0.5,0.2287828411342755,0,4.26342521677725e-05,0.1192056144570508,0
Koforidua,Eastern,2023-11-12,0.4993488347016738,23.5,30.87142857142857,22.81428571428572,99.85714285714286,26.25,28.914880159423603,0.0442505652637046,2.6499999999999986,-2.75,-0.3482677852067297,0,6,5,0.0,0.0,0.0,0,9.916909039020538e-05,3.9667636156082156e-05,0
Koforidua,Eastern,2023-11-19,0.4147334242746195,18.0,31.11428571428572,22.485714285714288,99.85714285714286,27.19,28.91373880010497,-0.0252287207382703,1.1750000000000007,-9.19,-0.5827834664224246,0,6,5,0.0,0.0,0.0,0,0.00042712074355222285,0.00017084829742088916,0
Koforidua,Eastern,2023-11-26,0.4446340006124238,41.5,30.61428571428572,22.885714285714283,99.42857142857144,24.94,26.951404404420373,0.0036003757006115,18.025,16.560000000000002,-0.2024345044507514,0,6,5,0.0,0.0,0.0,0,0.0012354373466223478,0.0004941749386489392,0
Koforidua,Eastern,2023-12-03,0.4745345769502281,7.2,30.985714285714288,22.185714285714287,99.71428571428572,27.05,28.89966674670501,0.0162218678154918,-15.349999999999998,-19.85,-0.2509986761310724,0,6,5,0.0,0.2,0.08,0,0.0006448485655710101,0.04025793942622841,0
Koforidua,Eastern,2023-12-10,0.5044351532880325,2.0,31.942857142857143,22.37142857142857,99.85714285714286,27.57,28.81421552149036,0.0448508645067065,-15.174999999999995,-25.57,-0.5722260377962679,0,6,5,0.0,0.2,0.08,0,0.0004999382654204965,0.04019997530616821,0
Koforidua,Eastern,2023-12-17,0.5343357296258368,0.2,32.67142857142857,21.5,93.0,30.24,28.7287642962757,0.0448508645067064,-12.525,-30.040000000000003,-0.8657225536034251,0,6,5,0.005,0.2,0.083,0,0.0012728803558275104,0.04250915214233101,0
Koforidua,Eastern,2023-12-24,0.5084658752272422,0.0,33.885714285714286,21.02857142857143,93.71428571428572,31.86,28.93984443124532,0.0030230414544072,-2.3499999999999983,-31.86,-1.5473101457081038,0,6,5,0.0383877582443945,0.4,0.1830326549466367,0,0.02539212442934513,0.10551195306949587,0
Koforidua,Eastern,2023-12-31,0.3346425134839473,0.4,34.08571428571429,23.014285714285712,98.85714285714286,29.58,30.120614566088307,-0.1358273044223173,-0.2499999999999982,-29.180000000000003,-1.6786445578174936,1,6,5,0.9579631520631974,0.7,0.8547778912379185,1,0.995992124080658,0.9215821104575422,1
Kumasi,Ashanti,2022-01-02,0.1918951078629854,0.0,34.85,22.85,98.5,8.8,34.17366614427999,0.0,0.0,-8.8,-0.4824119518751747,0,7,1,0.0,0.0,0.0,0,0.0,0.0,0
Kumasi,Ashanti,2022-01-09,0.1918951078629854,1.2,35.285714285714285,22.428571428571427,95.42857142857144,33.31,34.27867094686832,0.0,0.6,-32.11,-0.8298122351701852,0,7,1,0.0,0.0,0.0,0,0.0,0.0,0
Kumasi,Ashanti,2022-01-16,0.1896875454470393,0.3,35.628571428571426,22.071428571428573,95.71428571428572,36.38,33.48864604923921,-0.0014717082772973,-0.2,-36.080000000000005,-1.2201642196386997,0,7,1,0.0634756308758864,0.4,0.1980853785255319,0,0.0,0.10539025235035457,0
Kumasi,Ashanti,2022-01-23,0.1874799830310933,0.2,34.81428571428571,20.4,66.0,40.3,32.6986211516101,-0.0027594530199325,-0.2249999999999999,-40.1,-1.654008858696,0,7,1,0.047954669005825,0.4,0.188772801403495,0,0.0,0.09918186760233001,0
Kumasi,Ashanti,2022-01-30,0.1982039794060775,0.0,35.77142857142857,21.071428571428573,66.42857142857143,44.13,32.45014357211471,0.0063873254692786,-0.425,-44.13,-2.036246541935263,0,7,1,0.052326626590182,0.4,0.1913959759541092,0,0.967334508895874,0.4878644541944224,0
Kumasi,Ashanti,2022-02-06,0.0211540467082376,0.4,35.8,21.285714285714285,87.14285714285714,37.34,32.49978110307882,-0.1279773419398743,0.175,-36.94,-2.088502641851641,1,7,1,0.9968664288625552,0.7,0.8781198573175331,1,0.9961562752723694,0.9372090816539699,1
Kumasi,Ashanti,2022-02-13,0.1429822198619637,25.5,36.34285714285714,23.728571428571428,95.0,34.53,31.60904580152703,0.0055271626101206,18.975,-9.03,-1.795846844183312,0,7,1,0.0146796639517732,0.4,0.1688077983710639,0,0.9651145935058594,0.4719177029830531,0
Kumasi,Ashanti,2022-02-20,0.1576950004885171,7.5,35.31428571428571,23.557142857142857,95.14285714285714,31.24,30.859323144104792,0.0276861888723181,-0.8500000000000014,-23.74,-1.6188468867025778,0,7,1,0.0483984458878199,0.4,0.189039067532692,0,0.061190951615571976,0.12383575900135677,0
Kumasi,Ashanti,2022-02-27,0.1724077811150706,9.2,34.9,23.97142857142857,94.0,31.43,33.30122346368722,0.0488480190716233,-1.450000000000001,-22.23,-1.381909290808441,0,7,1,0.0385039570081302,0.4,0.1831023742048781,0,0.017273137345910072,0.10231083774161612,0
Kumasi,Ashanti,2022-03-06,0.187120561741624,24.9,33.614285714285714,23.02857142857143,95.85714285714286,29.64,32.59486232284439,0.0220691709398301,8.125,-4.740000000000002,-1.0335352913659204,0,7,1,0.0049342105263157,0.4,0.1629605263157895,0,0.016503214836120605,0.08857497014497454,0
Kumasi,Ashanti,2022-03-13,0.2018333423681775,61.2,33.22857142857143,23.642857142857142,97.57142857142856,28.88,33.45318542055972,0.0220691709398301,35.5,32.32000000000001,-0.5861668169265342,0,7,1,0.0,0.0,0.0,0,0.010926268994808197,0.004370507597923279,0
Kumasi,Ashanti,2022-03-20,0.2039228001020545,32.1,32.41428571428572,22.957142857142856,98.0,27.56,34.31150851827505,0.0126016787703228,0.25,4.539999999999999,-0.2802035652422333,0,7,1,0.0,0.0,0.0,0,0.0007971043232828379,0.00031884172931313516,0
Kumasi,Ashanti,2022-03-27,0.2060122578359315,56.6,32.8,22.957142857142856,97.85714285714286,27.62,33.534773444441214,0.0062900173239846,12.9,28.98,0.2738409226910428,0,7,1,0.0,0.0,0.0,0,0.00012883330055046827,5.153332022018731e-05,0
Kumasi,Ashanti,2022-04-03,0.2081017155698086,28.7,32.27142857142857,23.87142857142857,97.85714285714286,28.53,34.25231271728336,0.0031341866008155,-15.95,0.1699999999999981,0.3269625480718742,0,7,1,0.0,0.2,0.08,0,4.820904723601416e-05,0.04001928361889441,0
Kumasi,Ashanti,2022-04-10,0.2101911733036856,33.1,32.8,23.4,98.42857142857144,28.55,34.969851990125505,0.0031341866008155,-4.524999999999999,4.550000000000001,0.0265170212234642,0,7,1,0.01,0.0,0.006,0,3.6264322261558846e-05,0.004014505728904624,0
Kumasi,Ashanti,2022-04-17,0.2122806310375627,62.8,31.47142857142857,23.02857142857143,97.57142857142856,25.52,35.68739126296765,0.0031341866008155,17.5,37.28,0.3807333175510459,0,7,1,0.0,0.0,0.0,0,4.2328916606493294e-05,1.693156664259732e-05,0
Kumasi,Ashanti,2022-04-24,0.2143700887714397,68.80000000000001,31.385714285714283,23.085714285714285,99.14285714285714,27.69,33.066230865447665,0.0031341866008155,20.450000000000003,41.110000000000014,0.5119686160988032,0,7,1,0.0,0.0,0.0,0,3.6291479773353785e-05,1.4516591909341515e-05,0
Kumasi,Ashanti,2022-05-01,0.2164595465053168,48.0,31.24285714285714,22.24285714285714,98.85714285714286,28.71,33.164426634779964,0.0031341866008155,-5.174999999999997,19.29,0.7188292021031821,0,7,1,0.0,0.0,0.0,0,3.346364610479213e-05,1.3385458441916854e-05,0
Kumasi,Ashanti,2022-05-08,0.2185490042391938,43.5,31.31428571428572,22.785714285714285,99.14285714285714,25.79,33.262622404112264,0.0031341866008155,-12.275000000000006,17.71,0.8612081410057776,0,7,1,0.0,0.2,0.08,0,2.626422792673111e-05,0.0400105056911707,0
Kumasi,Ashanti,2022-05-15,0.2206384619730708,38.6,31.81428571428572,23.11428571428572,99.14285714285714,26.72,33.36081817344457,0.0031341866008155,-11.125,11.880000000000004,0.5864038060418014,0,7,1,0.0,0.2,0.08,0,2.3270815290743485e-05,0.04000930832611631,0
Kumasi,Ashanti,2022-05-22,0.2227279197069479,118.7,31.12857142857143,22.857142857142858,98.42857142857144,24.93,33.45901394277687,0.0031341866008155,56.5,93.77,1.1561359430182967,0,7,1,0.0,0.0,0.0,0,2.5642060791142285e-05,1.0256824316456915e-05,0
Kumasi,Ashanti,2022-05-29,0.2248173774408249,44.2,30.31428571428572,21.9,99.42857142857144,26.25,33.55720971210917,0.0031341866008155,-17.049999999999997,17.950000000000003,1.141638391488701,0,7,1,0.0,0.2,0.08,0,2.5501301934127696e-05,0.040010200520773656,0
Kumasi,Ashanti,2022-06-05,0.226906835174702,30.1,31.014285714285712,22.37142857142857,98.57142857142856,27.1,33.35105723370435,0.0031341866008155,-27.800000000000004,3.0,0.9824898967123196,0,7,1,0.0,0.2,0.08,0,2.2920052288100123e-05,0.040009168020915246,0
Kumasi,Ashanti,2022-06-12,0.228996292908579,45.7,29.942857142857143,21.9,99.28571428571428,24.69,29.599540981143434,0.0031341866008155,-13.974999999999994,21.010000000000005,1.0812679903430715,0,7,1,0.0,0.2,0.08,0,2.1493882741197012e-05,0.040008597553096485,0
Kumasi,Ashanti,2022-06-19,0.2310857506424561,90.8,28.65714285714285,21.6,97.85714285714286,21.13,28.687155735857587,0.0031341866008155,38.1,69.67,0.8205284441764643,0,7,1,0.0,0.0,0.0,0,2.093680450343527e-05,8.374721801374108e-06,0
Kumasi,Ashanti,2022-06-26,0.2331752083763331,46.4,28.957142857142856,21.31428571428572,99.42857142857144,22.0,27.77477049057174,0.0031341866008155,-6.8500000000000085,24.4,0.8903114347480251,0,7,1,0.0,0.0,0.0,0,2.8131596991443075e-05,1.1252638796577231e-05,0
Kumasi,Ashanti,2022-07-03,0.2352646661102102,47.7,28.428571428571427,21.728571428571428,98.85714285714286,19.28,26.862385245285893,0.0031341866008155,-9.949999999999996,28.42,1.1653321510781147,0,7,1,0.0,0.0,0.0,0,2.5081830244744197e-05,1.003273209789768e-05,0
Kumasi,Ashanti,2022-07-10,0.2373541238440872,44.4,28.65714285714285,21.62857142857143,98.57142857142856,22.97,25.950000000000045,0.0031341866008155,-12.925000000000004,21.43,1.1698761597664953,0,7,1,0.0,0.2,0.08,0,2.1874826416024007e-05,0.04000874993056642,0
Kumasi,Ashanti,2022-07-17,0.2394435815779643,31.0,28.77142857142857,21.557142857142857,97.71428571428572,23.26,27.308399606602933,0.0031341866008155,-11.375,7.739999999999998,0.4998512595964543,0,7,1,0.0,0.2,0.08,0,2.1558340449701063e-05,0.04000862333617989,0
Kumasi,Ashanti,2022-07-24,0.2415330393118413,1.0,28.37142857142857,19.942857142857143,94.57142857142856,25.68,28.66679921320582,0.0031341866008155,-30.025,-24.68,-0.0311486128457481,0,7,1,0.0,0.2,0.08,0,2.7126023269374855e-05,0.040010850409307755,0
Kumasi,Ashanti,2022-07-31,0.2436224970457184,24.5,29.12857142857143,21.014285714285712,96.0,25.33,30.025198819808708,0.0031341866008155,-0.7250000000000014,-0.8299999999999983,-0.3476063607865472,0,7,1,0.0,0.0,0.0,0,3.6366171116242185e-05,1.4546468446496875e-05,0
Kumasi,Ashanti,2022-08-07,0.2457119547795954,8.1,27.81428571428572,19.82857142857143,96.42857142857144,23.06,31.383598426411595,0.0031341866008155,-8.049999999999999,-14.960000000000004,-0.7413122564298185,0,7,1,0.0,0.0,0.0,0,0.0001009579500532709,4.038318002130836e-05,0
Kumasi,Ashanti,2022-08-14,0.2478014125134724,21.7,29.27142857142857,21.65714285714285,94.42857142857144,23.66,35.80333887468032,0.0031341866008155,7.875,-1.9600000000000009,-0.8462572189948014,0,7,1,0.0,0.0,0.0,0,0.0009544670465402305,0.00038178681861609224,0
Kumasi,Ashanti,2022-08-21,0.2498908702473495,19.3,28.485714285714288,20.914285714285715,96.28571428571428,25.73,32.07511358826025,0.0031341866008155,0.9000000000000021,-6.43,-0.6488092224163541,0,7,1,0.0,0.0,0.0,0,0.0019457651069387794,0.0007783060427755117,0
Kumasi,Ashanti,2022-08-28,0.2519803279812265,50.400000000000006,27.8,21.25714285714286,97.0,20.71,31.30836336499016,0.0031341866008155,25.52500000000001,29.690000000000005,-0.3186112577273561,0,7,1,0.0,0.0,0.0,0,0.001224855543114245,0.000489942217245698,0
Kumasi,Ashanti,2022-09-04,0.2540697857151036,24.8,28.8,21.642857142857142,97.42857142857144,22.32,30.541613141720063,0.0031341866008156,-4.25,2.4800000000000004,-0.1299267064765001,0,7,1,0.0,0.0,0.0,0,0.0003604147641453892,0.00014416590565815567,0
Kumasi,Ashanti,2022-09-11,0.2561592434489806,25.5,28.74285714285714,21.642857142857142,96.85714285714286,21.81,29.77486291844997,0.0031341866008155,-4.5,3.6899999999999977,-0.0687989705494739,0,7,1,0.0,0.0,0.0,0,0.00011809237184934318,4.723694873973728e-05,0
Kumasi,Ashanti,2022-09-18,0.2582487011828577,70.0,28.52857142857143,21.642857142857142,98.14285714285714,21.55,29.008112695179875,0.0031341866008155,27.325000000000003,48.45,0.5249514980656051,0,7,1,0.0,0.0,0.0,0,7.581621321151033e-05,3.0326485284604135e-05,0
Kumasi,Ashanti,2022-09-25,0.2603381589167347,46.4,28.62857142857143,21.65714285714285,98.71428571428572,20.73,30.07464815662139,0.0031341866008155,4.725000000000001,25.67,0.4814588434768182,0,7,1,0.0,0.0,0.0,0,4.684817395173013e-05,1.8739269580692054e-05,0
Kumasi,Ashanti,2022-10-02,0.2624276166506117,105.2,27.1,21.342857142857145,98.85714285714286,15.65,31.1411836180629,0.0031341866008155,43.425,89.55000000000001,1.4234751208513616,0,7,1,0.0,0.0,0.0,0,3.96937393816188e-05,1.587749575264752e-05,0
Kumasi,Ashanti,2022-10-09,0.2645170743844888,41.7,29.142857142857142,21.5,99.71428571428572,23.53,32.207719079504415,0.0031341866008156,-24.125,18.17,1.5801352299174392,0,7,1,0.0,0.2,0.08,0,2.5037235900526866e-05,0.04001001489436022,0
Kumasi,Ashanti,2022-10-16,0.2666065321183659,56.9,29.642857142857142,21.0,99.71428571428572,25.02,33.274254540945925,0.0031341866008156,-5.649999999999999,31.88,1.4008632680925144,0,7,1,0.0,0.0,0.0,0,2.081480488413945e-05,8.32592195365578e-06,0
Kumasi,Ashanti,2022-10-23,0.2700814580671464,34.0,30.4,21.75714285714286,99.57142857142856,26.98,34.34079000238744,0.0041732877619931,-25.450000000000003,7.02,1.1990876441918,0,7,1,0.0,0.2,0.08,0,2.068002322630491e-05,0.04000827200929053,0
Kumasi,Ashanti,2022-10-30,0.2690049367099626,16.8,30.928571428571427,22.185714285714287,99.57142857142856,28.41,35.407325463828954,0.0014524363899717,-20.55,-11.61,0.1046306943903896,0,7,1,0.0,0.2,0.08,0,2.0400775611051358e-05,0.04000816031024443,0
Kumasi,Ashanti,2022-11-06,0.2679284153527789,28.6,30.557142857142857,22.17142857142857,99.42857142857144,26.27,35.4604672304709,-0.0004769202092845,-5.475000000000001,2.330000000000002,-0.0667433475713969,0,7,1,0.0,0.0,0.0,0,3.081929753534496e-05,1.2327719014137984e-05,0
Kumasi,Ashanti,2022-11-13,0.2668518939955952,28.6,30.142857142857142,21.82857142857143,99.71428571428572,25.23,35.16655557534273,-0.0016147820357755,1.599999999999998,3.369999999999997,-0.3751949849660015,0,7,1,0.0,0.0,0.0,0,4.6457913413178176e-05,1.8583165365271272e-05,0
Kumasi,Ashanti,2022-11-20,0.2657753726384115,13.7,31.12857142857143,21.728571428571428,100.0,28.12,32.918079325853114,-0.0016147820357755,-8.224999999999998,-14.420000000000002,-0.607155809439531,0,7,1,0.0,0.0,0.0,0,0.0001251249632332474,5.0049985293298964e-05,0
Kumasi,Ashanti,2022-11-27,0.2646988512812278,3.5,31.11428571428572,21.6,99.71428571428572,28.1,32.391049567531866,-0.0016147820357755,-15.099999999999998,-24.6,-0.7476955067301628,0,7,1,0.0,0.2,0.08,0,0.00026058987714350224,0.04010423595085741,0
Kumasi,Ashanti,2022-12-04,0.263622329924044,41.5,30.285714285714285,21.4,99.71428571428572,23.05,31.763455588696218,-0.0016147820357755,19.675,18.45,-0.5732921256427891,0,7,1,0.0,0.0,0.0,0,0.0006999152828939259,0.0002799661131575704,0
Kumasi,Ashanti,2022-12-11,0.2625458085668603,1.9,31.25714285714286,22.15714285714285,99.57142857142856,27.26,29.769268663258003,-0.0016147820357755,-13.249999999999998,-25.36,-0.8841239580646408,0,7,1,0.0,0.2,0.08,0,0.0016974532045423985,0.04067898128181697,0
Kumasi,Ashanti,2022-12-18,0.2614692872096766,2.2,31.81428571428572,22.014285714285712,98.57142857142856,26.33,30.960573869569373,-0.0016147820357755,-10.075,-24.13,-0.9891771113126804,0,7,1,0.0,0.2,0.08,0,0.002214057371020317,0.04088562294840813,0
Kumasi,Ashanti,2022-12-25,0.2603927658524929,0.3,32.18571428571429,19.97142857142857,90.85714285714286,30.82,32.15187907588074,-0.0016147820357755,-11.174999999999995,-30.52,-1.053225995682237,0,7,1,0.0334704090221493,0.6000000000000001,0.2600822454132896,0,0.0039531574584543705,0.13496942659224148,0
Kumasi,Ashanti,2023-01-01,0.2272562282263013,0.0,33.2,19.557142857142857,83.85714285714286,33.92,31.61806569435328,-0.0256597942375314,-1.0999999999999983,-33.92,-1.6198206028500883,0,7,1,0.0830803559820442,0.4,0.2098482135892265,0,0.035196658223867416,0.12731080568236466,0
Kumasi,Ashanti,2023-01-08,0.2082850525913484,0.0,33.91428571428571,19.82857142857143,77.14285714285714,34.14,31.39986546433451,-0.0310657808786063,-0.6249999999999982,-34.14,-1.7148120225738566,0,7,1,0.0732390861407743,0.4,0.2039434516844646,0,0.9742707014083862,0.49900391501966423,0
Kumasi,Ashanti,2023-01-15,0.1893138769563956,0.0,34.55714285714286,22.014285714285712,99.57142857142856,32.99,31.181665234315744,-0.0319981039502389,-0.0749999999999982,-32.99,-1.810668967762078,0,7,1,0.0869835446385656,0.4,0.2121901267831394,0,0.9967339038848877,0.5134869794093813,0
Kumasi,Ashanti,2023-01-22,0.1703427013214427,0.4,35.128571428571426,22.428571428571427,96.14285714285714,32.36,32.049098124463,-0.0284567634524292,0.3000000000000018,-31.96,-1.8262484261222405,0,7,1,0.0919076064408763,0.4,0.2151445638645258,0,0.8896697759628296,0.47263095296148244,0
Kumasi,Ashanti,2023-01-29,0.1513715256864899,75.8,32.91428571428572,22.342857142857145,98.14285714285714,26.46,33.15624993680808,-0.0284567634524292,56.75,49.34,-0.9254527989922938,0,7,1,0.0,0.0,0.0,0,0.2957547605037689,0.11830190420150757,0
Kumasi,Ashanti,2023-02-05,0.1902246951973406,1.4,34.84285714285714,22.7,98.28571428571428,31.57,35.81846822708684,0.0149114954069233,-18.0,-30.17,-0.8825010978187905,0,7,1,0.0,0.2,0.08,0,0.005777282174676657,0.04231091286987067,0
Kumasi,Ashanti,2023-02-12,0.2018446058383492,4.0,33.74285714285714,22.75714285714286,97.85714285714286,30.15,32.3088514230829,0.0233987238274435,-16.4,-26.15,-0.8084986706080189,0,7,1,0.0,0.2,0.08,0,0.0011337342439219356,0.04045349369756878,0
Kumasi,Ashanti,2023-02-19,0.198048154051652,0.8,35.18571428571429,22.542857142857144,91.28571428571428,36.41,29.460013143926066,0.0126759088581941,-19.7,-35.61,-0.8479882699237085,0,7,1,0.0048888888888888,0.2,0.0829333333333333,0,0.0008482237462885678,0.042294845054070954,0
Kumasi,Ashanti,2023-02-26,0.1942517022649549,21.200000000000003,35.7,23.714285714285715,94.28571428571428,34.32,33.97920242453341,-0.0018405870731192,14.350000000000003,-13.119999999999996,-1.5237472762957531,0,7,1,0.0098409542743538,0.4,0.1659045725646123,0,0.002752367639914155,0.0850373287657072,0
Kumasi,Ashanti,2023-03-05,0.1904552504782577,45.6,33.08571428571428,23.285714285714285,97.85714285714286,28.28,33.35056133587841,-0.0056946776800457,27.7,17.319999999999993,-1.0099497224595635,0,7,1,0.0,0.4,0.16,0,0.061102245002985,0.10444089800119402,0
Kumasi,Ashanti,2023-03-12,0.1866587986915605,22.3,31.342857142857145,23.285714285714285,97.85714285714286,24.05,32.72192024722341,-0.0056946776800457,-0.1749999999999971,-1.7500000000000036,-0.7459644558012559,0,7,1,0.0,0.0,0.0,0,0.0048148795031011105,0.0019259518012404442,0
Kumasi,Ashanti,2023-03-19,0.1828623469048634,8.4,32.614285714285714,22.61428571428572,97.85714285714286,31.7,32.58855729157102,-0.0056946776800457,-15.974999999999996,-23.3,-0.6127817249584785,0,7,1,0.0,0.2,0.08,0,0.0005760014755651355,0.04023040059022606,0
Kumasi,Ashanti,2023-03-26,0.1790658951181662,49.8,30.942857142857143,22.685714285714287,97.85714285714286,25.94,35.3835221069869,-0.0056946776800457,18.27500000000001,23.86,-0.2126925790148631,0,7,1,0.0,0.0,0.0,0,0.0002860268868971616,0.00011441075475886464,0
Kumasi,Ashanti,2023-04-02,0.1752694433314691,82.3,31.628571428571423,23.02857142857143,98.28571428571428,28.16,30.890791189791685,-0.0056946776800457,41.6,54.14,0.1856655159998455,0,7,1,0.0,0.0,0.0,0,0.0001765611959854141,7.062447839416564e-05,0
Kumasi,Ashanti,2023-04-09,0.1714729915447719,44.1,30.857142857142858,22.728571428571428,98.42857142857144,26.68,31.653364282819325,-0.0056946776800457,-2.0500000000000043,17.419999999999995,0.3930670554195076,0,7,1,0.0,0.0,0.0,0,8.073441131273285e-05,3.229376452509314e-05,0
Kumasi,Ashanti,2023-04-16,0.1676765397580748,70.2,32.17142857142857,22.842857142857145,99.28571428571428,28.68,33.80004170668826,-0.0056946776800457,8.600000000000009,41.52,1.0943590629929305,0,7,1,0.0,0.0,0.0,0,3.583214129321277e-05,1.4332856517285109e-05,0
Kumasi,Ashanti,2023-04-23,0.2607964610690154,24.7,32.41428571428572,23.071428571428573,98.57142857142856,29.11,35.37824051164745,0.0669926021431825,-30.625,-4.41,0.788504001991686,0,7,1,0.0,0.2,0.08,0,2.317419057362713e-05,0.04000926967622946,0
Kumasi,Ashanti,2023-04-30,0.2601887139721437,45.1,30.81428571428572,22.74285714285714,99.28571428571428,27.27,34.75827745134433,0.0451550373861422,-0.9250000000000044,17.829999999999995,0.3956636318128682,0,7,1,0.0,0.0,0.0,0,2.2977652406552806e-05,9.191060962621123e-06,0
Kumasi,Ashanti,2023-05-07,0.2595809668752722,28.0,31.714285714285715,22.785714285714285,99.42857142857144,30.73,34.138314391041206,0.0225202964566456,-14.0,-2.7300000000000004,0.1776594054536509,0,7,1,0.0,0.2,0.08,0,2.7282983865006827e-05,0.04001091319354601,0
Kumasi,Ashanti,2023-05-14,0.2589732197784006,43.5,32.4,23.2,99.0,30.16,32.91012256570889,-0.0009116206453074,8.174999999999997,13.34,-0.1272219394000831,0,7,1,0.0,0.0,0.0,0,3.168288822053e-05,1.2673155288212003e-05,0
Kumasi,Ashanti,2023-05-21,0.258365472681529,42.9,30.385714285714283,22.87142857142857,99.14285714285714,23.92,32.75058769513316,-0.0009116206453074,3.0249999999999986,18.98,0.1258360682694994,0,7,1,0.0,0.0,0.0,0,5.2266273996792734e-05,2.0906509598717096e-05,0
Kumasi,Ashanti,2023-05-28,0.2577577255846574,46.3,30.74285714285714,22.942857142857143,99.0,24.83,31.746446087678294,-0.0009116206453074,6.125,21.47,0.1652174769021323,0,7,1,0.0,0.0,0.0,0,4.7139379603322595e-05,1.885575184132904e-05,0
Kumasi,Ashanti,2023-06-04,0.2571499784877858,49.9,30.357142857142858,22.82857142857143,99.42857142857144,24.45,30.70011246934596,-0.0009116206453074,4.25,25.45,0.4700988217558663,0,7,1,0.0,0.0,0.0,0,4.551360689220019e-05,1.8205442756880075e-05,0
Kumasi,Ashanti,2023-06-11,0.2565422313909142,102.7,29.5,22.214285714285715,99.28571428571428,22.31,29.65377885101361,-0.0009116206453074,42.25,80.39,1.195517351650929,0,7,1,0.0,0.0,0.0,0,3.4275679354323074e-05,1.371027174172923e-05,0
Kumasi,Ashanti,2023-06-18,0.2559344842940426,15.1,29.185714285714287,21.24285714285714,96.85714285714286,25.03,30.021771307147624,-0.0009116206453074,-38.4,-9.93,0.8827380869340573,0,7,1,0.0,0.2,0.08,0,2.6271965907653794e-05,0.04001050878636307,0
Kumasi,Ashanti,2023-06-25,0.255326737197171,149.2,28.085714285714285,21.914285714285715,98.85714285714286,20.7,30.389763763281643,-0.0009116206453073,69.975,128.5,2.040702967689741,0,7,1,0.0,0.0,0.0,0,2.4045833924901672e-05,9.61833356996067e-06,0
Kumasi,Ashanti,2023-07-02,0.2547189901002994,48.900000000000006,28.24285714285714,21.52857142857143,97.85714285714286,22.22,30.757756219415658,-0.0009116206453074,-30.075000000000003,26.680000000000007,2.054010421705713,0,7,1,0.0,0.2,0.08,0,2.044861321337521e-05,0.040008179445285355,0
Kumasi,Ashanti,2023-07-09,0.2541112430034278,53.9,29.32857142857143,21.914285714285715,98.85714285714286,22.29,31.12574867554968,-0.0009116206453074,-12.874999999999991,31.61,1.526256269755211,0,7,1,0.0,0.2,0.08,0,1.925700416904874e-05,0.04000770280166763,0
Kumasi,Ashanti,2023-07-16,0.2535034959065562,53.9,28.485714285714288,21.82857142857143,98.85714285714286,20.6,31.49374113168369,-0.0009116206453074,-22.575,33.3,1.9939645926092533,0,7,1,0.0,0.2,0.08,0,2.0145920643699355e-05,0.040008058368257486,0
Kumasi,Ashanti,2023-07-23,0.2528957488096846,39.8,28.27142857142857,22.042857142857144,98.42857142857144,20.2,31.52072973037973,-0.0009116206453074,-9.325000000000005,19.6,0.8157680541219703,0,7,1,0.0,0.0,0.0,0,1.8062790331896394e-05,7.225116132758558e-06,0
Kumasi,Ashanti,2023-07-30,0.252288001712813,31.4,28.74285714285714,22.4,97.85714285714286,21.64,31.54771832907577,-0.0009116206453074,-13.35,9.759999999999998,0.6327094183900618,0,7,1,0.0,0.2,0.08,0,2.2338490452966653e-05,0.040008935396181194,0
Kumasi,Ashanti,2023-08-06,0.2516802546159414,45.6,28.87142857142857,22.085714285714285,97.85714285714286,21.18,31.574706927771807,-0.0009116206453073,2.9250000000000043,24.42,0.5549203172723064,0,7,1,0.0,0.0,0.0,0,2.3583072106703185e-05,9.433228842681274e-06,0
Kumasi,Ashanti,2023-08-13,0.2510725075190698,29.7,28.557142857142857,21.74285714285714,97.85714285714286,23.02,31.601695526467847,-0.0009116206453073,-6.925000000000001,6.68,0.2669167189754149,0,7,1,0.0,0.0,0.0,0,2.6309426175430417e-05,1.0523770470172167e-05,0
Kumasi,Ashanti,2023-08-20,0.2504647604221982,58.5,28.585714285714285,21.75714285714286,99.0,21.37,31.62868412516389,-0.0009116206453074,17.200000000000003,37.13,0.4565749863737811,0,7,1,0.0,0.0,0.0,0,3.3648288081167266e-05,1.3459315232466908e-05,0
Kumasi,Ashanti,2023-08-27,0.2498570133253266,27.7,29.4,22.37142857142857,98.14285714285714,22.94,31.65567272385993,-0.0009116206453073,-12.675,4.759999999999998,0.4024796448454392,0,7,1,0.0,0.2,0.08,0,3.369471960468218e-05,0.04001347788784188,0
Kumasi,Ashanti,2023-09-03,0.249249266228455,64.4,29.4,22.057142857142857,98.42857142857144,21.29,31.682661322555965,-0.0009116206453073,19.325000000000003,43.11000000000001,0.6046880314783807,0,7,1,0.0,0.0,0.0,0,3.273571564932354e-05,1.3094286259729415e-05,0
Kumasi,Ashanti,2023-09-10,0.2486415191315834,48.8,29.12857142857143,21.8,99.14285714285714,24.27,31.709649921252,-0.0009116206453073,-1.0500000000000114,24.53,0.7978084007345609,0,7,1,0.0,0.0,0.0,0,3.118870154139586e-05,1.2475480616558343e-05,0
Kumasi,Ashanti,2023-09-17,0.2480337720347118,89.3,29.02857142857143,22.25714285714286,98.42857142857144,21.04,31.73663851994804,-0.0009116206453073,31.75,68.25999999999999,1.1346059970900164,0,7,1,0.0,0.0,0.0,0,2.7009811674361117e-05,1.0803924669744448e-05,0
Kumasi,Ashanti,2023-09-24,0.2474260249378402,45.7,29.87142857142857,22.0,99.14285714285714,25.19,31.76362711864408,-0.0009116206453073,-16.35,20.51,1.305006322904293,0,7,1,0.0,0.2,0.08,0,2.499355650797952e-05,0.0400099974226032,0
Kumasi,Ashanti,2023-10-01,0.2468182778409686,36.1,30.52857142857143,22.428571428571427,98.57142857142856,26.42,31.46043504930158,-0.0009116206453073,-18.875,9.68,0.9433248694458,0,7,1,0.0,0.2,0.08,0,2.1502739400602877e-05,0.04000860109576025,0
Kumasi,Ashanti,2023-10-08,0.246210530744097,86.2,29.5,22.428571428571427,99.28571428571428,22.01,31.15724297995908,-0.0009116206453073,21.87500000000001,64.19,1.3724091184486067,0,7,1,0.0,0.0,0.0,0,2.189250517403707e-05,8.757002069614827e-06,0
Kumasi,Ashanti,2023-10-15,0.2456027836472255,44.2,29.65714285714285,22.1,99.71428571428572,24.86,30.854050910616586,-0.0009116206453073,-8.850000000000001,19.34,0.8431402969353112,0,7,1,0.0,0.0,0.0,0,2.0961215341230854e-05,8.384486136492342e-06,0
Kumasi,Ashanti,2023-10-22,0.2449950365503538,41.2,30.97142857142857,22.2,99.57142857142856,28.37,30.55085884127408,-0.0009116206453073,-10.725,12.830000000000004,0.7600498523477782,0,7,1,0.0,0.2,0.08,0,2.4142522306647152e-05,0.040009657008922665,0
Kumasi,Ashanti,2023-10-29,0.2443872894534823,16.8,30.585714285714285,22.25714285714286,99.71428571428572,26.47,32.08006577329729,-0.0009116206453073,-30.3,-9.669999999999998,0.5507008806330957,0,7,1,0.0,0.2,0.08,0,2.3295906430575997e-05,0.04000931836257224,0
Kumasi,Ashanti,2023-11-05,0.2437795423566106,11.7,31.571428571428573,22.585714285714285,99.14285714285714,28.880000000000003,34.142498636272364,-0.0009116206453074,-16.775000000000002,-17.180000000000003,-0.3296467073991376,0,7,1,0.0,0.2,0.08,0,2.4211509298766032e-05,0.040009684603719516,0
Kumasi,Ashanti,2023-11-12,0.2431717952597391,39.0,31.24285714285714,22.714285714285715,99.57142857142856,27.35,33.561057074971075,-0.0009116206453073,11.824999999999996,11.65,-0.4128453426697272,0,7,1,0.0,0.0,0.0,0,5.6538137869210914e-05,2.2615255147684366e-05,0
Kumasi,Ashanti,2023-11-19,0.2400503145206967,6.3,32.0,22.62857142857143,99.71428571428572,28.39,31.47626430963328,-0.0027969208769354,-12.15,-22.09,-0.790647207903666,0,7,1,0.0,0.2,0.08,0,0.00013771108933724463,0.040055084435734904,0
Kumasi,Ashanti,2023-11-26,0.2369288337816545,58.6,31.67142857142857,22.8,98.85714285714286,25.94,32.056801981699664,-0.0040537876980207,29.700000000000003,32.660000000000004,-0.3326760465247247,0,7,1,0.0,0.0,0.0,0,0.00040055037243291736,0.00016022014897316695,0
Kumasi,Ashanti,2023-12-03,0.2338073530426122,18.1,31.5,21.97142857142857,99.14285714285714,26.3,32.208451291643485,-0.0046822211085634,-12.4,-8.2,-0.2355208131398229,0,7,1,0.0,0.2,0.08,0,0.00022506543609779328,0.040090026174439124,0
Kumasi,Ashanti,2023-12-10,0.2306858723035698,14.7,32.5,22.25714285714286,99.28571428571428,27.96,32.392990369546595,-0.0046822211085634,-9.725,-13.260000000000002,-0.5050238046340215,0,7,1,0.0,0.0,0.0,0,0.00013832436525262892,5.532974610105157e-05,0
Kumasi,Ashanti,2023-12-17,0.2275643915645276,0.2,33.65714285714286,21.24285714285714,84.85714285714286,31.14,32.577529447449706,-0.0046822211085634,-22.7,-30.94,-0.6007725591391864,0,7,1,0.0046590909090909,0.2,0.0827954545454545,0,0.00017860683146864176,0.04193507909622383,0
Kumasi,Ashanti,2023-12-24,0.2244429108254853,0.0,34.6,20.4,69.71428571428571,36.52,32.740016177139694,-0.0046822211085634,-8.25,-36.52,-1.3492357045253225,0,7,1,0.0193285594923688,0.4,0.1715971356954213,0,0.0003913060645572841,0.08788794622277045,0
Kumasi,Ashanti,2023-12-31,0.2244429108254853,1.6,34.67142857142857,22.557142857142857,97.71428571428572,30.89,31.58104822809776,-0.0023411105542817,-2.5250000000000004,-29.29,-1.577409855091868,0,7,1,0.0286262808772015,0.4,0.177175768526321,0,0.0783330574631691,0.12278373533614825,0
Nalerigu,North East,2022-01-02,0.2468257401692232,0.0,33.95,21.8,15.5,15.56,38.6469058930557,0.0,0.0,-15.56,0.5098492418243386,0,8,6,0.0044594594594594,0.1,0.0426756756756756,0,0.0,0.021783783783783765,0
Nalerigu,North East,2022-01-09,0.2197049157729835,0.0,32.885714285714286,21.62857142857143,23.285714285714285,48.45,37.393358687961154,-0.0135604121981198,0.0,-48.45,0.0970839273451999,0,8,6,0.0,0.0,0.0,0,0.0,0.0,0
Nalerigu,North East,2022-01-16,0.2331888336232392,0.0,34.67142857142857,21.842857142857145,17.0,54.53,36.79239487516418,-5.099623190940594e-05,0.0,-54.53,-0.3674793873823011,0,8,6,0.0,0.0,0.0,0,0.0,0.0,0
Nalerigu,North East,2022-01-23,0.2220917390303694,0.0,32.0,19.685714285714287,15.714285714285714,55.900000000000006,36.1914310623672,-0.0083610681185844,0.0,-55.900000000000006,-0.8437142909815548,0,8,6,0.0,0.0,0.0,0,0.0,0.0,0
Nalerigu,North East,2022-01-30,0.2337878063807835,0.0,33.885714285714286,20.842857142857145,15.857142857142858,58.61,37.26741458607097,0.0065944826789395,0.0,-58.61,-1.2104748026085297,0,8,6,0.0,0.4,0.16,0,0.13752447068691254,0.13500978827476504,0
Nalerigu,North East,2022-02-06,0.2179759517290139,0.0,33.81428571428571,20.65714285714285,13.571428571428571,56.86,37.177708986151856,-0.0087851309618375,0.0,-56.86,-1.2821230233468075,0,8,6,0.0,0.4,0.16,0,0.26514747738838196,0.1860589909553528,0
Nalerigu,North East,2022-02-13,0.2261175738899155,0.0,36.42857142857143,23.357142857142858,18.0,57.55,41.73055594865059,0.0011243061323948,0.0,-57.55,-1.3078516353122764,0,8,6,0.0,0.5,0.2,0,0.2787557542324066,0.21150230169296266,0
Nalerigu,North East,2022-02-20,0.2114250244133677,0.0,37.771428571428565,24.457142857142856,18.428571428571427,59.73,40.31811154351561,-0.0109015646899024,0.0,-59.73,-1.340480967705571,0,8,6,0.0,0.5,0.2,0,0.16627077758312225,0.16650831103324892,0
Nalerigu,North East,2022-02-27,0.2045031452766712,0.0,36.85714285714285,24.185714285714287,18.285714285714285,56.78,39.91421712321835,-0.0105022785505708,0.0,-56.78,-1.3248904511834487,0,8,6,0.0,0.5,0.2,0,0.12522976100444794,0.1500919044017792,0
Nalerigu,North East,2022-03-06,0.2128459612240956,0.6,37.62857142857143,26.385714285714283,52.142857142857146,46.52,40.48668755685844,-0.0008769649769168,0.4499999999999999,-45.92,-1.2316881283681382,0,8,6,0.0272126047002133,0.5,0.216327562820128,0,0.11394958198070526,0.15646487467236744,0
Nalerigu,North East,2022-03-13,0.22118877717152,0.0,38.642857142857146,26.428571428571427,39.285714285714285,54.04,36.87185004548672,0.0086980501501063,-0.15,-54.04,-1.2017850065142317,0,8,6,0.0185283931754519,0.4,0.1711170359052712,0,0.06590055674314499,0.11377157996743878,0
Nalerigu,North East,2022-03-20,0.2295315931189444,18.9,36.94285714285714,26.228571428571428,69.57142857142857,41.81,33.257012534115006,0.0125142239211366,14.025000000000002,-22.91,-0.8881004063259577,0,8,6,0.0,0.0,0.0,0,0.04476584121584892,0.01790633648633957,0
Nalerigu,North East,2022-03-27,0.2378744090663688,1.4,37.91428571428571,27.385714285714283,61.71428571428572,43.95,39.908477964217184,0.0125142239211366,-3.8250000000000006,-42.55,-0.7668692314025699,0,8,6,0.005,0.1,0.043,0,0.014464156702160835,0.02778566268086434,0
Nalerigu,North East,2022-04-03,0.2462172250137932,2.3,36.85714285714285,26.24285714285714,55.42857142857143,46.63,39.01108384716457,0.0125142239211366,-3.3500000000000005,-44.33,-0.753323372784988,0,8,6,0.0,0.1,0.04,0,0.007097496651113033,0.02283899866044522,0
Nalerigu,North East,2022-04-10,0.2545600409612177,2.3,37.04285714285714,26.32857142857143,72.0,45.12,36.61621196805817,0.0125142239211366,-3.9250000000000007,-42.82,-0.657735615747714,0,8,6,0.0,0.0,0.0,0,0.005612207110971212,0.002244882844388485,0
Nalerigu,North East,2022-04-17,0.2629028569086421,13.8,35.5,24.5,80.85714285714286,41.05,37.92829621957526,0.0125142239211366,8.85,-27.25,-0.694709846188157,0,8,6,0.0,0.0,0.0,0,0.009130510501563549,0.00365220420062542,0
Nalerigu,North East,2022-04-24,0.2712456728560665,24.6,34.642857142857146,24.8,81.0,38.46,36.56562721115949,0.0125142239211366,13.849999999999998,-13.860000000000005,-0.4502880325161962,0,8,6,0.0,0.0,0.0,0,0.01004558615386486,0.0040182344615459446,0
Nalerigu,North East,2022-05-01,0.2795884888034909,27.9,34.142857142857146,24.685714285714287,78.71428571428571,36.17,36.53718343509428,0.0125142239211366,10.750000000000004,-8.27,-0.1430781823589675,0,8,6,0.0,0.0,0.0,0,0.0029034351464360952,0.0011613740585744382,0
Nalerigu,North East,2022-05-08,0.2879313047509153,6.6000000000000005,34.18571428571429,24.928571428571427,83.28571428571429,36.32,37.481561586833095,0.0125142239211366,-11.625,-29.72,-0.0314739384027917,0,8,6,0.0,0.2,0.08,0,0.0006810243939980865,0.04027240975759924,0
Nalerigu,North East,2022-05-15,0.2962741206983398,18.200000000000003,34.4,25.142857142857142,87.28571428571429,38.35,38.42593973857191,0.0125142239211366,-1.125,-20.15,0.0290138579398683,0,8,6,0.0,0.1,0.04,0,0.0002918343525379896,0.0201167337410152,0
Nalerigu,North East,2022-05-22,0.3046169366457641,32.4,32.6,24.25714285714286,87.57142857142857,34.49,29.57921674635935,0.0125142239211366,11.125,-2.0900000000000034,0.1292872893417148,0,8,6,0.0,0.0,0.0,0,0.00023253999825101346,9.30159993004054e-05,0
Nalerigu,North East,2022-05-29,0.3129597525931886,6.2,31.74285714285714,23.642857142857142,91.28571428571428,33.8,35.57741408066323,0.0125142239211366,-9.65,-27.6,-0.0353928660531613,0,8,6,0.0,0.0,0.0,0,0.0002163314784411341,8.653259137645364e-05,0
Nalerigu,North East,2022-06-05,0.321302568540613,15.5,33.44285714285714,23.957142857142856,85.14285714285714,38.88,35.993414412136474,0.0125142239211366,-2.575,-23.380000000000003,0.0186201802584535,0,8,6,0.0,0.0,0.0,0,0.0002247525699203834,8.990102796815337e-05,0
Nalerigu,North East,2022-06-12,0.3629021082287336,14.2,30.914285714285715,23.6,88.85714285714286,31.79,34.060903725562866,0.0374567667266587,-2.875,-17.59,0.0404298645735535,0,8,6,0.0,0.0,0.0,0,0.00022336012625601143,8.934405050240458e-05,0
Nalerigu,North East,2022-06-19,0.4045016479168542,89.0,29.071428571428573,22.65714285714285,95.0,24.62,29.73308774593545,0.0540851285970068,57.775000000000006,64.38,0.6067149100519507,0,8,6,0.0,0.0,0.0,0,0.0003805602027568966,0.00015222408110275866,0
Nalerigu,North East,2022-06-26,0.4461011876049748,20.0,29.27142857142857,22.15714285714285,94.85714285714286,28.61,28.61849826626722,0.0623993095321809,-14.674999999999995,-8.61,0.7684984667487276,0,8,6,0.0,0.2,0.08,0,0.00013074012531433254,0.04005229605012574,0
Nalerigu,North East,2022-07-03,0.4522976784722158,25.6,28.37142857142857,22.457142857142856,95.14285714285714,23.78,27.503908786598988,0.0358470229165212,-11.599999999999994,1.8200000000000005,0.9831875467254934,0,8,6,0.0,0.2,0.08,0,4.731294757220894e-05,0.04001892517902889,0
Nalerigu,North East,2022-07-10,0.4584941693394568,14.7,29.75714285714286,22.6,95.42857142857144,27.73,26.38931930693076,0.0181454985060814,-22.625,-13.03,1.022036046911765,0,8,6,0.0,0.2,0.08,0,3.2120700780069456e-05,0.040012848280312034,0
Nalerigu,North East,2022-07-17,0.4646906602066978,19.200000000000003,29.071428571428573,22.5,94.28571428571428,26.11,30.72406039043966,0.0092947363008615,-0.6749999999999972,-6.909999999999997,0.4146874551838438,0,8,6,0.0,0.0,0.0,0,3.233719689887948e-05,1.2934878759551795e-05,0
Nalerigu,North East,2022-07-24,0.4708871510739388,60.7,27.6,21.842857142857145,95.0,24.29,28.436734455842327,0.0092947363008614,30.65,36.41,0.7982312004439226,0,8,6,0.0,0.0,0.0,0,0.00011134304804727435,4.4537219218909746e-05,0
Nalerigu,North East,2022-07-31,0.4770836419411798,32.5,28.385714285714283,22.057142857142857,95.85714285714286,24.59,28.765050766529782,0.0092947363008615,0.7249999999999943,7.91,0.850114394771641,0,8,6,0.0,0.0,0.0,0,7.926938269520178e-05,3.1707753078080716e-05,0
Nalerigu,North East,2022-08-07,0.4832801328084208,10.7,28.2,21.6,94.14285714285714,27.8,29.09336707721724,0.0092947363008614,-20.075000000000003,-17.1,0.8154404044738063,0,8,6,0.0,0.2,0.08,0,5.435183993540704e-05,0.04002174073597417,0
Nalerigu,North East,2022-08-14,0.4894766236756618,19.6,28.52857142857143,22.571428571428573,96.28571428571428,23.81,32.653776228386846,0.0092947363008614,-11.275000000000002,-4.209999999999997,0.8384428058998882,0,8,6,0.0,0.2,0.08,0,4.280621578800492e-05,0.04001712248631521,0
Nalerigu,North East,2022-08-21,0.4956731145429028,23.4,27.74285714285714,21.5,95.42857142857144,23.75,30.33388768898493,0.0092947363008614,1.8499999999999976,-0.3500000000000014,0.5252693701877491,0,8,6,0.0,0.0,0.0,0,4.794455526280217e-05,1.917782210512087e-05,0
Nalerigu,North East,2022-08-28,0.5018696054101438,104.9,27.3,21.61428571428572,97.28571428571428,20.87,29.94410836753641,0.0092947363008615,65.25,84.03,1.1737667022445506,0,8,6,0.0,0.0,0.0,0,0.00013530824799090624,5.41232991963625e-05,0
Nalerigu,North East,2022-09-04,0.5080660962773849,41.9,27.52857142857143,21.342857142857145,97.57142857142856,21.55,29.5543290460879,0.0092947363008615,-5.550000000000004,20.35,1.4928185294322438,0,8,6,0.0,0.0,0.0,0,6.14687378401868e-05,2.4587495136074722e-05,0
Nalerigu,North East,2022-09-11,0.5142625871446258,45.6,27.65714285714285,21.885714285714283,97.28571428571428,23.24,24.34397192809655,0.0092947363008615,-8.350000000000001,22.36,1.7191791982807625,0,8,6,0.0,0.0,0.0,0,3.0212557248887606e-05,1.2085022899555043e-05,0
Nalerigu,North East,2022-09-18,0.5204590780118667,121.1,27.485714285714288,21.77142857142857,96.85714285714286,19.26,25.97845036269624,0.0092947363008614,42.72500000000001,101.84,2.589777495218289,0,8,6,0.0,0.0,0.0,0,2.3093247364158742e-05,9.237298945663498e-06,0
Nalerigu,North East,2022-09-25,0.5266555688791078,53.3,27.97142857142857,21.585714285714285,98.14285714285714,23.74,27.61292879729592,0.0092947363008615,-12.174999999999995,29.559999999999995,2.125725344966923,0,8,6,0.0,0.2,0.08,0,1.935668842634186e-05,0.04000774267537054,0
Nalerigu,North East,2022-10-02,0.5328520597463489,25.1,27.585714285714285,21.62857142857143,98.57142857142856,22.11,30.055306747348084,0.0092947363008615,-36.17500000000001,2.9899999999999984,1.977828423205151,0,8,6,0.0,0.2,0.08,0,2.0946088625350967e-05,0.040008378435450145,0
Nalerigu,North East,2022-10-09,0.5390485506135898,22.4,29.24285714285714,21.714285714285715,96.57142857142856,27.91,30.187103760234493,0.0092947363008615,-33.07499999999999,-5.509999999999998,1.740392524040371,0,8,6,0.0,0.2,0.08,0,1.9694889488164335e-05,0.040007877955795274,0
Nalerigu,North East,2022-10-16,0.5452450414808307,11.3,29.728571428571428,22.24285714285714,95.42857142857144,27.57,31.91987196334109,0.0092947363008615,-16.725,-16.270000000000003,0.7341652527683162,0,8,6,0.0,0.2,0.08,0,2.0016348571516573e-05,0.04000800653942861,0
Nalerigu,North East,2022-10-23,0.5514415323480718,0.0,31.442857142857143,21.67142857142857,84.42857142857143,35.59,33.65264016644769,0.0092947363008615,-14.7,-35.59,0.1791258257648925,0,8,6,0.0,0.2,0.08,0,4.3836338591063395e-05,0.04001753453543643,0
Nalerigu,North East,2022-10-30,0.5037468913995194,0.0,32.67142857142857,21.7,72.14285714285714,40.88,35.385408369554284,-0.0311236125609835,-8.425,-40.88,-0.1946206003692624,0,8,6,0.0,0.0,0.0,0,0.00026481010718271136,0.00010592404287308456,0
Nalerigu,North East,2022-11-06,0.430643804446918,0.0,33.18571428571429,23.15714285714285,53.71428571428572,42.89,35.72258516122503,-0.077125512971917,-2.825,-42.89,-0.5130760690014649,0,8,6,0.0426465226030799,0.3,0.1455879135618479,0,0.012070542201399803,0.08188682592179189,0
Nalerigu,North East,2022-11-13,0.3575407174943166,0.1,33.2,21.842857142857145,64.14285714285714,39.54,38.07261902355208,-0.1033025189278898,0.075,-39.44,-0.7104707508689909,0,8,6,0.0604043891730927,0.4,0.1962426335038556,0,0.5972403883934021,0.34305791102659794,0
Nalerigu,North East,2022-11-20,0.3503147979623268,0.0,33.57142857142857,21.2,44.142857142857146,45.54,37.62674163549997,-0.0602467548634433,-0.025,-45.54,-0.7952388598280709,0,8,6,0.0756194733036239,0.3,0.1653716839821743,0,0.43725696206092834,0.2651505741458209,0
Nalerigu,North East,2022-11-27,0.3151055377676139,0.0,34.042857142857144,21.928571428571427,35.57142857142857,46.89,37.09223162842403,-0.0482956766501799,-0.025,-46.89,-0.8464405015209423,0,8,6,0.0187246940187313,0.0,0.0112348164112388,0,0.32140082120895386,0.13605020609107404,0
Nalerigu,North East,2022-12-04,0.2984271886136321,0.0,33.55714285714286,21.514285714285712,50.0,38.83,36.653230314363896,-0.0319198718458402,-0.025,-38.83,-0.8118517053024633,0,8,6,0.0,0.0,0.0,0,0.41494491696357727,0.16597796678543092,0
Nalerigu,North East,2022-12-11,0.2330376916117552,0.0,34.5,22.685714285714287,29.285714285714285,49.38,37.1402655918327,-0.0661836123770767,0.0,-49.38,-0.8965346201821875,0,8,6,0.1146970519377399,0.3,0.1888182311626439,0,0.16516126692295074,0.17194332754427627,0
Nalerigu,North East,2022-12-18,0.2368555441660597,0.0,34.542857142857144,21.042857142857144,27.285714285714285,48.96,35.23479379359159,-0.0340009463737055,0.0,-48.96,-0.9256709953218916,0,8,6,0.0,0.0,0.0,0,0.12003371119499207,0.04801348447799683,0
Nalerigu,North East,2022-12-25,0.2406733967203642,0.0,31.728571428571428,20.65714285714285,22.714285714285715,51.97,33.32932199535048,-0.0115750585575885,0.0,-51.97,-0.9689495876346682,0,8,6,0.0,0.0,0.0,0,0.16684533655643463,0.06673813462257386,0
Nalerigu,North East,2023-01-01,0.2444912492746687,0.0,32.45714285714286,20.385714285714283,24.0,52.86,34.51737642777712,0.0057267788314567,0.0,-52.86,-1.0884768809709389,0,8,6,0.0344113521715772,0.4,0.1806468113029464,0,0.21545642614364624,0.1799471113260894,0
Nalerigu,North East,2023-01-08,0.1674448249667671,0.0,33.42857142857143,20.585714285714285,23.857142857142858,50.94,34.89540243101179,-0.0549214288151978,0.0,-50.94,-1.101767157350453,1,8,6,0.9971835019830086,0.7,0.8783101011898051,1,0.21639706194400787,0.6254322255708067,0
Nalerigu,North East,2023-01-15,0.2122522880481035,0.0,33.57142857142857,21.085714285714285,19.857142857142858,53.27,35.273428434246455,-0.0039631517043723,0.0,-53.27,-1.138485805552828,0,8,6,0.0,0.4,0.16,0,0.19023147225379944,0.15609258890151978,0
Nalerigu,North East,2023-01-22,0.2524224091924144,0.0,34.7,21.4,21.142857142857142,51.3,36.96501036086136,0.0332697163219259,0.0,-51.3,-1.1327778022359858,0,8,6,0.0044594594594594,0.4,0.1626756756756757,0,0.17234398424625397,0.15072137748228537,0
Nalerigu,North East,2023-01-29,0.2427897557793703,0.0,35.885714285714286,22.071428571428573,28.0,49.33,39.10462473466066,0.0240624362827064,0.0,-49.33,-1.1027042922233672,0,8,6,0.0235714364300217,0.5,0.214142861858013,0,0.15657685697078705,0.1720593173603235,0
Nalerigu,North East,2023-02-05,0.2137403245126787,0.0,36.971428571428575,23.442857142857143,22.0,55.52,38.12295587789339,-0.016560869870463,0.0,-55.52,-1.1417231805683508,0,8,6,0.0,0.5,0.2,0,0.15076664090156555,0.16030665636062624,0
Nalerigu,North East,2023-02-12,0.2235635016254835,0.0,36.785714285714285,24.285714285714285,24.571428571428573,54.27,37.24867962195492,-0.0095654961520032,0.0,-54.27,-1.150242588503937,0,8,6,0.0,0.4,0.16,0,0.13966108858585358,0.13586443543434146,0
Nalerigu,North East,2023-02-19,0.226441162392518,0.0,34.98571428571429,22.8,17.714285714285715,62.16,37.53512988982124,-0.0001925236849946,0.0,-62.16,-1.2427633586844005,0,8,6,0.0,0.4,0.16,0,0.11730250716209412,0.12692100286483765,0
Nalerigu,North East,2023-02-26,0.1908093224811327,0.0,37.62857142857143,23.97142857142857,26.0,55.63,41.45516274133234,-0.0228292552718205,0.0,-55.63,-1.2964356286785914,0,8,6,0.0,0.5,0.2,0,0.15246126055717468,0.1609845042228699,0
Nalerigu,North East,2023-03-05,0.2297736659120683,0.0,37.885714285714286,25.5,54.57142857142857,46.27,41.2227256646114,0.0121267528092676,0.0,-46.27,-1.2176311052744215,0,8,6,0.0281136478761044,0.5,0.2168681887256626,0,0.1742149144411087,0.18093142492688524,0
Nalerigu,North East,2023-03-12,0.2380875818700942,1.3,38.2,26.24285714285714,57.0,47.15,40.99028858789046,0.0168096487061409,0.975,-45.85,-1.1458976904567884,0,8,6,0.0227681602557689,0.5,0.2136608961534613,0,0.09235552698373795,0.14604947489580275,0
Nalerigu,North East,2023-03-19,0.2464014978281202,0.9,37.41428571428571,24.61428571428572,54.285714285714285,48.43,43.31255685838465,0.0201334808052663,0.35,-47.53,-1.0212587523591656,0,8,6,0.042574777455444,0.5,0.2255448664732664,0,0.03755635768175125,0.13205245405487812,0
Nalerigu,North East,2023-03-26,0.2547154137861461,8.1,35.48571428571429,24.857142857142858,70.0,38.72,38.27848958859812,0.0124708739370389,5.525,-30.62,-0.8081883598901614,0,8,6,0.0,0.1,0.04,0,0.04867416247725487,0.03946966499090195,0
Nalerigu,North East,2023-04-02,0.2630293297441721,5.0,37.08571428571429,25.585714285714285,65.42857142857143,42.71,35.24592135853641,0.0124708739370388,1.1750000000000005,-37.71,-0.7352622279615459,0,8,6,0.0,0.0,0.0,0,0.0401725135743618,0.01606900542974472,0
Nalerigu,North East,2023-04-09,0.3045706734963036,16.9,37.55714285714286,25.885714285714283,68.42857142857143,45.24,39.45344334377848,0.037391444782618,9.175,-28.340000000000003,-0.5860873950094361,0,8,6,0.0,0.1,0.04,0,0.019304664805531502,0.027721865922212603,0
Nalerigu,North East,2023-04-16,0.3461120172484352,7.4,38.457142857142856,25.6,71.42857142857143,46.67,40.18824016981716,0.0540051586796709,-1.9499999999999995,-39.27,-0.5157170854614963,0,8,6,0.0,0.1,0.04,0,0.00702923396602273,0.022811693586409096,0
Nalerigu,North East,2023-04-23,0.3381721592984231,22.2,35.8,25.9,76.28571428571429,42.58,35.90568609117554,0.0252011143515896,9.325,-20.38,-0.4284783482010963,0,8,6,0.0,0.0,0.0,0,0.00635814294219017,0.002543257176876068,0
Nalerigu,North East,2023-04-30,0.330232301348411,11.5,34.08571428571428,24.557142857142857,83.71428571428571,35.67,35.77451202870719,0.0004605135005177,-3.0,-24.17,-0.3131255647532628,0,8,6,0.0,0.0,0.0,0,0.003677746746689081,0.0014710986986756327,0
Nalerigu,North East,2023-05-07,0.3222924433983988,16.2,34.82857142857143,24.857142857142858,82.28571428571429,38.92,35.643337966238846,-0.0119097869250181,1.875,-22.72,-0.2652464921552698,0,8,6,0.0,0.0,0.0,0,0.0020634797401726246,0.0008253918960690499,0
Nalerigu,North East,2023-05-14,0.3143525854483867,19.5,35.128571428571426,25.7,82.85714285714286,38.94,36.06905262611315,-0.0119097869250182,2.1499999999999986,-19.44,-0.0963066327926008,0,8,6,0.0,0.0,0.0,0,0.0013289251364767551,0.0005315700545907021,0
Nalerigu,North East,2023-05-21,0.3064127274983746,18.3,32.84285714285714,24.885714285714283,86.42857142857143,34.74,36.748107752956685,-0.0119097869250181,1.9250000000000007,-16.44,-0.0627401655263921,0,8,6,0.0,0.0,0.0,0,0.0007204146822914481,0.00028816587291657925,0
Nalerigu,North East,2023-05-28,0.3250116374131669,4.2,34.27142857142857,25.285714285714285,86.42857142857143,38.07,36.65779945415932,0.0079942889735851,-10.35,-33.87,-0.1453784225015757,0,8,6,0.0,0.2,0.08,0,0.0004870688426308334,0.04019482753705234,0
Nalerigu,North East,2023-06-04,0.3376095870309774,5.5,34.17142857142857,25.61428571428572,80.71428571428571,38.19,35.51224250856893,0.0167629526832509,-6.375,-32.69,-0.2303169196193674,0,8,6,0.0,0.0,0.0,0,0.00039863315760158,0.00015945326304063202,0
Nalerigu,North East,2023-06-11,0.3502075366487879,16.4,33.614285714285714,24.32857142857143,85.71428571428571,38.43,31.747237229548205,0.0203971645009611,5.299999999999999,-22.03,-0.252382186172535,0,8,6,0.0,0.0,0.0,0,0.0006352024502120912,0.0002540809800848365,0
Nalerigu,North East,2023-06-18,0.3628054862665983,34.1,31.214285714285715,23.942857142857143,89.14285714285714,29.52,31.91372324052054,0.0188969244267157,19.05,4.580000000000002,-0.0733042313665187,0,8,6,0.0,0.0,0.0,0,0.0013511690776795149,0.000540467631071806,0
Nalerigu,North East,2023-06-25,0.3754034358844088,26.8,30.38571428571429,23.1,94.0,27.76,31.90039615361968,0.0188969244267157,6.100000000000001,-0.9600000000000044,0.2070694837936144,0,8,6,0.0,0.0,0.0,0,0.0007388329249806702,0.0002955331699922681,0
Nalerigu,North East,2023-07-02,0.3880013855022193,43.9,29.37142857142857,22.428571428571427,96.42857142857144,24.54,31.887069066718823,0.0188969244267157,13.6,19.36,0.6505046668408624,0,8,6,0.0,0.0,0.0,0,0.00020321256306488067,8.128502522595227e-05,0
Nalerigu,North East,2023-07-09,0.4005993351200298,13.9,30.75714285714286,23.15714285714285,96.14285714285714,27.61,32.07448381452326,0.0188969244267157,-15.775,-13.71,0.7213861408649374,0,8,6,0.0,0.2,0.08,0,7.460509368684143e-05,0.04002984203747474,0
Nalerigu,North East,2023-07-16,0.4131972847378403,29.6,29.642857142857142,22.97142857142857,94.57142857142856,25.73,31.22936179486601,0.0188969244267157,1.0500000000000045,3.870000000000005,0.7153373612306714,0,8,6,0.0,0.0,0.0,0,5.2340939873829484e-05,2.0936375949531794e-05,0
Nalerigu,North East,2023-07-23,0.4257952343556508,46.0,29.75714285714286,22.7,96.57142857142856,25.14,29.293323394495246,0.0188969244267157,12.650000000000006,20.86,0.9012308423851566,0,8,6,0.0,0.0,0.0,0,5.408675133367069e-05,2.1634700533468277e-05,0
Nalerigu,North East,2023-07-30,0.4383931839734613,36.2,29.4,22.62857142857143,96.85714285714286,25.05,30.137007492552414,0.0188969244267157,4.775000000000006,11.150000000000002,0.831286503233996,0,8,6,0.0,0.0,0.0,0,4.9034544645110145e-05,1.961381785804406e-05,0
Nalerigu,North East,2023-08-06,0.4509911335912718,58.8,28.77142857142857,22.571428571428573,97.0,22.8,30.98069159060958,0.0188969244267157,16.15,36.0,1.2547862717119729,0,8,6,0.0,0.0,0.0,0,4.667243774747476e-05,1.8668975098989907e-05,0
Nalerigu,North East,2023-08-13,0.4635890832090822,75.7,27.557142857142857,22.17142857142857,98.28571428571428,20.74,30.662413531093176,0.0188969244267157,21.52500000000001,54.96,1.6900428231410585,0,8,6,0.0,0.0,0.0,0,3.110924080829136e-05,1.2443696323316545e-05,0
Nalerigu,North East,2023-08-20,0.4761870328268928,42.2,27.97142857142857,22.02857142857143,97.57142857142856,24.27,30.344135471576767,0.0188969244267157,-11.025000000000006,17.929999999999996,1.6650809578897916,0,8,6,0.0,0.2,0.08,0,2.4977542125270702e-05,0.04000999101685011,0
Nalerigu,North East,2023-08-27,0.4887849824447032,77.9,28.942857142857143,22.75714285714286,97.71428571428572,24.17,30.02585741206036,0.0188969244267157,14.250000000000009,53.73,2.0278373477870404,0,8,6,0.0,0.0,0.0,0,2.278419560752809e-05,9.113678243011237e-06,0
Nalerigu,North East,2023-09-03,0.5013829320625137,55.4,28.3,22.24285714285714,98.0,22.81,26.69616257749061,0.0188969244267157,-7.400000000000006,32.59,1.9987861667266928,0,8,6,0.0,0.0,0.0,0,2.0273799236747436e-05,8.109519694698976e-06,0
Nalerigu,North East,2023-09-10,0.5139808816803242,38.2,28.857142857142858,22.457142857142856,96.28571428571428,27.21,30.13101915495804,0.0188969244267156,-15.224999999999994,10.990000000000002,1.6241877997989789,0,8,6,0.0,0.2,0.08,0,2.0081930415472016e-05,0.0400080327721662,0
Nalerigu,North East,2023-09-17,0.5265788312981348,45.0,28.24285714285714,22.728571428571428,98.14285714285714,23.02,32.56432762288665,0.0188969244267157,-9.125,21.98,1.658691401938102,0,8,6,0.0,0.0,0.0,0,2.1354520868044347e-05,8.541808347217738e-06,0
Nalerigu,North East,2023-09-24,0.5391767809159452,32.7,29.25714285714286,21.885714285714283,98.28571428571428,28.4,28.977777721621408,0.0188969244267157,-10.125000000000009,4.299999999999997,1.2375770676820892,0,8,6,0.0,0.2,0.08,0,2.1055298930150457e-05,0.04000842211957207,0
Nalerigu,North East,2023-10-01,0.5517747305337557,23.7,30.357142857142858,22.857142857142858,96.0,30.41,28.55222562411683,0.0188969244267157,-11.2,-6.710000000000001,0.902764335813562,0,8,6,0.0,0.2,0.08,0,2.604789005999919e-05,0.040010419156024005,0
Nalerigu,North East,2023-10-08,0.5417314434263685,82.4,28.928571428571427,22.25714285714286,98.42857142857144,24.34,28.49968353825284,0.0019159968828174,36.45,58.06,1.3037728673415918,0,8,6,0.0,0.0,0.0,0,3.433554957155138e-05,1.3734219828620553e-05,0
Nalerigu,North East,2023-10-15,0.5316881563189811,25.9,30.414285714285715,22.52857142857143,96.42857142857144,29.09,29.75575554654484,-0.0094046214797814,-15.275000000000006,-3.1900000000000013,1.089339369602894,0,8,6,0.0,0.2,0.08,0,3.49039510183502e-05,0.04001396158040735,0
Nalerigu,North East,2023-10-22,0.5216448692115938,15.5,30.91428571428571,22.785714285714285,93.85714285714286,30.41,31.011827554836827,-0.0150649306610809,-21.375,-14.91,0.925681543160288,0,8,6,0.0,0.2,0.08,0,3.6675268347607926e-05,0.04001467010733905,0
Nalerigu,North East,2023-10-29,0.5116015821042066,0.0,32.18571428571429,22.585714285714285,87.71428571428571,34.07,33.43774512281385,-0.0150649306610809,-30.950000000000003,-34.07,0.6925905420426569,0,8,6,0.0,0.2,0.08,0,3.528921661200002e-05,0.040014115686644806,0
Nalerigu,North East,2023-11-05,0.4583199175523968,0.1,33.22857142857143,23.485714285714288,81.85714285714286,34.88,34.04014757909624,-0.0474937137443977,-10.275,-34.78,-0.0983512906971414,0,8,6,0.0,0.2,0.08,0,5.332443106453866e-05,0.040021329772425826,0
Nalerigu,North East,2023-11-12,0.4048007013364965,0.5,33.07142857142857,23.557142857142857,83.14285714285714,33.42,35.729887294046364,-0.0692910662146769,-3.5250000000000004,-32.92,-0.3516332886221113,0,8,6,0.0482465226030799,0.3,0.1489479135618479,0,0.0026991679333150387,0.08037827621455798,0
Nalerigu,North East,2023-11-19,0.3836371471054171,0.0,33.72857142857143,22.857142857142858,62.57142857142857,40.74,37.54044526432818,-0.055952689919212,-0.15,-40.74,-0.5716895955982961,0,8,6,0.06008044891338,0.3,0.156048269348028,0,0.03816365823149681,0.09929764285795073,0
Nalerigu,North East,2023-11-26,0.3624735928743377,20.5,33.457142857142856,23.428571428571427,68.14285714285714,35.69,37.05080865258276,-0.0398342468428242,15.225,-15.189999999999998,-0.4108431737744335,0,8,6,0.0,0.0,0.0,0,0.10402637720108032,0.04161055088043213,0
Nalerigu,North East,2023-12-03,0.3413100386432584,0.2,34.457142857142856,23.11428571428572,71.14285714285714,36.79,37.05177853027397,-0.031745331346619,-5.1,-36.59,-0.4262633021378439,0,8,6,0.0,0.0,0.0,0,0.041898615658283234,0.016759446263313296,0
Nalerigu,North East,2023-12-10,0.3563797339934783,0.0,33.6,20.714285714285715,50.0,42.38,35.76458619731122,-0.0045703941606445,-5.175,-42.38,-0.506856901208487,0,8,6,0.0,0.0,0.0,0,0.019436651840806007,0.007774660736322403,0
Nalerigu,North East,2023-12-17,0.3542446950318267,0.0,32.457142857142856,20.4,31.428571428571427,47.71,34.47739386434847,0.0006426798961014,-5.175,-47.71,-0.5662371745195209,0,8,6,0.0,0.0,0.0,0,0.041155628859996796,0.016462251543998718,0
Nalerigu,North East,2023-12-24,0.298072620699822,0.0,33.18571428571429,21.142857142857142,24.571428571428573,51.82,35.44430329525915,-0.0394291513922743,-0.05,-51.82,-0.8783030872000338,0,8,6,0.0,0.0,0.0,0,0.3319365978240967,0.1327746391296387,0
Nalerigu,North East,2023-12-31,0.2921094736021661,0.0,32.98571428571429,19.97142857142857,24.428571428571427,48.58,35.92702441119974,-0.0330921572296571,0.0,-48.58,-0.9804507883477092,0,8,6,0.0,0.0,0.0,0,0.8244353532791138,0.3297741413116455,0
Sefwi Wiawso,Western North,2022-01-02,0.6321283676703862,2.4,34.05,23.15,99.0,8.04,25.451713188187966,0.0,0.0,-5.639999999999999,-0.5613096911915446,0,9,14,0.0,0.0,0.0,0,0.0,0.0,0
Sefwi Wiawso,Western North,2022-01-09,0.6321283676703862,2.8,34.885714285714286,23.5,98.14285714285714,30.01,25.660796446758297,0.0,0.2000000000000001,-27.21,-0.8470649335547203,0,9,14,0.0,0.0,0.0,0,0.0,0.0,0
Sefwi Wiawso,Western North,2022-01-16,0.6321283676703862,0.2,35.285714285714285,22.928571428571427,96.0,31.21,26.135313056773583,0.0,-1.6,-31.01,-1.1727271924919522,0,9,14,0.0099080459770114,0.4,0.1659448275862069,0,0.0,0.08396321839080458,0
Sefwi Wiawso,Western North,2022-01-23,0.6321283676703862,0.3,34.55714285714286,21.457142857142856,96.0,33.61,26.60982966678887,0.0,-1.1249999999999998,-33.31,-1.522543698302955,0,9,14,0.0049080459770114,0.4,0.1629448275862069,0,0.0,0.08196321839080457,0
Sefwi Wiawso,Western North,2022-01-30,0.6041683142345219,0.0,35.57142857142857,21.685714285714287,96.71428571428572,36.11,26.95857428069609,-0.0209700400768981,-0.825,-36.11,-1.842534960148084,0,9,14,0.0092830459770114,0.4,0.1655698275862069,0,0.9987688660621643,0.48322076481567033,0
Sefwi Wiawso,Western North,2022-02-06,0.6045689024940136,5.6000000000000005,35.3,22.3,97.71428571428572,33.22,27.60963128166896,-0.0136795855233132,4.075,-27.62,-1.846840717199496,0,9,14,0.004375,0.4,0.162625,0,0.9995393753051758,0.4815657501220703,0
Sefwi Wiawso,Western North,2022-02-13,0.6049694907535055,13.4,35.471428571428575,24.17142857142857,93.42857142857144,31.13,27.725400495699148,-0.0064892780346013,8.575,-17.73,-1.707376196119636,0,9,14,0.0,0.4,0.16,0,0.9970130920410156,0.4788052368164063,0
Sefwi Wiawso,Western North,2022-02-20,0.6053700790129972,49.3,34.31428571428571,23.61428571428572,96.71428571428572,28.24,27.48207377383017,0.0006008823892376,32.224999999999994,21.059999999999995,-1.1363908037166277,0,9,14,0.0,0.4,0.16,0,0.5427410006523132,0.2970964002609253,0
Sefwi Wiawso,Western North,2022-02-27,0.6057706672724891,8.8,33.91428571428571,23.942857142857143,95.57142857142856,28.81,28.08329579167344,0.0006008823892377,-10.474999999999998,-20.01,-0.9673110756002316,0,9,14,0.0,0.2,0.08,0,0.013044748455286026,0.045217899382114415,0
Sefwi Wiawso,Western North,2022-03-06,0.6061712555319808,26.4,33.67142857142857,23.47142857142857,95.71428571428572,30.02,28.684517809516706,0.0006008823892377,1.9249999999999967,-3.620000000000001,-0.7152667603956665,0,9,14,0.0,0.0,0.0,0,0.006005144212394953,0.0024020576849579814,0
Sefwi Wiawso,Western North,2022-03-13,0.6065718437914727,12.4,33.75714285714286,24.414285714285715,95.71428571428572,27.48,27.91726887392045,0.0006008823892377,-11.824999999999998,-15.08,-0.6874368672584958,0,9,14,0.0,0.2,0.08,0,0.0039009025786072016,0.04156036103144289,0
Sefwi Wiawso,Western North,2022-03-20,0.6069724320509644,38.7,32.98571428571429,23.6,96.85714285714286,27.15,27.150019938324192,0.0006008823892376,17.125,11.550000000000004,-0.7873094271583048,0,9,14,0.0,0.0,0.0,0,0.004786089528352022,0.001914435811340809,0
Sefwi Wiawso,Western North,2022-03-27,0.6073730203104563,92.0,33.214285714285715,23.414285714285715,97.85714285714286,26.9,25.466925575101527,0.0006008823892377,49.625,65.1,0.1065027256358844,0,9,14,0.0,0.0,0.0,0,0.00367741659283638,0.0014709666371345521,0
Sefwi Wiawso,Western North,2022-04-03,0.607773608569948,13.5,32.81428571428571,24.38571428571429,96.0,28.23,25.69471287248893,0.0006008823892377,-25.65000000000001,-14.73,-0.0101727886108955,0,9,14,0.0,0.2,0.08,0,0.00022829284716863185,0.04009131713886746,0
Sefwi Wiawso,Western North,2022-04-10,0.6081741968294399,28.6,33.871428571428574,23.74285714285714,97.0,30.93,25.922500169876344,0.0006008823892377,-14.6,-2.3299999999999983,0.1237257538415298,0,9,14,0.009125159642401,0.2,0.0854750957854406,0,7.286336767720059e-05,0.04367920920403129,0
Sefwi Wiawso,Western North,2022-04-17,0.6085747850889316,48.6,32.32857142857143,23.6,97.0,26.64,28.010699528677435,0.0006008823892376,2.924999999999997,21.96,0.2330499755615099,0,9,14,0.0,0.0,0.0,0,4.949806316290051e-05,1.9799225265160205e-05,0
Sefwi Wiawso,Western North,2022-04-24,0.6089753733484234,73.9,31.728571428571428,23.228571428571428,97.85714285714286,27.9,28.3544453862454,0.0006008823892377,32.75,46.00000000000001,0.0324647080445435,0,9,14,0.0,0.0,0.0,0,6.297603977145627e-05,2.519041590858251e-05,0
Sefwi Wiawso,Western North,2022-05-01,0.6093759616079152,24.0,31.885714285714283,22.914285714285715,98.28571428571428,27.66,23.14016759776541,0.0006008823892377,-19.77500000000001,-3.66,0.1487201484326493,0,9,14,0.0,0.2,0.08,0,9.383166616316885e-05,0.04003753266646527,0
Sefwi Wiawso,Western North,2022-05-08,0.609776549867407,51.9,31.957142857142856,23.12857142857143,98.71428571428572,27.45,23.948193634948296,0.0006008823892377,2.29999999999999,24.45,0.4299595968150764,0,9,14,0.0,0.0,0.0,0,4.733334935735911e-05,1.8933339742943647e-05,0
Sefwi Wiawso,Western North,2022-05-15,0.6101771381268988,76.7,31.557142857142857,23.17142857142857,98.42857142857144,24.23,24.75621967213118,0.0006008823892376,20.075000000000003,52.47,0.7503709325188798,0,9,14,0.0,0.0,0.0,0,3.7642941606463864e-05,1.5057176642585546e-05,0
Sefwi Wiawso,Western North,2022-05-22,0.6105777263863905,120.9,30.65714285714285,23.02857142857143,98.57142857142856,23.06,27.11259110516147,0.0006008823892376,52.525000000000006,97.84,1.2947866533607406,0,9,14,0.0,0.0,0.0,0,3.653148814919405e-05,1.4612595259677619e-05,0
Sefwi Wiawso,Western North,2022-05-29,0.6109783146458824,40.3,30.4,21.82857142857143,99.0,25.0,27.648159074533567,0.0006008823892377,-32.150000000000006,15.299999999999995,1.4939016623723471,0,9,14,0.0,0.2,0.08,0,2.835125633282587e-05,0.04001134050253314,0
Sefwi Wiawso,Western North,2022-06-05,0.6113789029053741,40.6,31.014285714285712,22.5,98.71428571428572,26.82,25.680054851522584,0.0006008823892377,-29.02500000000001,13.779999999999994,1.381846960570984,0,9,14,0.0,0.2,0.08,0,2.113055052177515e-05,0.04000845222020872,0
Sefwi Wiawso,Western North,2022-06-12,0.611779491164866,68.3,29.914285714285715,21.957142857142856,98.57142857142856,23.7,27.26758540732726,0.0006008823892377,0.7749999999999915,44.6,1.2991974288768202,0,9,14,0.0,0.0,0.0,0,1.9955738025601022e-05,7.982295210240409e-06,0
Sefwi Wiawso,Western North,2022-06-19,0.6121800794243577,100.0,28.942857142857143,21.82857142857143,97.57142857142856,20.79,24.16898734177221,0.0006008823892376,37.7,79.21000000000001,1.1035480291992767,0,9,14,0.0,0.0,0.0,0,2.085398773488123e-05,8.341595093952493e-06,0
Sefwi Wiawso,Western North,2022-06-26,0.6125806676838496,48.1,28.914285714285715,21.67142857142857,98.42857142857144,20.08,25.19240986132513,0.0006008823892377,-16.15,28.020000000000003,1.237131516257696,0,9,14,0.0,0.2,0.08,0,2.619706174300518e-05,0.04001047882469721,0
Sefwi Wiawso,Western North,2022-07-03,0.6129812559433413,122.1,27.914285714285715,21.785714285714285,98.14285714285714,18.03,24.120954105580097,0.0006008823892377,37.47500000000001,104.07,2.185343233750204,0,9,14,0.0,0.0,0.0,0,2.234290150227025e-05,8.9371606009081e-06,0
Sefwi Wiawso,Western North,2022-07-10,0.6133818442028331,44.0,28.74285714285714,21.785714285714285,98.28571428571428,23.04,23.049498349835066,0.0006008823892377,-34.55000000000001,20.96,1.937079583273708,0,9,14,0.0,0.2,0.08,0,1.9363149476703256e-05,0.040007745259790686,0
Sefwi Wiawso,Western North,2022-07-17,0.6137824324623249,22.7,28.67142857142857,21.842857142857145,96.85714285714286,21.64,23.968865248226905,0.0006008823892376,-36.525000000000006,1.0599999999999987,1.1163602818888425,0,9,14,0.0,0.2,0.08,0,1.9059212718275376e-05,0.04000762368508732,0
Sefwi Wiawso,Western North,2022-07-24,0.6141830207218167,4.0,29.17142857142857,20.32857142857143,93.85714285714286,27.8,24.74753598298986,0.0006008823892377,-44.2,-23.8,0.5721545979763185,0,9,14,0.0044594594594594,0.2,0.0826756756756756,0,2.05550531973131e-05,0.04179200580506269,0
Sefwi Wiawso,Western North,2022-07-31,0.6145836089813085,10.1,29.414285714285715,21.285714285714285,94.85714285714286,26.22,25.80861832395988,0.0006008823892377,-10.1,-16.119999999999997,-0.6900623288752099,0,9,14,0.0,0.2,0.08,0,2.28015396714909e-05,0.0400091206158686,0
Sefwi Wiawso,Western North,2022-08-07,0.6149841972408003,13.0,28.82857142857143,20.085714285714285,95.71428571428572,24.83,23.662161383285365,0.0006008823892377,0.5500000000000007,-11.829999999999998,-1.0344178745234471,0,9,14,0.005,0.4,0.163,0,0.00031194803887046874,0.0821247792155482,0
Sefwi Wiawso,Western North,2022-08-14,0.6153847855002921,7.6,29.82857142857143,21.885714285714283,94.0,26.31,24.358141069001192,0.0006008823892376,-1.075000000000001,-18.71,-1.2420393791732078,0,9,14,0.0095965909090909,0.4,0.1657579545454545,0,0.022702142596244812,0.0929194934021343,0
Sefwi Wiawso,Western North,2022-08-21,0.6157853737597839,9.8,28.7,21.17142857142857,96.28571428571428,24.65,25.05412075471702,0.0006008823892377,-0.3249999999999993,-14.849999999999998,-1.1480478532948386,0,9,14,0.0095965909090909,0.4,0.1657579545454545,0,0.07563843578100204,0.1140940106760372,0
Sefwi Wiawso,Western North,2022-08-28,0.6161859620192757,29.0,27.914285714285715,21.714285714285715,95.0,21.27,24.874410892822453,0.0006008823892377,14.15,7.73,-0.897578815060302,0,9,14,0.0,0.0,0.0,0,0.09069578349590302,0.036278313398361205,0
Sefwi Wiawso,Western North,2022-09-04,0.6165865502787675,43.7,28.97142857142857,21.785714285714285,98.14285714285714,22.51,24.694701030927888,0.0006008823892377,21.175000000000004,21.190000000000005,-0.5508078447246877,0,9,14,0.0,0.0,0.0,0,0.02264372631907463,0.009057490527629853,0
Sefwi Wiawso,Western North,2022-09-11,0.6169871385382593,19.5,28.97142857142857,22.014285714285712,96.42857142857144,23.8,26.38166666666672,0.0006008823892376,-6.0,-4.300000000000001,-0.39947623713728,0,9,14,0.0,0.0,0.0,0,0.0020051549654453993,0.0008020619861781597,0
Sefwi Wiawso,Western North,2022-09-18,0.617387726797751,84.8,29.057142857142857,22.0,97.71428571428572,22.37,24.93210526315795,0.0006008823892376,40.55,62.42999999999999,0.4121064578214197,0,9,14,0.0,0.0,0.0,0,0.00046404049498960376,0.0001856161979958415,0
Sefwi Wiawso,Western North,2022-09-25,0.6177883150572429,79.7,28.571428571428573,22.11428571428572,97.71428571428572,21.3,25.32271742167069,0.0006008823892377,22.77500000000001,58.400000000000006,0.944235018297058,0,9,14,0.0,0.0,0.0,0,9.470839722780511e-05,3.7883358891122044e-05,0
Sefwi Wiawso,Western North,2022-10-02,0.6181889033167346,80.1,27.2,21.74285714285714,98.28571428571428,16.76,25.713329580183427,0.0006008823892377,14.074999999999989,63.33999999999999,1.3868878468750756,0,9,14,0.0,0.0,0.0,0,3.826872489298694e-05,1.5307489957194775e-05,0
Sefwi Wiawso,Western North,2022-10-09,0.6185894915762264,26.9,29.214285714285715,21.928571428571427,98.71428571428572,22.2,25.605053478816387,0.0006008823892377,-40.975,4.699999999999999,1.4814044650767877,0,9,14,0.0,0.2,0.08,0,2.4417713575530797e-05,0.04000976708543022,0
Sefwi Wiawso,Western North,2022-10-16,0.6189900798357182,59.6,29.442857142857143,21.3,98.71428571428572,25.08,26.51014986752368,0.0006008823892376,-1.9750000000000008,34.52,1.1882979301868115,0,9,14,0.0,0.0,0.0,0,2.0124030925217085e-05,8.049612370086834e-06,0
Sefwi Wiawso,Western North,2022-10-23,0.61939066809521,45.1,29.87142857142857,22.042857142857144,99.42857142857144,24.65,27.41524625623096,0.0006008823892377,-7.824999999999996,20.450000000000003,0.7897528567695931,0,9,14,0.0,0.0,0.0,0,2.1272991943988018e-05,8.509196777595208e-06,0
Sefwi Wiawso,Western North,2022-10-30,0.6197912563547018,52.1,30.32857142857143,22.057142857142857,98.85714285714286,27.65,28.32034264493825,0.0006008823892377,6.174999999999997,24.45,0.3813360476735291,0,9,14,0.0,0.0,0.0,0,2.528423283365555e-05,1.0113693133462221e-05,0
Sefwi Wiawso,Western North,2022-11-06,0.6201918446141936,34.5,30.342857142857145,22.214285714285715,99.0,25.99,27.280257162160183,0.0006008823892377,-13.325000000000005,8.509999999999998,0.4213480827122537,0,9,14,0.0,0.2,0.08,0,3.4371358196949586e-05,0.040013748543278785,0
Sefwi Wiawso,Western North,2022-11-13,0.6205924328736854,42.5,29.61428571428572,21.914285714285715,99.28571428571428,22.03,27.790799312570243,0.0006008823892376,-1.0500000000000045,20.47,0.2737971398529146,0,9,14,0.0,0.0,0.0,0,3.369086334714666e-05,1.3476345338858664e-05,0
Sefwi Wiawso,Western North,2022-11-20,0.6209930211331772,8.9,30.514285714285712,22.1,99.0,27.48,25.81138998612153,0.0006008823892377,-25.60000000000001,-18.58,-0.1360899277485095,0,9,14,0.0,0.2,0.08,0,4.6086723159532994e-05,0.04001843468926382,0
Sefwi Wiawso,Western North,2022-11-27,0.621393609392669,6.8,30.87142857142857,22.15714285714285,99.14285714285714,27.49,26.883561364643526,0.0006008823892377,-16.374999999999996,-20.69,-0.6101432772624291,0,9,14,0.0,0.2,0.08,0,8.05892632342875e-05,0.040032235705293726,0
Sefwi Wiawso,Western North,2022-12-04,0.6217941976521608,57.4,29.9,21.9,99.28571428571428,22.13,27.077776289488384,0.0006008823892377,28.5,35.27,-0.329113865809339,0,9,14,0.0,0.0,0.0,0,0.0004473250301089138,0.00017893001204356552,0
Sefwi Wiawso,Western North,2022-12-11,0.6221947859116526,4.8,31.057142857142857,22.3,99.0,25.98,26.524676708070785,0.0006008823892376,-14.675,-21.18,-0.7665157711539281,0,9,14,0.0,0.2,0.08,0,0.001285300008021295,0.040514120003208524,0
Sefwi Wiawso,Western North,2022-12-18,0.6225953741711444,16.3,31.357142857142858,22.7,98.57142857142856,25.23,26.61340792782332,0.0006008823892377,-5.024999999999999,-8.93,-0.6651729527487592,0,9,14,0.0,0.0,0.0,0,0.0016202597180381417,0.0006481038872152567,0
Sefwi Wiawso,Western North,2022-12-25,0.6229959624306362,0.6,31.4,20.5,97.57142857142856,28.1,26.70213914757585,0.0006008823892377,-19.175,-27.5,-0.7366905271880545,0,9,14,0.0,0.2,0.08,0,0.0014493087073788047,0.04057972348295153,0
Sefwi Wiawso,Western North,2023-01-01,0.6659403425057053,0.0,32.857142857142854,20.542857142857144,98.42857142857144,31.49,26.55158619643925,0.0325087262509207,-5.425000000000001,-31.49,-1.43779379731542,0,9,14,0.01,0.4,0.166,0,0.009099682793021202,0.0876398731172085,0
Sefwi Wiawso,Western North,2023-01-08,0.6608702949202699,0.0,33.55714285714286,20.15714285714285,89.0,32.38,26.49423161099176,0.0177698014133309,-4.2250000000000005,-32.38,-1.555414477744217,0,9,14,0.0337930340385362,0.4,0.1802758204231218,0,0.9095889925956726,0.45735281065368355,0
Sefwi Wiawso,Western North,2023-01-15,0.6558002473348346,0.2,33.785714285714285,23.47142857142857,97.85714285714286,30.21,26.43687702554428,0.004398535536973,0.0,-30.01,-1.7767934012655602,0,9,14,0.0138486842105263,0.4,0.1683092105263158,0,0.9997403025627136,0.48543559470929604,0
Sefwi Wiawso,Western North,2023-01-22,0.650730199749399,0.8999999999999999,34.128571428571426,23.542857142857144,96.57142857142856,29.94,27.15149862810199,-0.0076050713781531,0.6249999999999999,-29.04,-1.7929662448245196,0,9,14,0.0093161764705882,0.4,0.1655897058823529,0,0.9960105419158936,0.48213068735459275,0
Sefwi Wiawso,Western North,2023-01-29,0.6456601521639637,16.8,32.25714285714286,23.085714285714285,97.14285714285714,24.71,26.551248436295737,-0.0076050713781531,12.325,-7.91,-1.5453327051360346,0,9,14,0.0,0.4,0.16,0,0.8910595774650574,0.436423830986023,0
Sefwi Wiawso,Western North,2023-02-05,0.6405901045785283,11.9,34.128571428571426,23.542857142857144,97.57142857142856,30.75,26.71819974980741,-0.007605071378153,4.449999999999999,-18.85,-1.403242722439461,0,9,14,0.0,0.4,0.16,0,0.14297255873680115,0.13718902349472048,0
Sefwi Wiawso,Western North,2023-02-12,0.6355200569930929,26.8,33.0,23.228571428571428,97.57142857142856,29.67,27.51759827645037,-0.007605071378153,12.7,-2.870000000000001,-1.118222609328965,0,9,14,0.0,0.4,0.16,0,0.11219141632318497,0.12487656652927401,0
Sefwi Wiawso,Western North,2023-02-19,0.6374997645061736,4.1,34.1,23.24285714285714,95.71428571428572,33.37,26.19515332494172,-0.002317755054266,-10.8,-29.27,-1.1206380340163422,0,9,14,0.0188473818646232,0.6000000000000001,0.251308429118774,0,0.04876340925693512,0.14704431644862334,0
Sefwi Wiawso,Western North,2023-02-26,0.6394794720192545,21.6,35.51428571428571,24.442857142857143,94.14285714285714,32.82,26.434067429910726,0.0012071224949921,5.5,-11.22,-1.1553991458216382,0,9,14,0.0,0.4,0.16,0,0.07028937339782715,0.10811574935913087,0
Sefwi Wiawso,Western North,2023-03-05,0.6414591795323352,33.9,33.75714285714285,23.642857142857142,97.0,28.03,27.854622327558985,0.0029695612696212,12.299999999999995,5.869999999999997,-0.8957935011609363,0,9,14,0.0,0.0,0.0,0,0.07327128946781158,0.029308515787124637,0
Sefwi Wiawso,Western North,2023-03-12,0.643438887045416,33.5,32.628571428571426,23.728571428571428,96.57142857142856,24.86,29.275177225207244,0.0029695612696212,10.225,8.64,-0.7749172483274136,0,9,14,0.0,0.0,0.0,0,0.02588188461959362,0.010352753847837449,0
Sefwi Wiawso,Western North,2023-03-19,0.6454185945584967,1.9,33.34285714285714,23.47142857142857,97.14285714285714,32.07,27.164527404100284,0.0029695612696211,-20.825000000000003,-30.17,-0.7843689101475848,0,9,14,0.0,0.2,0.08,0,0.0031471787951886654,0.041258871518075474,0
Sefwi Wiawso,Western North,2023-03-26,0.6473983020715776,61.1,32.3,23.085714285714285,97.28571428571428,27.98,29.093809457463863,0.0029695612696212,28.500000000000007,33.120000000000005,-0.3187170378071506,0,9,14,0.0,0.0,0.0,0,0.0029055094346404076,0.001162203773856163,0
Sefwi Wiawso,Western North,2023-04-02,0.6493780095846583,63.900000000000006,32.871428571428574,23.31428571428572,98.0,28.55,27.27525101403853,0.0029695612696211,23.80000000000001,35.35000000000001,-0.0091226039642096,0,9,14,0.0,0.0,0.0,0,0.0013780009467154741,0.0005512003786861897,0
Sefwi Wiawso,Western North,2023-04-09,0.651357717097739,39.6,31.87142857142857,23.12857142857143,98.14285714285714,28.25,30.10910024463402,0.0029695612696211,-2.0249999999999986,11.35,0.0193373999609725,0,9,14,0.0,0.0,0.0,0,0.0002828847791533917,0.0001131539116613567,0
Sefwi Wiawso,Western North,2023-04-16,0.6533374246108199,36.4,32.75714285714286,23.61428571428572,98.28571428571428,29.3,28.03019026059109,0.0029695612696212,-13.85,7.100000000000001,0.4107412177807285,0,9,14,0.0,0.2,0.08,0,7.587226718897e-05,0.040030348906875596,0
Sefwi Wiawso,Western North,2023-04-23,0.6553171321239006,57.9,32.785714285714285,23.585714285714285,97.57142857142856,29.58,27.809582995152745,0.0029695612696211,8.450000000000003,28.32,0.3603323547398154,0,9,14,0.0,0.0,0.0,0,4.138742224313319e-05,1.6554968897253276e-05,0
Sefwi Wiawso,Western North,2023-04-30,0.6553171321239006,82.10000000000001,30.457142857142856,23.042857142857144,98.28571428571428,23.5,27.588975729714395,0.0014847806348106,28.10000000000001,58.60000000000001,0.6045002850942379,0,9,14,0.0,0.0,0.0,0,5.150460492586717e-05,2.060184197034687e-05,0
Sefwi Wiawso,Western North,2023-05-07,0.6553171321239006,43.3,32.042857142857144,23.357142857142858,98.42857142857144,30.1,27.368368464276045,0.0004949268782701,-11.625,13.199999999999996,0.6239287010579231,0,9,14,0.0,0.2,0.08,0,4.2819032387342304e-05,0.04001712761295494,0
Sefwi Wiawso,Western North,2023-05-14,0.6553171321239006,38.5,32.57142857142857,23.65714285714285,98.57142857142856,29.0,28.80929744607886,0.0,-16.950000000000003,9.5,0.6491331325783797,0,9,14,0.0,0.2,0.08,0,3.055393244721927e-05,0.040012221572978894,0
Sefwi Wiawso,Western North,2023-05-21,0.6553171321239006,59.3,31.0,23.542857142857144,98.71428571428572,23.78,26.801220346463765,0.0,3.499999999999993,35.52,0.724746427139749,0,9,14,0.0,0.0,0.0,0,2.6972438718075864e-05,1.0788975487230346e-05,0
Sefwi Wiawso,Western North,2023-05-28,0.6553171321239006,68.0,30.8,22.942857142857143,99.14285714285714,22.05,24.618774193548347,0.0,15.725,45.95,0.5918980693340095,0,9,14,0.0,0.0,0.0,0,2.907062844315078e-05,1.1628251377260314e-05,0
Sefwi Wiawso,Western North,2023-06-04,0.6553171321239006,27.4,30.65714285714285,22.728571428571428,98.71428571428572,24.09,26.29183729301656,0.0,-20.9,3.3100000000000023,0.488034807776795,0,9,14,0.0,0.2,0.08,0,3.5448621929390356e-05,0.04001417944877177,0
Sefwi Wiawso,Western North,2023-06-11,0.6553171321239006,108.5,29.12857142857143,22.61428571428572,98.28571428571428,20.02,26.431976274569024,0.0,42.7,88.48,1.3174706417291515,0,9,14,0.0,0.0,0.0,0,3.1222956749843433e-05,1.2489182699937375e-05,0
Sefwi Wiawso,Western North,2023-06-18,0.6553171321239006,7.6,29.81428571428572,21.785714285714285,93.85714285714286,26.15,25.384104166666702,0.0,-45.275,-18.55,0.7496358032662002,0,9,14,0.0044594594594594,0.2,0.0826756756756756,0,2.4972947358037345e-05,0.04179377296272698,0
Sefwi Wiawso,Western North,2023-06-25,0.6553171321239006,155.5,27.75714285714286,22.47142857142857,97.85714285714286,17.16,25.065556623931645,0.0,80.75,138.34,1.7199013983391074,0,9,14,0.0,0.0,0.0,0,2.725341619225219e-05,1.0901366476900877e-05,0
Sefwi Wiawso,Western North,2023-07-02,0.6553171321239006,25.8,28.685714285714287,22.071428571428573,96.71428571428572,22.35,24.74700908119659,0.0,-48.55000000000001,3.45,1.7213716568444672,0,9,14,0.0,0.2,0.08,0,2.335899625904858e-05,0.040009343598503624,0
Sefwi Wiawso,Western North,2023-07-09,0.6553171321239006,49.9,29.12857142857143,22.31428571428572,98.28571428571428,21.31,24.428461538461534,0.0,-9.800000000000004,28.59,1.0924160719444087,0,9,14,0.0,0.0,0.0,0,2.021659202000592e-05,8.086636808002369e-06,0
Sefwi Wiawso,Western North,2023-07-16,0.6553171321239006,85.89999999999999,28.82857142857143,22.085714285714285,98.14285714285714,20.8,25.35846635892426,0.0,6.624999999999986,65.1,1.970895528896987,0,9,14,0.0,0.0,0.0,0,2.220612259407062e-05,8.882449037628248e-06,0
Sefwi Wiawso,Western North,2023-07-23,0.6553171321239006,64.0,28.12857142857143,22.37142857142857,97.42857142857144,19.75,25.42748689972136,0.0,7.600000000000001,44.25,0.9827767948304228,0,9,14,0.0,0.0,0.0,0,1.8753034964902326e-05,7.501213985960931e-06,0
Sefwi Wiawso,Western North,2023-07-30,0.6553171321239006,39.6,28.82857142857143,22.77142857142857,97.71428571428572,20.4,25.496507440518453,0.0,-20.25,19.200000000000003,1.148180876683419,0,9,14,0.0,0.2,0.08,0,2.4909202693379484e-05,0.04000996368107736,0
Sefwi Wiawso,Western North,2023-08-06,0.6553171321239006,30.6,28.714285714285715,22.214285714285715,96.85714285714286,20.18,25.56552798131555,0.0,-24.425000000000004,10.420000000000002,0.9573623263806292,0,9,14,0.0,0.2,0.08,0,2.1514328182092868e-05,0.040008605731272844,0
Sefwi Wiawso,Western North,2023-08-13,0.6553171321239006,25.3,29.12857142857143,22.285714285714285,96.0,22.78,25.63454852211265,0.0,-14.575000000000005,2.519999999999996,0.3001567744847257,0,9,14,0.0,0.2,0.08,0,2.1871761418879032e-05,0.04000874870456756,0
Sefwi Wiawso,Western North,2023-08-20,0.6553171321239006,36.7,28.285714285714285,22.17142857142857,98.0,19.35,25.703569062909743,0.0,3.6500000000000057,17.35,0.0176571045262756,0,9,14,0.0,0.0,0.0,0,3.421839574002661e-05,1.3687358296010645e-05,0
Sefwi Wiawso,Western North,2023-08-27,0.6553171321239006,29.4,29.74285714285714,22.985714285714288,96.71428571428572,22.28,25.77258960370684,0.0,-1.1000000000000014,7.120000000000001,-0.1092052007933555,0,9,14,0.0,0.0,0.0,0,6.913449033163488e-05,2.7653796132653954e-05,0
Sefwi Wiawso,Western North,2023-09-03,0.6553171321239006,46.2,29.32857142857143,22.514285714285712,97.71428571428572,21.05,25.84161014450393,0.0,11.800000000000004,25.15,0.0454869976634463,0,9,14,0.0,0.0,0.0,0,0.00010874571307795122,4.3498285231180494e-05,0
Sefwi Wiawso,Western North,2023-09-10,0.6553171321239006,30.8,29.942857142857143,22.185714285714287,97.71428571428572,25.0,25.91063068530104,0.0,-4.975000000000001,5.799999999999997,0.0799330540747369,0,9,14,0.0,0.0,0.0,0,9.834592492552474e-05,3.93383699702099e-05,0
Sefwi Wiawso,Western North,2023-09-17,0.6553171321239006,49.9,29.414285714285715,22.67142857142857,97.42857142857144,21.89,25.97965122609813,0.0,10.824999999999996,28.01,0.1918827374114312,0,9,14,0.0,0.0,0.0,0,8.42115405248478e-05,3.3684616209939125e-05,0
Sefwi Wiawso,Western North,2023-09-24,0.6553171321239006,41.3,29.785714285714285,22.67142857142857,98.0,23.23,26.048671766895225,0.0,-0.75,18.07,0.306877956223514,0,9,14,0.0,0.0,0.0,0,7.401643233606592e-05,2.960657293442637e-05,0
Sefwi Wiawso,Western North,2023-10-01,0.6553171321239006,33.4,30.842857142857145,23.27142857142857,98.0,26.91,26.117692307692323,0.0,-5.450000000000003,6.489999999999998,0.1109135011519645,0,9,14,0.0,0.0,0.0,0,5.834365583723411e-05,2.3337462334893647e-05,0
Sefwi Wiawso,Western North,2023-10-08,0.6553171321239006,77.9,29.67142857142857,22.642857142857142,98.28571428571428,21.61,27.640064687975663,0.0,27.27500000000001,56.290000000000006,0.6411517292635687,0,9,14,0.0,0.0,0.0,0,5.871089524589479e-05,2.3484358098357917e-05,0
Sefwi Wiawso,Western North,2023-10-15,0.6553171321239006,81.8,29.457142857142856,22.442857142857143,98.85714285714286,23.46,27.618802218975528,0.0,23.19999999999999,58.34,0.9596727326033376,0,9,14,0.0,0.0,0.0,0,4.111367161385715e-05,1.644546864554286e-05,0
Sefwi Wiawso,Western North,2023-10-22,0.6553171321239006,49.6,30.3,22.61428571428572,98.85714285714286,26.0,27.5975397499754,0.0,-11.075000000000005,23.6,1.0177479435650565,0,9,14,0.0,0.2,0.08,0,3.139729960821569e-05,0.040012558919843295,0
Sefwi Wiawso,Western North,2023-10-29,0.6553171321239006,9.0,30.65714285714285,22.77142857142857,98.57142857142856,27.87,27.576277280975265,0.0,-45.575,-18.87,0.7514211171655657,0,9,14,0.0,0.2,0.08,0,2.46183972194558e-05,0.04000984735888779,0
Sefwi Wiawso,Western North,2023-11-05,0.6553171321239006,28.3,31.31428571428572,22.728571428571428,99.14285714285714,28.62,27.555014811975127,0.0,-13.875,-0.3200000000000003,0.1569115886767978,0,9,14,0.0,0.2,0.08,0,2.32201400649501e-05,0.040009288056025986,0
Sefwi Wiawso,Western North,2023-11-12,0.6553171321239006,49.4,30.914285714285715,22.914285714285715,99.0,26.47,27.467134514060945,0.0,15.324999999999996,22.93,-0.2149587947146043,0,9,14,0.0,0.0,0.0,0,3.823687802650966e-05,1.5294751210603864e-05,0
Sefwi Wiawso,Western North,2023-11-19,0.6553171321239006,55.10000000000001,31.342857142857145,22.65714285714285,99.28571428571428,28.11,25.15340677450428,0.0,19.65000000000001,26.99000000000001,-0.1793575351919594,0,9,14,0.0,0.0,0.0,0,0.00016761469305492938,6.704587722197176e-05,0
Sefwi Wiawso,Western North,2023-11-26,0.6553171321239006,25.9,31.014285714285712,23.357142857142858,97.71428571428572,24.78,28.63439659667563,0.0,-13.775000000000002,1.120000000000001,0.0305743756805096,0,9,14,0.0,0.2,0.08,0,0.00014780012133996934,0.040059120048536,0
Sefwi Wiawso,Western North,2023-12-03,0.6553171321239006,30.3,30.885714285714283,22.4,98.85714285714286,26.43,26.522929908136405,0.0,-9.874999999999996,3.870000000000001,0.07457711237664,0,9,14,0.0,0.0,0.0,0,7.562219252577052e-05,3.0248877010308206e-05,0
Sefwi Wiawso,Western North,2023-12-10,0.6553171321239006,6.6,31.52857142857143,22.8,99.14285714285714,27.47,26.53694272103525,0.0,-22.875,-20.87,-0.3854037628716913,0,9,14,0.0,0.2,0.08,0,7.692946383031085e-05,0.04003077178553213,0
Sefwi Wiawso,Western North,2023-12-17,0.6553171321239006,0.7,32.48571428571429,21.914285714285715,97.14285714285714,29.72,26.550955533934086,0.0,-15.175,-29.02,-0.9736121834803452,0,9,14,0.005,0.2,0.083,0,0.00024895608657971025,0.04209958243463189,0
Sefwi Wiawso,Western North,2023-12-24,0.6553171321239006,0.0,33.65714285714286,19.9,80.57142857142857,32.35,26.41549792137885,0.0,-9.4,-32.35,-1.3251089847260455,0,9,14,0.0238473818646232,0.4,0.1743084291187739,0,0.00696228863671422,0.09232386820053498,0
Sefwi Wiawso,Western North,2023-12-31,0.6553171321239006,2.0,33.542857142857144,23.642857142857142,98.42857142857144,29.65,26.084864262259657,0.0,-0.3250000000000002,-27.65,-1.6561271853613744,0,9,14,0.0,0.4,0.16,0,0.817785382270813,0.40711415290832526,0
Sekondi-Takoradi,Western,2022-01-02,0.097882021532306,16.4,29.5,23.75,97.0,7.119999999999999,31.731937912859,0.0,0.0,9.28,0.0081145825603315,0,10,13,0.0,0.0,0.0,0,0.0,0.0,0
Sekondi-Takoradi,Western,2022-01-09,0.097882021532306,18.1,30.014285714285712,24.27142857142857,94.85714285714286,25.16,31.113354276508613,0.0,0.8499999999999979,-7.060000000000002,-0.0750621327601051,0,10,13,0.005,0.0,0.003,0,0.0,0.002,0
Sekondi-Takoradi,Western,2022-01-16,0.1201116310769436,12.9,30.985714285714288,24.585714285714285,93.14285714285714,26.05,30.49477064015823,0.014819739696425,-2.8999999999999986,-13.15,-0.2299876010977457,0,10,13,0.0,0.0,0.0,0,0.0,0.0,0
Sekondi-Takoradi,Western,2022-01-23,0.1423412406215813,2.5,30.0,23.342857142857145,96.14285714285714,27.79,29.876187003807843,0.027787011930797,-9.975,-25.29,-0.5279393192923413,0,10,13,0.0,0.0,0.0,0,0.0,0.0,0
Sekondi-Takoradi,Western,2022-01-30,0.078352021046199,2.9,30.31428571428572,23.571428571428573,97.14285714285714,28.47,30.12024663398131,-0.0313197075230584,-6.199999999999999,-25.57,-0.9385212638981798,0,10,13,0.005,0.0,0.003,0,6.208050035638735e-05,0.002024832200142555,0
Sekondi-Takoradi,Western,2022-02-06,0.0794983099677732,6.7,29.914285714285715,23.75714285714286,96.57142857142856,28.11,29.12731534181745,-0.025577490710351,0.4500000000000002,-21.41,-1.1075844175594074,0,10,13,0.0390774874676247,0.4,0.1834464924805748,0,0.00014090727199800313,0.09568735789584909,0
Sekondi-Takoradi,Western,2022-02-13,0.0806445988893474,12.2,30.042857142857144,24.385714285714283,94.85714285714286,27.65,28.416910709273964,-0.0145644437418777,6.125,-15.45,-1.1346816477629489,0,10,13,0.0344086711580761,0.4,0.1806452026948457,0,0.00045201260945759714,0.0939442735070135,0
Sekondi-Takoradi,Western,2022-02-20,0.0817908878109216,37.7,30.285714285714285,24.057142857142857,95.42857142857144,25.63,31.92638966989489,0.0017194333823613,22.825000000000003,12.070000000000004,-0.6945283780219411,0,10,13,0.0,0.0,0.0,0,0.0005996898980811238,0.00023987595923244954,0
Sekondi-Takoradi,Western,2022-02-27,0.0829371767324958,5.7,29.87142857142857,24.785714285714285,95.42857142857144,28.52,30.49531211750309,0.0017194333823613,-9.875,-22.82,-0.6621295158220543,0,10,13,0.0048148148148148,0.0,0.0028888888888888,0,0.00020514221978373826,0.0020079828138394157,0
Sekondi-Takoradi,Western,2022-03-06,0.0840834656540701,5.1,30.685714285714287,24.3,96.0,29.24,32.07934857142857,0.0017194333823613,-10.075,-24.14,-0.6942927499332147,0,10,13,0.0,0.2,0.08,0,9.731712634675205e-05,0.04003892685053871,0
Sekondi-Takoradi,Western,2022-03-13,0.0852297545756443,16.6,30.2,24.928571428571427,96.14285714285714,27.74,30.04684242730724,0.0017194333823613,0.3249999999999993,-11.14,-0.6435148968126648,0,10,13,0.0,0.0,0.0,0,7.783480396028608e-05,3.1133921584114436e-05,0
Sekondi-Takoradi,Western,2022-03-20,0.0863760434972185,28.8,30.65714285714285,24.928571428571427,92.85714285714286,29.31,28.014336283185912,0.0017194333823613,14.75,-0.509999999999998,-0.7917249646216016,0,10,13,0.0,0.0,0.0,0,8.816266199573874e-05,3.52650647982955e-05,0
Sekondi-Takoradi,Western,2022-03-27,0.0875223324187927,5.1,30.285714285714285,25.27142857142857,92.28571428571428,30.27,31.26463114275697,0.0017194333823613,-8.8,-25.17,-0.8194112650469595,0,10,13,0.0,0.0,0.0,0,0.00011940645345021039,4.776258138008416e-05,0
Sekondi-Takoradi,Western,2022-04-03,0.0886686213403669,8.2,30.885714285714283,25.685714285714287,91.0,29.54,31.706760843379925,0.0017194333823613,-6.475000000000001,-21.34,-0.7864233326252564,0,10,13,0.0,0.0,0.0,0,8.596407860750332e-05,3.438563144300133e-05,0
Sekondi-Takoradi,Western,2022-04-10,0.0898149102619412,17.5,30.585714285714285,25.342857142857145,91.28571428571428,29.14,32.14889054400288,0.0017194333823613,2.6000000000000014,-11.64,-0.7923140348434177,0,10,13,0.0,0.0,0.0,0,7.736918632872403e-05,3.094767453148961e-05,0
Sekondi-Takoradi,Western,2022-04-17,0.0909611991835154,54.4,29.557142857142857,24.17142857142857,97.0,23.82,26.756192737430183,0.0017194333823613,33.1,30.58,-0.4260301709181519,0,10,13,0.0,0.0,0.0,0,9.806311572901905e-05,3.9225246291607624e-05,0
Sekondi-Takoradi,Western,2022-04-24,0.0921074881050896,84.8,29.957142857142856,24.185714285714287,95.28571428571428,26.51,26.04165070422539,0.0017194333823613,43.575,58.28999999999999,0.5572458433373223,0,10,13,0.0,0.0,0.0,0,7.492078293580562e-05,2.9968313174322248e-05,0
Sekondi-Takoradi,Western,2022-05-01,0.0932537770266638,39.9,29.31428571428572,24.071428571428573,95.57142857142856,25.76,32.13646339622642,0.0017194333823613,-9.25,14.14,0.975250072738044,0,10,13,0.0,0.0,0.0,0,3.3783649996621534e-05,1.3513459998648614e-05,0
Sekondi-Takoradi,Western,2022-05-08,0.094400065948238,24.6,30.15714285714285,24.685714285714287,93.71428571428572,28.66,30.799317377850628,0.0017194333823613,-26.325000000000006,-4.060000000000002,1.0645531183653685,0,10,13,0.0,0.2,0.08,0,2.3390337446471676e-05,0.040009356134978594,0
Sekondi-Takoradi,Western,2022-05-15,0.0955463548698123,46.1,29.2,24.542857142857144,96.42857142857144,24.26,29.46217135947484,0.0017194333823613,-2.75,21.84,0.96158364359191,0,10,13,0.0,0.0,0.0,0,2.029428469541017e-05,8.117713878164069e-06,0
Sekondi-Takoradi,Western,2022-05-22,0.0966926437913865,94.4,28.47142857142857,24.24285714285714,94.85714285714286,21.61,25.746949608610635,0.0017194333823613,43.150000000000006,72.79,1.132414007918586,0,10,13,0.0,0.0,0.0,0,2.015802965615876e-05,8.063211862463505e-06,0
Sekondi-Takoradi,Western,2022-05-29,0.0978389327129607,45.8,28.014285714285712,23.414285714285715,96.28571428571428,23.77,31.31526207340636,0.0017194333823613,-6.924999999999997,22.03,1.2253692889211705,0,10,13,0.0,0.0,0.0,0,2.167254024243448e-05,8.669016096973792e-06,0
Sekondi-Takoradi,Western,2022-06-05,0.0989852216345349,37.8,28.485714285714288,23.785714285714285,95.57142857142856,25.42,28.25428317844836,0.0017194333823613,-18.224999999999994,12.380000000000006,1.419055577854312,0,10,13,0.0,0.2,0.08,0,2.0571505956468172e-05,0.040008228602382595,0
Sekondi-Takoradi,Western,2022-06-12,0.1001315105561092,41.6,28.4,23.428571428571427,95.0,24.54,27.512466397849494,0.0017194333823613,-13.300000000000004,17.060000000000002,1.3627404646486907,0,10,13,0.0,0.2,0.08,0,1.906334000523202e-05,0.0400076253360021,0
Sekondi-Takoradi,Western,2022-06-19,0.1012777994776834,113.0,27.52857142857143,22.585714285714285,97.14285714285714,18.57,27.358263378803827,0.0017194333823613,53.45,94.43,1.6176900566507093,0,10,13,0.0,0.0,0.0,0,1.8823559003067203e-05,7.529423601226882e-06,0
Sekondi-Takoradi,Western,2022-06-26,0.1024240883992576,64.4,27.071428571428573,22.514285714285712,100.0,20.93,20.855114332380595,0.0017194333823613,0.2000000000000028,43.470000000000006,1.870283367765464,0,10,13,0.0,0.0,0.0,0,2.00899758056039e-05,8.03599032224156e-06,0
Sekondi-Takoradi,Western,2022-07-03,0.1035703773208318,89.39999999999999,27.12857142857143,23.228571428571428,93.85714285714286,21.18,25.29188386856213,0.0017194333823613,12.299999999999995,68.22,2.528156991489711,0,10,13,0.0,0.0,0.0,0,1.9387576685403474e-05,7.75503067416139e-06,0
Sekondi-Takoradi,Western,2022-07-10,0.104716666242406,21.1,27.514285714285712,23.485714285714288,93.0,24.12,29.72865340474368,0.0017194333823613,-50.875,-3.02,2.291586390408355,0,10,13,0.0,0.2,0.08,0,1.8164464563596994e-05,0.04000726578582545,0
Sekondi-Takoradi,Western,2022-07-17,0.1058629551639803,20.2,26.82857142857143,23.985714285714288,88.0,23.63,28.3963228605416,0.0017194333823613,-28.574999999999992,-3.43,1.1386581522698371,0,10,13,0.0,0.2,0.08,0,1.754724871716462e-05,0.04000701889948687,0
Sekondi-Takoradi,Western,2022-07-24,0.1070092440855545,5.4,27.214285714285715,23.142857142857142,85.57142857142857,30.12,28.64077548843101,0.0017194333823613,-28.625,-24.72,0.3352841837570072,0,10,13,0.0,0.2,0.08,0,1.8683327652979642e-05,0.0400074733310612,0
Sekondi-Takoradi,Western,2022-07-31,0.1081555330071287,13.3,27.24285714285714,22.785714285714285,90.14285714285714,26.26,30.35040886021926,0.0017194333823613,-1.6999999999999993,-12.959999999999996,-0.6211302283836518,0,10,13,0.005,0.0,0.003,0,2.0114282961003482e-05,0.0020080457131844013,0
Sekondi-Takoradi,Western,2022-08-07,0.1093018219287029,5.5,26.085714285714285,21.5,91.14285714285714,25.27,28.22913563375471,0.0017194333823613,-5.600000000000001,-19.77,-0.8184687526920532,0,10,13,0.0044594594594594,0.0,0.0026756756756756,0,3.3563741453690454e-05,0.0017972092803652362,0
Sekondi-Takoradi,Western,2022-08-14,0.1104481108502771,8.3,26.9,22.77142857142857,92.28571428571428,23.67,28.211859967931616,0.0017194333823613,0.1750000000000007,-15.369999999999996,-0.9591387216617436,0,10,13,0.014280888030888,0.0,0.0085685328185328,0,6.827745528426021e-05,0.0057396661944689046,0
Sekondi-Takoradi,Western,2022-08-21,0.1115943997718514,13.6,26.0,22.1,97.42857142857144,23.18,28.567146721661988,0.0017194333823613,3.424999999999999,-9.58,-0.7807682584958214,0,10,13,0.0,0.0,0.0,0,0.0001807261141948402,7.229044567793609e-05,0
Sekondi-Takoradi,Western,2022-08-28,0.1127406886934256,26.2,26.1,21.942857142857143,98.14285714285714,21.05,28.92243347539236,0.0017194333823613,12.8,5.149999999999999,-0.5674070241540213,0,10,13,0.0,0.0,0.0,0,0.00022185953275766224,8.87438131030649e-05,0
Sekondi-Takoradi,Western,2022-09-04,0.1138869776149998,22.7,26.47142857142857,22.1,98.42857142857144,21.85,29.27772022912273,0.0017194333823613,5.0,0.8499999999999979,-0.3244744646770518,0,10,13,0.0,0.0,0.0,0,0.00015314870688598603,6.125948275439442e-05,0
Sekondi-Takoradi,Western,2022-09-11,0.115033266536574,13.1,26.557142857142857,22.728571428571428,96.14285714285714,23.7,26.49430839002269,0.0017194333823613,-5.799999999999999,-10.6,-0.2682771655157936,0,10,13,0.005,0.0,0.003,0,8.165625331457704e-05,0.002032662501325831,0
Sekondi-Takoradi,Western,2022-09-18,0.1161795554581482,13.2,26.62857142857143,22.67142857142857,95.71428571428572,23.9,31.71190046848756,0.0017194333823613,-5.600000000000001,-10.7,-0.2814723384844747,0,10,13,0.0,0.0,0.0,0,5.749994670622982e-05,2.299997868249193e-05,0
Sekondi-Takoradi,Western,2022-09-25,0.1173258443797225,49.9,26.7,22.61428571428572,97.14285714285714,22.7,25.867777777777803,0.0017194333823613,25.175,27.2,-0.021692370663564,0,10,13,0.0,0.0,0.0,0,5.340162533684634e-05,2.1360650134738537e-05,0
Sekondi-Takoradi,Western,2022-10-02,0.1184721333012967,30.5,26.82857142857143,22.914285714285715,96.0,22.07,31.35897192566233,0.0017194333823613,3.825000000000003,8.43,0.0676106749637603,0,10,13,0.0,0.0,0.0,0,4.949971480527893e-05,1.979988592211157e-05,0
Sekondi-Takoradi,Western,2022-10-09,0.1196184222228709,16.8,27.857142857142858,22.97142857142857,95.0,25.58,28.29413410637761,0.0017194333823613,-10.799999999999995,-8.779999999999998,0.0890528310378673,0,10,13,0.0,0.2,0.08,0,3.879121140926145e-05,0.04001551648456371,0
Sekondi-Takoradi,Western,2022-10-16,0.1207647111444451,16.0,28.15714285714285,23.042857142857144,95.28571428571428,26.14,28.74606365977528,0.0017194333823613,-12.299999999999995,-10.14,0.0956504175222078,0,10,13,0.0,0.2,0.08,0,3.105025825789198e-05,0.040012420103303165,0
Sekondi-Takoradi,Western,2022-10-23,0.1219110000660194,14.1,28.457142857142856,22.957142857142856,96.14285714285714,27.73,29.19799321317296,0.0017194333823613,-5.249999999999998,-13.63,-0.3853843256128389,0,10,13,0.0,0.0,0.0,0,2.961860445793718e-05,1.1847441783174872e-05,0
Sekondi-Takoradi,Western,2022-10-30,0.1230572889875936,17.6,29.014285714285712,23.914285714285715,95.42857142857144,27.5,29.649922766570626,0.0017194333823613,1.4750000000000014,-9.9,-0.60133746893063,0,10,13,0.0,0.0,0.0,0,4.630209514289163e-05,1.8520838057156653e-05,0
Sekondi-Takoradi,Western,2022-11-06,0.1242035779091678,9.5,29.11428571428572,23.985714285714288,94.14285714285714,27.46,30.811529075604312,0.0017194333823613,-4.799999999999999,-17.96,-0.7094907616560705,0,10,13,0.0,0.0,0.0,0,6.966266664676368e-05,2.7865066658705474e-05,0
Sekondi-Takoradi,Western,2022-11-13,0.125349866830742,17.3,28.942857142857143,23.385714285714283,95.57142857142856,26.04,30.82540665975779,0.0017194333823613,2.6750000000000043,-8.739999999999998,-0.6929967954452189,0,10,13,0.0,0.0,0.0,0,8.780088683124632e-05,3.5120354732498525e-05,0
Sekondi-Takoradi,Western,2022-11-20,0.1264961557523163,7.0,28.97142857142857,23.442857142857143,94.0,27.57,29.40653726399477,0.0017194333823613,-5.849999999999998,-20.57,-0.7747597422332969,0,10,13,0.0,0.0,0.0,0,0.00010540091898292303,4.216036759316922e-05,0
Sekondi-Takoradi,Western,2022-11-27,0.1276424446738905,6.3,29.714285714285715,23.957142857142856,92.71428571428572,28.0,27.779530050552463,0.0017194333823613,-3.724999999999999,-21.7,-0.913780314581902,0,10,13,0.0044594594594594,0.0,0.0026756756756756,0,0.00012813617649953812,0.0018350382543835754,0
Sekondi-Takoradi,Western,2022-12-04,0.1287887335954647,33.8,29.185714285714287,23.442857142857143,95.28571428571428,23.64,31.49028131817664,0.0017194333823613,17.7,10.159999999999997,-0.5824872218325141,0,10,13,0.0,0.0,0.0,0,0.0001897599286166951,7.590397144667805e-05,0
Sekondi-Takoradi,Western,2022-12-11,0.1299350225170389,7.4,29.5,23.985714285714288,93.85714285714286,26.09,29.517308785223804,0.0017194333823613,-6.224999999999998,-18.69,-0.6997121959739228,0,10,13,0.0044594594594594,0.0,0.0026756756756756,0,0.0001565393031341955,0.0018463995050374382,0
Sekondi-Takoradi,Western,2022-12-18,0.1310813114386131,14.2,29.728571428571428,23.728571428571428,94.71428571428572,25.59,30.328242630833984,0.0017194333823613,-1.224999999999998,-11.39,-0.5915589032484824,0,10,13,0.0,0.0,0.0,0,0.00012590771075338125,5.0363084301352505e-05,0
Sekondi-Takoradi,Western,2022-12-25,0.1322276003601873,15.7,29.61428571428572,23.24285714285714,94.28571428571428,25.21,31.139176476444163,0.0017194333823613,-2.074999999999997,-9.51,-0.4479435831697113,0,10,13,0.0,0.0,0.0,0,9.251195297110826e-05,3.7004781188443306e-05,0
Sekondi-Takoradi,Western,2023-01-01,0.1333738892817616,1.2000000000000002,30.142857142857142,23.15714285714285,96.0,28.21,31.278043153638407,0.0017194333823613,-8.424999999999997,-27.01,-0.885858386067818,0,10,13,0.0,0.0,0.0,0,8.696760778548196e-05,3.478704311419278e-05,0
Sekondi-Takoradi,Western,2023-01-08,0.0981773512042139,2.8000000000000003,30.74285714285714,23.728571428571428,92.14285714285714,28.22,31.353040098355336,-0.0255376868669801,-5.674999999999999,-25.42,-0.9651472379242684,0,10,13,0.0044594594594594,0.0,0.0026756756756756,0,0.00018162457854487002,0.0018564336152017082,0
Sekondi-Takoradi,Western,2023-01-15,0.0629808131266662,8.9,30.342857142857145,24.32857142857143,94.14285714285714,26.47,31.428037043072266,-0.043709100366541,1.7500000000000018,-17.57,-1.0379563173407411,0,10,13,0.043736012015937,0.4,0.1862416072095622,0,0.0003023221797775477,0.09761533367828584,0
Sekondi-Takoradi,Western,2023-01-22,0.0277842750491185,10.1,29.714285714285715,24.02857142857143,93.85714285714286,25.25,30.36557956571903,-0.0527948071163215,4.350000000000001,-15.15,-1.1044034383616,1,10,13,0.992443709853704,0.7,0.8754662259122223,1,0.0006020966684445739,0.5372183226088595,0
Sekondi-Takoradi,Western,2023-01-29,0.0592344710661204,23.6,30.17142857142857,23.857142857142858,96.14285714285714,25.24,32.150232621338205,-0.0028097565454092,12.250000000000004,-1.6400000000000006,-0.8055092078120988,0,10,13,0.0,0.0,0.0,0,0.0005745829548686743,0.0002298331819474697,0
Sekondi-Takoradi,Western,2023-02-05,0.0906846670831224,4.7,29.77142857142857,24.25714285714286,96.0,25.98,32.39249041591313,0.0305136105018655,-7.124999999999997,-21.28,-0.7567341934457237,0,10,13,0.0048148148148148,0.0,0.0028888888888888,0,0.0002244722272735089,0.002015714816835324,0
Sekondi-Takoradi,Western,2023-02-12,0.1221348631001244,5.9,30.1,24.185714285714287,95.85714285714286,28.56,30.25854239168813,0.0471752940255029,-5.174999999999997,-22.66,-0.8167015420266049,0,10,13,0.0048148148148148,0.0,0.0028888888888888,0,0.00013232456694822758,0.0019788557527052114,0
Sekondi-Takoradi,Western,2023-02-19,0.1187364965638995,3.5,30.714285714285715,24.5,95.28571428571428,29.87,32.21790755948044,0.0210388721105828,-5.924999999999997,-26.37,-0.9488888998021432,0,10,13,0.0,0.0,0.0,0,0.00012540923489723355,5.016369395889342e-05,0
Sekondi-Takoradi,Western,2023-02-26,0.1153381300276747,12.9,31.057142857142857,25.357142857142858,92.85714285714286,29.98,34.17727272727274,0.0036145908339694,6.15,-17.080000000000002,-1.1307937842989622,0,10,13,0.0442006504459066,0.4,0.186520390267544,0,0.0001879366027424112,0.09775543481945961,0
Sekondi-Takoradi,Western,2023-03-05,0.1119397634914499,15.9,30.75714285714286,24.885714285714283,95.28571428571428,29.31,33.68524568338947,-0.0050975498043372,6.350000000000001,-13.410000000000002,-1.0380741313851043,0,10,13,0.0097504456327985,0.4,0.1658502673796791,0,0.0003534407587721944,0.08404155455662829,0
Sekondi-Takoradi,Western,2023-03-12,0.1085413969552251,9.9,30.557142857142857,24.971428571428568,94.57142857142856,26.24,33.1932186395062,-0.0050975498043372,-0.6499999999999986,-16.339999999999996,-0.9636156553475462,0,10,13,0.0096424010217113,0.0,0.0057854406130268,0,0.00028052853303961456,0.003969171821900366,0
Sekondi-Takoradi,Western,2023-03-19,0.1051430304190003,4.1,30.885714285714283,25.2,90.28571428571428,29.83,32.030522121945864,-0.0050975498043372,-6.6,-25.73,-0.9560755565083,0,10,13,0.0,0.0,0.0,0,0.00019305518071632832,7.722207228653133e-05,0
Sekondi-Takoradi,Western,2023-03-26,0.1017446638827755,19.9,30.071428571428573,24.65714285714285,92.14285714285714,27.76,33.099589459084655,-0.0050975498043372,7.450000000000003,-7.859999999999999,-0.8474510076054066,0,10,13,0.0,0.0,0.0,0,0.00016907088865991682,6.762835546396673e-05,0
Sekondi-Takoradi,Western,2023-04-02,0.0983462973465507,18.7,30.785714285714285,24.7,92.42857142857144,32.16,31.826875608963974,-0.0050975498043372,5.550000000000001,-13.459999999999996,-0.8480400778272227,0,10,13,0.0,0.0,0.0,0,0.00017090325127355754,6.836130050942301e-05,0
Sekondi-Takoradi,Western,2023-04-09,0.0949479308103259,13.5,30.6,24.585714285714285,93.57142857142856,30.05,29.066280398755453,-0.0050975498043372,-0.5499999999999972,-16.55,-0.8505141727588506,0,10,13,0.0,0.0,0.0,0,0.00014961825218051672,5.984730087220669e-05,0
Sekondi-Takoradi,Western,2023-04-16,0.0915495642741011,10.9,30.75714285714286,25.142857142857142,93.0,31.14,34.84767452278459,-0.0050975498043372,-4.849999999999998,-20.24,-0.7858342624034401,0,10,13,0.0049242424242424,0.0,0.0029545454545454,0,0.00011598447599681094,0.002016090760095684,0
Sekondi-Takoradi,Western,2023-04-23,0.0855613928063739,37.1,30.785714285714285,24.485714285714288,95.71428571428572,29.61,37.18958677685953,-0.007039903502964,17.050000000000004,7.490000000000002,-0.6049897043058899,0,10,13,0.0,0.0,0.0,0,0.00010041288624051958,4.016515449620784e-05,0
Sekondi-Takoradi,Western,2023-04-30,0.0871974990845869,32.9,30.442857142857143,24.32857142857143,96.85714285714286,24.93,34.79217743343108,-0.00261659765926,9.300000000000004,7.969999999999999,-0.3525142072354993,0,10,13,0.005,0.0,0.003,0,9.350350592285395e-05,0.002037401402369142,0
Sekondi-Takoradi,Western,2023-05-07,0.0888336053627999,3.8,30.82857142857143,24.800000000000004,91.71428571428572,30.73,32.39476809000263,0.0005480899808344,-17.374999999999996,-26.93,-0.4748051852845266,0,10,13,0.0,0.2,0.08,0,6.108995148679242e-05,0.04002443598059473,0
Sekondi-Takoradi,Western,2023-05-14,0.090469711641013,13.8,31.11428571428572,25.02857142857143,94.0,30.95,31.257887990940503,0.0024541594173195,-8.099999999999998,-17.15,-0.4384006455762901,0,10,13,0.0,0.0,0.0,0,4.675427044276148e-05,1.8701708177104594e-05,0
Sekondi-Takoradi,Western,2023-05-21,0.092105817919226,59.7,29.428571428571427,24.385714285714283,97.85714285714286,22.2,33.22286817102139,0.0024541594173195,32.15,37.5,-0.0848406984422525,0,10,13,0.0,0.0,0.0,0,4.5943317672936246e-05,1.83773270691745e-05,0
Sekondi-Takoradi,Western,2023-05-28,0.0937419241974391,39.7,29.642857142857142,24.542857142857144,95.57142857142856,26.21,25.69000000000005,0.0024541594173195,10.45000000000001,13.490000000000002,-0.0198073459537523,0,10,13,0.0,0.0,0.0,0,5.0949121941812336e-05,2.0379648776724935e-05,0
Sekondi-Takoradi,Western,2023-06-04,0.0953780304756521,50.3,28.5,24.714285714285715,95.0,22.11,31.28014242278772,0.0024541594173195,9.425000000000004,28.19,0.6295836665763427,0,10,13,0.0,0.0,0.0,0,3.915913839591667e-05,1.5663655358366668e-05,0
Sekondi-Takoradi,Western,2023-06-11,0.0970141367538652,55.400000000000006,27.957142857142856,23.74285714285714,97.85714285714286,20.67,29.116685228914832,0.0024541594173195,4.125000000000007,34.730000000000004,1.240802928732753,0,10,13,0.0,0.0,0.0,0,2.5284474759246223e-05,1.011378990369849e-05,0
Sekondi-Takoradi,Western,2023-06-18,0.0986502430320782,11.7,28.928571428571427,24.385714285714283,84.57142857142857,29.75,28.74429193695285,0.0024541594173195,-27.575,-18.05,0.5863459122950393,0,10,13,0.0,0.2,0.08,0,2.09119407372782e-05,0.04000836477629492,0
Sekondi-Takoradi,Western,2023-06-25,0.1002863493102912,196.50000000000003,26.75714285714286,23.24285714285714,98.71428571428572,14.84,28.37189864499087,0.0024541594173195,118.02500000000002,181.66000000000005,2.567624696351391,0,10,13,0.0,0.0,0.0,0,2.1871825083508156e-05,8.748730033403263e-06,0
Sekondi-Takoradi,Western,2023-07-02,0.1019224555885043,65.6,27.62857142857143,23.142857142857142,92.42857142857144,22.95,27.99950535302889,0.0024541594173195,-16.700000000000017,42.64999999999999,2.7379838045006144,0,10,13,0.0,0.2,0.08,0,1.9266923118266277e-05,0.040007706769247316,0
Sekondi-Takoradi,Western,2023-07-09,0.1035585618667173,44.6,28.228571428571428,22.75714285714286,98.0,22.69,28.234893048128413,0.0024541594173195,-35.00000000000001,21.910000000000004,2.58694619962696,0,10,13,0.0,0.2,0.08,0,1.8720478692557663e-05,0.04000748819147703,0
Sekondi-Takoradi,Western,2023-07-16,0.1051946681449304,35.2,27.857142857142858,22.885714285714283,96.57142857142856,23.12,25.05481979927009,0.0024541594173195,-50.275,12.079999999999997,2.9419199152933566,0,10,13,0.0,0.2,0.08,0,1.8139640815206803e-05,0.04000725585632609,0
Sekondi-Takoradi,Western,2023-07-23,0.1068307744231434,32.0,27.4,23.32857142857143,96.85714285714286,19.38,24.01854368932044,0.0024541594173195,-12.349999999999994,12.62,0.950391309377404,0,10,13,0.0,0.2,0.08,0,1.6872525520739146e-05,0.0400067490102083,0
Sekondi-Takoradi,Western,2023-07-30,0.1084668807013565,44.0,27.5,23.228571428571428,97.71428571428572,20.92,25.064271844660222,0.0024541594173195,5.049999999999997,23.08,0.719829224558573,0,10,13,0.0,0.0,0.0,0,1.9077069737249985e-05,7.630827894899994e-06,0
Sekondi-Takoradi,Western,2023-08-06,0.1101029869795695,30.5,27.15714285714285,23.6,93.42857142857144,20.82,26.110000000000014,0.0024541594173195,-4.924999999999997,9.68,0.575742648302349,0,10,13,0.0,0.0,0.0,0,2.0569172193063423e-05,8.227668877225369e-06,0
Sekondi-Takoradi,Western,2023-08-13,0.1117390932577826,21.700000000000003,27.328571428571426,23.27142857142857,94.71428571428572,23.84,25.94691011235957,0.0024541594173195,-10.349999999999994,-2.139999999999997,0.4082110772178434,0,10,13,0.0,0.2,0.08,0,2.1874451704206876e-05,0.04000874978068169,0
Sekondi-Takoradi,Western,2023-08-20,0.1133751995359956,86.7,27.3,22.642857142857142,99.14285714285714,19.29,25.783820224719136,0.0024541594173195,40.975,67.41,1.053714226283952,0,10,13,0.0,0.0,0.0,0,2.3796903406037018e-05,9.518761362414808e-06,0
Sekondi-Takoradi,Western,2023-08-27,0.1150113058142087,18.3,27.37142857142857,23.514285714285712,96.85714285714286,20.95,25.620730337078697,0.0024541594173195,-21.000000000000004,-2.6499999999999986,0.7505786901373749,0,10,13,0.0,0.2,0.08,0,2.2840713427285664e-05,0.04000913628537092,0
Sekondi-Takoradi,Western,2023-09-03,0.1166474120924217,32.7,27.87142857142857,23.37142857142857,96.0,22.32,25.45764044943826,0.0024541594173195,-7.149999999999999,10.380000000000004,0.7588256732428005,0,10,13,0.0,0.0,0.0,0,2.320891508134082e-05,9.283566032536329e-06,0
Sekondi-Takoradi,Western,2023-09-10,0.1182835183706347,25.3,28.214285714285715,22.67142857142857,97.0,24.79,28.96473600706284,0.0024541594173195,-15.45,0.5100000000000016,0.790046394999055,0,10,13,0.0,0.2,0.08,0,2.1961950551485643e-05,0.0400087847802206,0
Sekondi-Takoradi,Western,2023-09-17,0.1199196246488478,31.8,27.928571428571427,23.428571428571427,97.14285714285714,22.77,32.47183156468742,0.0024541594173195,4.774999999999999,9.029999999999998,0.1022480040065486,0,10,13,0.0,0.0,0.0,0,2.1174142602831125e-05,8.46965704113245e-06,0
Sekondi-Takoradi,Western,2023-09-24,0.1215557309270608,26.7,28.185714285714287,22.74285714285714,98.42857142857144,23.78,28.57880196801977,0.0024541594173195,-2.4250000000000007,2.919999999999998,0.1678704267168648,0,10,13,0.0,0.0,0.0,0,2.8645257771131583e-05,1.1458103108452634e-05,0
Sekondi-Takoradi,Western,2023-10-01,0.1231918372052739,18.2,28.885714285714283,23.557142857142857,96.42857142857144,26.78,28.04866666666669,0.0024541594173195,-7.300000000000001,-8.580000000000002,-0.0555050013958094,0,10,13,0.0,0.0,0.0,0,2.8434624255169183e-05,1.1373849702067673e-05,0
Sekondi-Takoradi,Western,2023-10-08,0.1248279434834869,44.9,28.685714285714287,23.571428571428573,97.42857142857144,23.31,28.89347254672901,0.0024541594173195,14.5,21.59,0.1928470041218684,0,10,13,0.0,0.0,0.0,0,3.224807369406335e-05,1.2899229477625341e-05,0
Sekondi-Takoradi,Western,2023-10-15,0.1264640497617,77.1,28.385714285714283,23.214285714285715,98.28571428571428,21.68,27.85559618394575,0.0024541594173195,35.375,55.42,0.7393863559228683,0,10,13,0.0,0.0,0.0,0,3.259040749981068e-05,1.3036162999924273e-05,0
Sekondi-Takoradi,Western,2023-10-22,0.128100156039913,31.6,29.342857142857145,23.071428571428573,98.0,27.79,26.817719821162484,0.0024541594173195,-11.35,3.8100000000000014,0.7498718058711953,0,10,13,0.0,0.2,0.08,0,2.8811307856813073e-05,0.04001152452314273,0
Sekondi-Takoradi,Western,2023-10-29,0.129736262318126,69.0,29.11428571428572,23.6,96.57142857142856,25.46,30.01085908963205,0.0024541594173195,13.35,43.54,1.3639186050923229,0,10,13,0.0,0.0,0.0,0,2.426777246000711e-05,9.707108984002845e-06,0
Sekondi-Takoradi,Western,2023-11-05,0.1313723685963391,13.0,29.87142857142857,23.914285714285715,95.85714285714286,27.95,29.543753833976496,0.0024541594173195,-34.675,-14.95,0.9334260869890996,0,10,13,0.0,0.2,0.08,0,2.0505343854893e-05,0.040008202137541964,0
Sekondi-Takoradi,Western,2023-11-12,0.1330084748745521,19.5,30.042857142857144,23.8,97.0,26.8,30.907405113686707,0.0024541594173195,-13.775000000000006,-7.300000000000001,0.1944964007429536,0,10,13,0.0,0.2,0.08,0,2.0532777853077278e-05,0.040008213111141236,0
Sekondi-Takoradi,Western,2023-11-19,0.1346445811527652,22.1,30.285714285714285,24.27142857142857,95.0,26.89,28.84177974840173,0.0024541594173195,-8.800000000000004,-4.789999999999999,0.0931763225905803,0,10,13,0.0,0.0,0.0,0,2.4099668735289015e-05,9.639867494115606e-06,0
Sekondi-Takoradi,Western,2023-11-26,0.1362806874309782,30.9,30.214285714285715,24.2,94.42857142857144,25.83,28.66035834145293,0.0024541594173195,9.524999999999997,5.069999999999997,-0.3600543060747455,0,10,13,0.0,0.0,0.0,0,2.609866533020977e-05,1.0439466132083908e-05,0
Sekondi-Takoradi,Western,2023-12-03,0.1379167937091913,5.2,30.071428571428573,23.571428571428573,95.85714285714286,27.52,30.29478342407748,0.0024541594173195,-14.225000000000003,-22.32,-0.4468832567704422,0,10,13,0.0,0.2,0.08,0,4.5484361180569977e-05,0.040018193744472234,0
Sekondi-Takoradi,Western,2023-12-10,0.1395528999874043,12.7,30.52857142857143,24.0,95.42857142857144,27.14,30.43097213562212,0.0024541594173195,-5.025000000000004,-14.44,-0.5310024844457848,0,10,13,0.0,0.0,0.0,0,4.919928323943168e-05,1.9679713295772673e-05,0
Sekondi-Takoradi,Western,2023-12-17,0.1411890062656174,4.5,30.585714285714285,23.414285714285715,94.28571428571428,29.36,30.567160847166747,0.0024541594173195,-8.825000000000003,-24.86,-0.7674552714827769,0,10,13,0.0,0.0,0.0,0,6.482199387392029e-05,2.592879754956812e-05,0
Sekondi-Takoradi,Western,2023-12-24,0.1299450693964881,1.0,32.18571428571429,23.585714285714285,92.85714285714286,30.61,30.908027923645648,-0.0072058729431871,-4.850000000000004,-29.61,-1.1760343773344404,0,10,13,0.0242482798073901,0.4,0.1745489678844341,0,0.000138921313919127,0.0897548804485237,0
Sekondi-Takoradi,Western,2023-12-31,0.1299450693964881,7.1,31.414285714285715,24.714285714285715,97.28571428571428,27.7,30.398163308589687,-0.0052129418650113,0.774999999999995,-20.6,-1.155770361703966,0,10,13,0.0484863727662977,0.4,0.1890918236597786,0,0.0005540992715395987,0.09961618881513494,0
Sunyani,Bono,2022-01-02,0.1914455243031458,0.0,34.0,22.5,96.5,9.05,30.94336964764165,0.0,0.0,-9.05,-0.2822478814936249,0,11,2,0.0,0.0,0.0,0,0.0,0.0,0
Sunyani,Bono,2022-01-09,0.3260027823029068,0.0,34.614285714285714,21.2,73.42857142857143,37.88,31.23067631135183,0.0672786289998805,0.0,-37.88,-0.6692502925101907,0,11,2,0.0,0.0,0.0,0,0.0,0.0,0
Sunyani,Bono,2022-01-16,0.3086443174430155,0.0,35.471428571428575,20.52857142857143,68.57142857142857,39.21,31.29796416042793,0.0332801094266594,0.0,-39.21,-1.0698406973665675,0,11,2,0.03298361165689,0.4,0.179790166994134,0,0.0,0.09319344466275602,0
Sunyani,Bono,2022-01-23,0.2912858525831242,0.0,34.75714285714286,19.685714285714287,38.0,45.33,31.365252009504047,0.0119412334250761,0.0,-45.33,-1.5329563069595171,0,11,2,0.0388447227680011,0.4,0.1833068336608007,0,0.0,0.09553788910720046,0
Sunyani,Bono,2022-01-30,0.2551238361626134,0.0,35.67142857142857,20.38571428571429,46.57142857142857,46.77,31.771936201405424,-0.0401403609603015,0.0,-46.77,-1.9183240721006167,0,11,2,0.042793567995577,0.4,0.1856761407973462,0,0.9990315437316895,0.4967300446909066,0
Sunyani,Bono,2022-02-06,0.2444705640662093,0.0,35.857142857142854,20.3,57.142857142857146,43.1,30.933485415297525,-0.0304105784975313,0.0,-43.1,-1.9716543937876945,0,11,2,0.0327317592772947,0.4,0.1796390555663768,0,0.9960601925849915,0.4915167807449145,0
Sunyani,Bono,2022-02-13,0.2326765852664111,3.4000000000000004,36.25714285714286,23.285714285714285,93.85714285714286,38.48,31.29012031747629,-0.0232126242531783,2.5500000000000003,-35.080000000000005,-1.929460097127229,0,11,2,0.0384884530128296,0.4,0.1830930718076978,0,0.9722621440887451,0.48430023884062995,0
Sunyani,Bono,2022-02-20,0.2099077644849932,6.0,35.642857142857146,23.97142857142857,89.71428571428571,33.9,32.60761816895001,-0.0256369230100635,3.65,-27.9,-1.7513858620686564,0,11,2,0.0334227113978441,0.4,0.1800536268387065,0,0.4033159017562866,0.25469544526165233,0
Sunyani,Bono,2022-02-27,0.1871389437035753,4.1,35.44285714285714,24.428571428571427,90.71428571428572,34.19,29.25669672975181,-0.0314095206767219,0.7249999999999996,-30.09,-1.5809740295513297,0,11,2,0.0479266418286213,0.4,0.1887559850971728,0,0.08387140929698944,0.1327192204502443,0
Sunyani,Bono,2022-03-06,0.1893181107204083,33.3,33.785714285714285,23.65714285714285,89.85714285714286,30.43,31.49631489813453,-0.0154422403234386,21.6,2.869999999999997,-1.1113198364565164,0,11,2,0.0,0.4,0.16,0,0.051020920276641846,0.10040836811065676,0
Sunyani,Bono,2022-03-13,0.2909618572286547,35.2,33.72857142857143,23.914285714285715,93.71428571428572,30.8,31.665584525554777,0.0716301881942468,15.550000000000004,4.400000000000002,-0.7079709666852908,0,11,2,0.0,0.0,0.0,0,0.016109395772218704,0.006443758308887482,0
Sunyani,Bono,2022-03-20,0.3030503381963544,35.1,33.042857142857144,23.77142857142857,94.14285714285714,28.85,31.834854152975023,0.0604330257341062,8.175,6.25,-0.359076237640525,0,11,2,0.0,0.0,0.0,0,0.001577755669131875,0.00063110226765275,0
Sunyani,Bono,2022-03-27,0.3151388191640542,33.8,33.15714285714286,23.442857142857143,94.57142857142856,30.24,26.270432581684304,0.0405215378366862,-0.5499999999999972,3.559999999999995,-0.0152897769565904,0,11,2,0.0,0.0,0.0,0,0.00025258041569031775,0.00010103216627612711,0
Sunyani,Bono,2022-04-03,0.3272273001317539,23.7,32.75714285714286,23.857142857142858,94.57142857142856,29.0,34.77566763575948,0.0181327214515495,-8.250000000000004,-5.300000000000001,-0.098758881972571,0,11,2,0.0,0.0,0.0,0,9.45675274124369e-05,3.7827010964974766e-05,0
Sunyani,Bono,2022-04-10,0.3393157810994537,48.7,33.285714285714285,23.514285714285712,95.28571428571428,30.96,33.14328142380424,0.0181327214515496,13.375,17.740000000000002,0.0375297178944033,0,11,2,0.0,0.0,0.0,0,9.372292697662488e-05,3.748917079064995e-05,0
Sunyani,Bono,2022-04-17,0.3601548583902097,69.6,31.02857142857143,23.15714285714285,95.14285714285714,24.48,30.00713524384139,0.0246956686938418,25.64999999999999,45.11999999999999,0.4346465002654149,0,11,2,0.0,0.0,0.0,0,8.549589256290346e-05,3.419835702516139e-05,0
Sunyani,Bono,2022-04-24,0.3809939356809657,61.5,31.514285714285712,23.12857142857143,96.85714285714286,28.02,28.390000000000043,0.0290709668553699,10.625,33.480000000000004,0.7403252789775494,0,11,2,0.0,0.0,0.0,0,5.400598456617445e-05,2.1602393826469782e-05,0
Sunyani,Bono,2022-05-01,0.4018330129717217,34.3,31.442857142857143,22.7,96.0,28.6,27.91407560810304,0.0312586159361339,-19.225,5.699999999999996,0.8527071829158341,0,11,2,0.0,0.2,0.08,0,3.3020438422681764e-05,0.04001320817536908,0
Sunyani,Bono,2022-05-08,0.4226720902624777,63.39999999999999,31.014285714285712,23.057142857142857,97.71428571428572,25.3,27.43815121620604,0.0312586159361339,6.200000000000003,38.1,1.0607158705688775,0,11,2,0.0,0.0,0.0,0,2.5914689103956334e-05,1.0365875641582534e-05,0
Sunyani,Bono,2022-05-15,0.4435111675532337,66.6,31.77142857142857,23.3,97.0,26.2,26.962226824309028,0.031258615936134,10.149999999999991,40.39999999999999,1.0124938172426317,0,11,2,0.0,0.0,0.0,0,2.455038520565722e-05,9.82015408226289e-06,0
Sunyani,Bono,2022-05-22,0.4643502448439897,120.0,31.3,22.885714285714283,96.85714285714286,25.71,26.455752091502887,0.0312586159361339,48.925,94.29,1.6337614152869129,0,11,2,0.0,0.0,0.0,0,2.6458377760718577e-05,1.0583351104287432e-05,0
Sunyani,Bono,2022-05-29,0.4851893221347457,52.8,30.32857142857143,22.214285714285715,97.71428571428572,27.39,25.949277358696747,0.0312586159361339,-22.89999999999999,25.41,1.835129354070876,0,11,2,0.0,0.2,0.08,0,2.3240121663548052e-05,0.040009296048665426,0
Sunyani,Bono,2022-06-05,0.5060283994255017,46.49999999999999,30.985714285714288,22.27142857142857,97.14285714285714,27.59,30.94348824813449,0.0312586159361339,-24.975,18.91,1.6390740143821774,0,11,2,0.0,0.2,0.08,0,2.0071705876034684e-05,0.04000802868235042,0
Sunyani,Bono,2022-06-12,0.5058131353842612,41.0,30.042857142857144,22.057142857142857,97.14285714285714,25.73,25.72969043789112,0.0154678599371366,-24.07499999999999,15.27,1.3823324465668052,0,11,2,0.0,0.2,0.08,0,1.977795000129845e-05,0.04000791118000053,0
Sunyani,Bono,2022-06-19,0.5055978713430208,84.0,28.785714285714285,21.785714285714285,96.42857142857144,21.18,26.181285166240457,0.0049406892711384,27.925000000000004,62.82,1.060818035936094,0,11,2,0.0,0.0,0.0,0,2.0469256924116053e-05,8.187702769646421e-06,0
Sunyani,Bono,2022-06-26,0.5053826073017803,63.1,29.085714285714285,21.8,97.57142857142856,22.32,26.3426680662304,-0.0003228960618607,4.450000000000003,40.78,1.217846205348043,0,11,2,0.0,0.0,0.0,0,2.6957317459164187e-05,1.0782926983665676e-05,0
Sunyani,Bono,2022-07-03,0.5051673432605398,43.900000000000006,28.357142857142858,21.82857142857143,97.71428571428572,20.86,26.50405096622034,-0.0003228960618607,-14.099999999999994,23.040000000000006,1.260040502008508,0,11,2,0.0,0.2,0.08,0,2.5505534722469747e-05,0.040010202213889,0
Sunyani,Bono,2022-07-10,0.5049520792192994,61.0,28.75714285714286,21.9,96.85714285714286,23.45,26.66543386621028,-0.0003228960618606,-2.0,37.55,1.487664940167143,0,11,2,0.0,0.0,0.0,0,2.3478052753489465e-05,9.391221101395786e-06,0
Sunyani,Bono,2022-07-17,0.5047368151780589,13.7,29.0,21.9,94.42857142857144,23.46,26.826816766200224,-0.0003228960618607,-31.725000000000005,-9.760000000000002,0.7461487049088972,0,11,2,0.0,0.2,0.08,0,2.197437424911186e-05,0.04000878974969965,0
Sunyani,Bono,2022-07-24,0.5045215511368185,1.7000000000000002,28.185714285714287,20.457142857142856,92.0,24.72,26.98819966619017,-0.0003228960618606,-28.375000000000004,-23.02,0.0943336620668455,0,11,2,0.0044594594594594,0.2,0.0826756756756756,0,2.774974564090371e-05,0.04179488368204013,0
Sunyani,Bono,2022-07-31,0.504306287095578,27.6,29.3,21.24285714285714,94.42857142857144,26.04,27.14958256618011,-0.0003228960618607,1.6000000000000014,1.5600000000000025,-0.1251175467144596,0,11,2,0.0,0.0,0.0,0,5.0604550779098645e-05,2.024182031163946e-05,0
Sunyani,Bono,2022-08-07,0.5040910230543375,6.1,28.75714285714286,20.485714285714288,94.0,26.04,27.310965466170053,-0.0003228960618607,-6.175000000000001,-19.94,-0.7124662428428221,0,11,2,0.0,0.0,0.0,0,0.0002363536332268268,9.454145329073072e-05,0
Sunyani,Bono,2022-08-14,0.5038757590130971,17.0,29.2,21.714285714285715,93.28571428571428,24.52,27.472348366159995,-0.0003228960618606,3.899999999999999,-7.52,-0.6895812005862986,0,11,2,0.0,0.0,0.0,0,0.010302838869392872,0.004121135547757149,0
Sunyani,Bono,2022-08-21,0.5036604949718566,13.3,29.057142857142857,21.15714285714285,94.28571428571428,25.59,27.633731266149937,-0.0003228960618606,-2.7,-12.29,-0.5799577615628628,0,11,2,0.0,0.0,0.0,0,0.014150491915643215,0.005660196766257286,0
Sunyani,Bono,2022-08-28,0.5034452309306161,102.9,28.62857142857143,21.65714285714285,94.85714285714286,22.7,27.48864352003501,-0.0003228960618606,68.075,80.2,0.2234706862286563,0,11,2,0.0,0.0,0.0,0,0.017773721367120743,0.007109488546848297,0
Sunyani,Bono,2022-09-04,0.5032299668893757,24.0,28.428571428571427,21.75714285714286,96.85714285714286,22.74,27.343555773920087,-0.0003228960618606,-15.300000000000004,1.259999999999998,0.440061264727896,0,11,2,0.0,0.2,0.08,0,0.0005377830821089447,0.04021511323284359,0
Sunyani,Bono,2022-09-11,0.5030147028481352,13.4,29.0,21.8,95.42857142857144,23.47,27.198468027805166,-0.0003228960618607,-25.000000000000007,-10.07,0.4140090960876572,0,11,2,0.0,0.2,0.08,0,7.93365397839807e-05,0.0400317346159136,0
Sunyani,Bono,2022-09-18,0.5027994388068948,37.9,28.74285714285714,21.842857142857145,96.71428571428572,22.36,27.05338028169024,-0.0003228960618606,-6.649999999999999,15.54,0.6983353130515177,0,11,2,0.0,0.0,0.0,0,4.594839992932975e-05,1.83793599717319e-05,0
Sunyani,Bono,2022-09-25,0.5025841747656543,44.0,28.67142857142857,21.785714285714285,98.0,22.37,27.532581995859434,-0.0003228960618606,14.175,21.63,0.0999527572637597,0,11,2,0.0,0.0,0.0,0,4.116121999686584e-05,1.6464487998746336e-05,0
Sunyani,Bono,2022-10-02,0.5023689107244138,99.7,27.25714285714286,21.485714285714288,97.71428571428572,17.28,28.011783710028627,-0.0003228960618606,50.95,82.42,0.929126877593868,0,11,2,0.0,0.0,0.0,0,0.00014609070785809308,5.843628314323724e-05,0
Sunyani,Bono,2022-10-09,0.5021536466831734,51.5,29.02857142857143,21.585714285714285,98.42857142857144,23.88,28.490985424197817,-0.0003228960618606,-6.774999999999999,27.62,1.3141881466333178,0,11,2,0.0,0.0,0.0,0,4.724779864773154e-05,1.889911945909262e-05,0
Sunyani,Bono,2022-10-16,0.5019383826419329,47.3,28.914285714285715,21.0,98.71428571428572,23.48,28.97018713836701,-0.0003228960618607,-13.325000000000005,23.82,1.3987810706886814,0,11,2,0.0,0.2,0.08,0,2.685696199478116e-05,0.04001074278479792,0
Sunyani,Bono,2022-10-23,0.51966370218093,34.5,30.3,21.685714285714287,99.0,26.06,29.4493888525362,0.0131325416233174,-23.75,8.439999999999998,1.2640249513299564,0,11,2,0.0,0.2,0.08,0,2.3072027033776976e-05,0.04000922881081352,0
Sunyani,Bono,2022-10-30,0.4894264953166286,13.7,30.957142857142856,21.65714285714285,99.14285714285714,30.3,29.928590566705395,-0.0138690613890376,-23.05,-16.6,0.2523834851509603,0,11,2,0.0,0.2,0.08,0,2.264737122459337e-05,0.04000905894848984,0
Sunyani,Bono,2022-11-06,0.4591892884523272,15.5,31.1,22.014285714285712,98.28571428571428,27.68,32.092444264698656,-0.0333651786956274,-12.25,-12.18,-0.1542346763711972,0,11,2,0.0,0.2,0.08,0,4.397685552248731e-05,0.040017590742209,0
Sunyani,Bono,2022-11-13,0.4289520815880258,30.3,30.842857142857145,21.97142857142857,98.28571428571428,26.66,30.82144597464349,-0.0453558102964521,6.800000000000001,3.640000000000001,-0.3604043874143413,0,11,2,0.0,0.0,0.0,0,0.00014760435442440212,5.904174176976085e-05,0
Sunyani,Bono,2022-11-20,0.3816324291562922,2.6,31.428571428571427,21.014285714285712,97.85714285714286,28.9,29.10550512985128,-0.0581676444720262,-12.925,-26.3,-0.7153268731248877,0,11,2,0.0616842731825416,0.5,0.237010563909525,0,0.001209375448524952,0.12515745945242662,0
Sunyani,Bono,2022-11-27,0.3343127767245587,0.0,32.15714285714286,21.31428571428572,98.0,30.19,29.81075581319948,-0.0667088672557422,-12.1,-30.19,-0.8541696071722777,0,11,2,0.0931189281982385,0.5,0.2558713569189431,0,0.0056760432198643684,0.13951798856724115,0
Sunyani,Bono,2022-12-04,0.2869931242928252,31.8,30.428571428571427,21.77142857142857,97.57142857142856,23.75,29.231951114705964,-0.0709794786476002,15.625,8.05,-0.6474890692930504,0,11,2,0.0179599766457451,0.3,0.130775985987447,0,0.02897091582417488,0.07877235698796799,0
Sunyani,Bono,2022-12-11,0.2396734718610917,0.4,32.128571428571426,21.62857142857143,94.42857142857144,28.46,29.24679313482619,-0.0709794786476002,-8.3,-28.06,-0.9713532833697436,0,11,2,0.1211519455963347,0.3,0.1926911673578008,0,0.0363905169069767,0.12301698500132456,0
Sunyani,Bono,2022-12-18,0.3178168121211246,1.4,32.2,20.75714285714286,98.28571428571428,27.44,29.818809590010574,0.0231177658712245,-7.0,-26.040000000000003,-0.9686969838221116,0,11,2,0.0,0.0,0.0,0,0.015096792951226234,0.006038717180490494,0
Sunyani,Bono,2022-12-25,0.3959601523811575,0.0,32.6,18.8,72.71428571428571,34.68,30.39082604519496,0.0858492622171077,-8.4,-34.68,-1.014569233702375,0,11,2,0.0,0.4,0.16,0,0.026921670883893967,0.0907686683535576,0
Sunyani,Bono,2023-01-01,0.363674857692893,0.0,33.471428571428575,18.928571428571427,58.71428571428572,38.04,29.64959367574943,0.0343935341788262,-0.4499999999999999,-38.04,-1.4854494112037882,0,11,2,0.0475751798047859,0.4,0.1885451078828716,0,0.307117760181427,0.2218771759944852,0
Sunyani,Bono,2023-01-08,0.3281249202012286,0.0,33.98571428571429,19.071428571428573,54.85714285714285,39.32,29.71341634649412,-0.0232692653978723,-0.35,-39.32,-1.600487614689705,0,11,2,0.0428447227680011,0.4,0.1857068336608007,0,0.9989880919456482,0.49673312588545976,0
Sunyani,Bono,2023-01-15,0.3109519756067031,0.0,34.471428571428575,19.514285714285712,74.85714285714286,39.76,29.7772390172388,-0.0387260008637924,0.0,-39.76,-1.740658498510911,0,11,2,0.0378447227680011,0.4,0.1827068336608007,0,0.9989320635795593,0.4947107145390242,0
Sunyani,Bono,2023-01-22,0.300826237977414,0.0,34.971428571428575,20.8,84.57142857142857,37.72,30.076768869116904,-0.0250682598921456,0.0,-37.72,-1.771716770144764,0,11,2,0.0477250766871716,0.4,0.188635046012303,0,0.9873751401901245,0.4940400867509185,0
Sunyani,Bono,2023-01-29,0.2075469475484682,9.4,33.74285714285714,23.0,94.28571428571428,30.11,33.85703048379747,-0.0793155727849852,7.050000000000001,-20.71,-1.5946641887583577,1,11,2,0.9983095433860733,0.7,0.8789857260316438,1,0.9313187003135681,0.9118512974798566,1
Sunyani,Bono,2023-02-05,0.2853045391587763,0.1,35.4,22.228571428571428,90.85714285714286,36.48,31.52533567564825,0.0091471140859358,-2.275,-36.38,-1.56462757079667,0,11,2,0.0285554424324777,0.4,0.1771332654594866,0,0.15739691257476807,0.1543809420028983,0
Sunyani,Bono,2023-02-12,0.3177170485525217,8.7,34.25714285714286,23.228571428571428,95.14285714285714,31.15,29.59794348111808,0.0398683552432266,4.15,-22.45,-1.387779320144697,0,11,2,0.0339116297513903,0.4,0.1803469778508342,0,0.09544460475444794,0.13174249380233533,0
Sunyani,Bono,2023-02-19,0.2217422472937817,0.0,35.0,21.728571428571428,77.0,40.28,29.10597416713012,-0.0363354483446053,-4.55,-40.28,-1.4139336541521523,0,11,2,0.0183648558694142,0.4,0.1710189135216485,0,0.10189022123813629,0.12810203084302021,0
Sunyani,Bono,2023-02-26,0.1257674460350417,0.7999999999999999,36.8,23.75714285714286,81.42857142857143,39.19,29.82839989552264,-0.1118653742249886,-1.6,-38.39,-1.5945620233911406,1,11,2,0.8731259115817883,0.7,0.803875546949073,1,0.6508587002754211,0.7495938447428838,1
Sunyani,Bono,2023-03-05,0.2302908610990268,33.5,35.371428571428574,23.97142857142857,92.57142857142856,31.62,30.55082562391516,0.0064114603539338,22.75,1.8800000000000023,-1.2036773284203433,0,11,2,0.0,0.4,0.16,0,0.7655596137046814,0.3862238454818726,0
Sunyani,Bono,2023-03-12,0.2511869492596935,37.3,33.785714285714285,23.77142857142857,93.57142857142856,30.19,31.27325135230768,0.0439400733378076,19.4,7.109999999999996,-0.9016765029280072,0,11,2,0.0,0.0,0.0,0,0.04824298620223999,0.019297194480895997,0
Sunyani,Bono,2023-03-19,0.2720830374203602,0.9,33.028571428571425,23.1,94.14285714285714,32.2,30.378410343258736,0.0522509639668296,-17.225,-31.300000000000004,-0.8099320031674802,0,11,2,0.005,0.2,0.083,0,0.0020736409351229668,0.042829456374049196,0
Sunyani,Bono,2023-03-26,0.2929791255810269,78.5,31.714285714285715,22.728571428571428,96.14285714285714,28.04,29.531561751505933,0.031344132241,40.95,50.46,0.0978072845522104,0,11,2,0.0,0.0,0.0,0,0.0009951043175533414,0.0003980417270213366,0
Sunyani,Bono,2023-04-02,0.3138752137416937,37.2,31.842857142857145,22.957142857142856,95.42857142857144,26.26,28.0282748608451,0.031344132241,-1.2749999999999986,10.94,0.1903691072504704,0,11,2,0.0,0.0,0.0,0,0.00019059878832194954,7.623951532877982e-05,0
Sunyani,Bono,2023-04-09,0.3347713019023604,45.8,32.31428571428571,23.357142857142858,96.14285714285714,30.67,31.6320320309365,0.031344132241,5.199999999999996,15.129999999999995,0.2723057317582016,0,11,2,0.0,0.0,0.0,0,8.268570672953501e-05,3.3074282691814004e-05,0
Sunyani,Bono,2023-04-16,0.3997965612217732,55.7,32.97142857142857,23.47142857142857,94.14285714285714,30.67,31.07037030483798,0.0644410106100596,1.4000000000000057,25.03,0.8478032452894361,0,11,2,0.0,0.0,0.0,0,4.4634227378992364e-05,1.7853690951596946e-05,0
Sunyani,Bono,2023-04-23,0.464821820541186,44.5,32.142857142857146,23.442857142857143,95.28571428571428,29.49,26.794492977930645,0.0865055961894327,-1.2999999999999972,15.009999999999998,0.4856270185065095,0,11,2,0.0,0.0,0.0,0,2.8170927180326544e-05,1.1268370872130618e-05,0
Sunyani,Bono,2023-04-30,0.4653416963985677,54.2,30.8,22.928571428571427,97.57142857142856,24.72,28.812205629890315,0.0491588513825959,4.149999999999999,29.480000000000004,0.6750416093261276,0,11,2,0.0,0.0,0.0,0,3.505833956296556e-05,1.4023335825186223e-05,0
Sunyani,Bono,2023-05-07,0.4658615722559494,36.1,32.07142857142857,23.1,96.85714285714286,30.44,30.829918281849984,0.0169061596515802,-11.525,5.660000000000004,0.5782910065719862,0,11,2,0.0,0.2,0.08,0,3.0757844797335565e-05,0.04001230313791894,0
Sunyani,Bono,2023-05-14,0.4663814481133311,34.9,32.22857142857143,23.557142857142857,97.28571428571428,29.87,32.55096572248232,0.0007798137860725,-7.525000000000006,5.029999999999998,0.3739602721387412,0,11,2,0.0,0.0,0.0,0,3.20670151268132e-05,1.2826806050725282e-05,0
Sunyani,Bono,2023-05-21,0.4669013239707128,42.4,31.0,23.24285714285714,98.14285714285714,26.39,31.887178858500704,0.0007798137860725,0.5,16.009999999999998,0.3841768088604033,0,11,2,0.0,0.0,0.0,0,4.039681516587734e-05,1.6158726066350936e-05,0
Sunyani,Bono,2023-05-28,0.4674211998280945,39.7,31.3,23.071428571428573,97.57142857142856,25.14,26.27157964309322,0.0007798137860725,1.4250000000000045,14.560000000000002,0.2317460809732026,0,11,2,0.0,0.0,0.0,0,4.7646921302657574e-05,1.905876852106303e-05,0
Sunyani,Bono,2023-06-04,0.4679410756854762,56.5,30.77142857142857,23.042857142857144,97.0,25.91,23.83888708367192,0.0007798137860725,13.125,30.59,0.4864443414442425,0,11,2,0.0,0.0,0.0,0,6.180352647788823e-05,2.4721410591155293e-05,0
Sunyani,Bono,2023-06-11,0.4684609515428579,94.5,29.81428571428572,22.5,98.0,23.26,26.42243714725504,0.0007798137860725,36.225,71.24000000000001,1.1628812377854998,0,11,2,0.0,0.0,0.0,0,4.825508949579671e-05,1.9302035798318685e-05,0
Sunyani,Bono,2023-06-18,0.4689808274002396,13.0,29.514285714285712,21.82857142857143,93.71428571428572,25.39,26.93838850125556,0.0007798137860725,-37.925,-12.39,0.8727315948902923,0,11,2,0.0,0.2,0.08,0,3.150287375319749e-05,0.04001260114950129,0
Sunyani,Bono,2023-06-25,0.4695007032576213,73.3,28.014285714285712,22.27142857142857,97.42857142857144,19.29,27.45433985525608,0.0007798137860725,13.974999999999994,54.01,1.275773968559868,0,11,2,0.0,0.0,0.0,0,2.7825004508486018e-05,1.1130001803394407e-05,0
Sunyani,Bono,2023-07-02,0.470020579115003,22.6,28.885714285714283,21.87142857142857,96.0,23.13,27.9702912092566,0.0007798137860725,-28.25,-0.5299999999999976,0.9578353457817388,0,11,2,0.0,0.2,0.08,0,2.4028275220189244e-05,0.04000961131008808,0
Sunyani,Bono,2023-07-09,0.4705404549723847,35.8,29.285714285714285,22.042857142857144,97.71428571428572,22.33,28.48624256325712,0.0007798137860725,-0.375,13.47,0.3676260193713105,0,11,2,0.0,0.0,0.0,0,2.6194162273895927e-05,1.0477664909558371e-05,0
Sunyani,Bono,2023-07-16,0.4710603308297664,44.2,28.585714285714285,22.042857142857144,97.57142857142856,21.69,28.616907042513063,0.0007798137860725,0.2250000000000014,22.51,0.724183150957323,0,11,2,0.0,0.0,0.0,0,3.968851888203062e-05,1.5875407552812248e-05,0
Sunyani,Bono,2023-07-23,0.4715802066871481,40.3,28.585714285714285,22.4,96.42857142857144,21.61,28.74757152176901,0.0007798137860725,4.574999999999996,18.69,0.3633350739482124,0,11,2,0.0,0.0,0.0,0,3.410918725421652e-05,1.364367490168661e-05,0
Sunyani,Bono,2023-07-30,0.4721000825445298,35.4,29.32857142857143,22.428571428571427,96.42857142857144,22.4,28.87823600102496,0.0007798137860725,-3.5249999999999986,13.0,0.5015648157923026,0,11,2,0.0,0.0,0.0,0,5.4231513786362484e-05,2.1692605514544994e-05,0
Sunyani,Bono,2023-08-06,0.4726199584019115,37.2,29.142857142857142,22.514285714285712,95.28571428571428,21.74,29.008900480280904,0.0007798137860725,-2.074999999999996,15.46,0.5218957238684107,0,11,2,0.0,0.0,0.0,0,4.305693437345326e-05,1.7222773749381304e-05,0
Sunyani,Bono,2023-08-13,0.4731398342592932,45.2,28.75714285714286,22.2,96.0,22.2,29.13956495953685,0.0007798137860725,5.674999999999997,23.000000000000004,0.526901826862025,0,11,2,0.0,0.0,0.0,0,4.188073580735363e-05,1.6752294322941454e-05,0
Sunyani,Bono,2023-08-20,0.4736597101166749,31.3,28.9,21.8,96.85714285714286,21.22,29.2702294387928,0.0007798137860726,-5.974999999999998,10.080000000000002,0.4389374456885131,0,11,2,0.0,0.0,0.0,0,4.53370412287768e-05,1.813481649151072e-05,0
Sunyani,Bono,2023-08-27,0.4741795859740566,18.3,29.81428571428572,22.957142857142856,95.85714285714286,23.89,29.40089391804874,0.0007798137860725,-14.7,-5.59,0.2490120280328118,0,11,2,0.0,0.2,0.08,0,4.6732162445550784e-05,0.04001869286497823,0
Sunyani,Bono,2023-09-03,0.4746994618314383,72.80000000000001,29.414285714285715,22.37142857142857,97.28571428571428,22.07,29.53155839730469,0.0007798137860725,30.90000000000001,50.73000000000001,0.6093492782058395,0,11,2,0.0,0.0,0.0,0,5.438320658868179e-05,2.1753282635472718e-05,0
Sunyani,Bono,2023-09-10,0.4752193376888201,43.400000000000006,29.357142857142858,21.87142857142857,97.14285714285714,25.27,29.66222287656064,0.0007798137860725,1.9500000000000028,18.13000000000001,0.5595947443713444,0,11,2,0.0,0.0,0.0,0,5.3603875130647793e-05,2.144155005225912e-05,0
Sunyani,Bono,2023-09-17,0.4757392135462017,57.3,29.12857142857143,22.214285714285715,97.42857142857144,22.17,29.79288735581658,0.0007798137860725,9.349999999999994,35.129999999999995,0.8155189892489837,0,11,2,0.0,0.0,0.0,0,4.7075947804842144e-05,1.883037912193686e-05,0
Sunyani,Bono,2023-09-24,0.4762590894035834,49.7,29.77142857142857,22.17142857142857,97.85714285714286,24.93,29.923551835072526,0.0007798137860725,-6.100000000000001,24.770000000000003,1.1256930441186497,0,11,2,0.0,0.0,0.0,0,3.2696840207790956e-05,1.3078736083116383e-05,0
Sunyani,Bono,2023-10-01,0.4767789652609651,37.3,30.142857142857142,22.585714285714285,98.0,25.84,30.05421631432847,0.0007798137860725,-9.625,11.459999999999996,0.7244896470589728,0,11,2,0.0,0.0,0.0,0,2.6097022782778367e-05,1.0438809113111347e-05,0
Sunyani,Bono,2023-10-08,0.4772988411183468,79.1,28.97142857142857,22.62857142857143,98.0,20.87,25.335436613544687,0.0007798137860725,23.25,58.22999999999999,1.134172769597629,0,11,2,0.0,0.0,0.0,0,3.058454240090214e-05,1.2233816960360855e-05,0
Sunyani,Bono,2023-10-15,0.4778187169757286,58.0,29.4,21.97142857142857,98.28571428571428,23.86,27.887888141488503,0.0007798137860725,1.9750000000000083,34.14,1.124058398243183,0,11,2,0.0,0.0,0.0,0,2.7094714823761024e-05,1.083788592950441e-05,0
Sunyani,Bono,2023-10-22,0.4783385928331102,33.800000000000004,30.52857142857143,22.12857142857143,98.28571428571428,27.04,30.44033966943232,0.0007798137860725,-18.25,6.760000000000005,0.940058571886046,0,11,2,0.0,0.2,0.08,0,2.6369607439846732e-05,0.040010547842975946,0
Sunyani,Bono,2023-10-29,0.478858468690492,19.4,30.74285714285714,22.2,98.14285714285714,27.86,31.13335347050196,0.0007798137860725,-28.175,-8.459999999999997,0.7365451603905342,0,11,2,0.0,0.2,0.08,0,2.536925057938788e-05,0.040010147700231764,0
Sunyani,Bono,2023-11-05,0.4919791356762191,37.1,31.47142857142857,22.385714285714283,98.42857142857144,28.84,27.852789260642737,0.0102304071323316,0.0249999999999985,8.260000000000002,0.2260248204090717,0,11,2,0.0,0.0,0.0,0,2.6865338440984488e-05,1.0746135376393796e-05,0
Sunyani,Bono,2023-11-12,0.5130467049895913,62.4,30.957142857142856,22.15714285714285,97.85714285714286,26.22,29.32988233653282,0.0224909794422381,24.224999999999994,36.18,0.2468665553212627,0,11,2,0.0,0.0,0.0,0,5.936022716923617e-05,2.3744090867694467e-05,0
Sunyani,Bono,2023-11-19,0.4051908984122112,11.5,31.74285714285714,22.557142857142857,98.42857142857144,27.52,29.630937707335136,-0.0670779035299172,-21.1,-16.02,0.0141338488017966,0,11,2,0.0661073501056186,0.5,0.2396644100633712,0,9.889891225611791e-05,0.12648249960714988,0
Sunyani,Bono,2023-11-26,0.3906478488771867,22.1,31.37142857142857,22.67142857142857,98.28571428571428,25.22,29.129380213336105,-0.0595682981116154,-11.175000000000004,-3.119999999999997,0.068690154895473,0,11,2,0.0229599766457451,0.5,0.2137759859874471,0,9.665633115218952e-05,0.10922265319075893,0
Sunyani,Bono,2023-12-03,0.5091933003417584,13.8,31.185714285714287,22.02857142857143,98.14285714285714,25.52,27.550362107263027,0.0546736121865715,-13.65,-11.72,-0.1354362488033387,0,11,2,0.0,0.2,0.08,0,0.00010464282240718603,0.04004185712896288,0
Sunyani,Bono,2023-12-10,0.4576180735616545,6.199999999999999,32.528571428571425,21.357142857142858,97.42857142857144,28.11,28.32442692087787,0.0169555432634518,-7.200000000000001,-21.91,-0.7289148669646986,0,11,2,0.0,0.0,0.0,0,0.0002945639716926962,0.0001178255886770785,0
Sunyani,Bono,2023-12-17,0.4060428467815506,0.0,33.3,19.642857142857142,71.85714285714286,33.910000000000004,29.09849173449271,-0.0348326706089868,-10.525,-33.910000000000004,-0.9116887089152363,0,11,2,0.0,0.2,0.08,0,0.005526659544557333,0.042210663817822944,0
Sunyani,Bono,2023-12-24,0.4106006091185987,0.0,34.25714285714286,19.414285714285715,53.85714285714285,39.4,28.513214195440128,-0.0352630983322918,-5.0,-39.4,-1.2823446611771427,0,11,2,0.0087487844408427,0.4,0.1652492706645057,0,0.11826526373624802,0.1308056192708363,0
Sunyani,Bono,2023-12-31,0.357133922388418,0.0,34.65714285714286,19.714285714285715,74.42857142857143,35.17,29.64609170416054,-0.0507149405741373,-1.5499999999999998,-35.17,-1.5219224473001225,1,11,2,0.9977085095680422,0.7,0.8786251057408252,1,0.9996718168258667,0.9389521305575635,1
Tamale,Northern,2022-01-02,0.1843970241073189,0.0,34.65,20.7,27.0,13.46,37.87159139730619,0.0,0.0,-13.46,0.4209918363784969,0,12,7,0.0044594594594594,0.0,0.0026756756756756,0,0.0,0.00178378378378376,0
Tamale,Northern,2022-01-09,0.1692762265840454,1.1,33.84285714285714,22.514285714285712,28.142857142857142,44.85,36.42809573150697,-0.0075603987616367,0.55,-43.75,0.0199019180378901,0,12,7,0.0,0.0,0.0,0,0.0,0.0,0
Tamale,Northern,2022-01-16,0.1803888270891012,0.0,35.81428571428571,22.4,21.857142857142858,51.16,36.60933748641614,0.0023681344956127,-0.3666666666666667,-51.16,-0.4491211727576629,0,12,7,0.0,0.0,0.0,0,0.0,0.0,0
Tamale,Northern,2022-01-23,0.1512510518605024,0.0,33.8,20.885714285714283,17.142857142857142,53.75,36.7905792413253,-0.0200772305497395,-0.275,-53.75,-0.9418887867189798,0,12,7,0.0,0.0,0.0,0,0.0,0.0,0
Tamale,Northern,2022-01-30,0.1891326949723834,0.0,35.357142857142854,21.942857142857143,18.571428571428573,55.28,35.6400406884178,0.0166204948458752,-0.275,-55.28,-1.3252849098047894,0,12,7,0.0,0.4,0.16,0,0.07368585467338562,0.10947434186935426,0
Tamale,Northern,2022-02-06,0.1793842879111107,0.0,35.3,21.514285714285712,15.714285714285714,54.85,36.47739164497472,0.0043450724528362,0.0,-54.85,-1.4270471519437775,0,12,7,0.0,0.4,0.16,0,0.18769611418247223,0.1550784456729889,0
Tamale,Northern,2022-02-13,0.1686554575826314,0.0,37.25714285714286,23.15714285714285,30.428571428571427,50.25,39.96401981349055,-0.0034504154990255,0.0,-50.25,-1.4187044816422931,0,12,7,0.0433617400688846,0.5,0.2260170440413307,0,0.2154308408498764,0.2035170323675044,0
Tamale,Northern,2022-02-20,0.1622548918783342,0.0,38.285714285714285,24.485714285714288,56.42857142857143,47.49,39.856843235866336,-0.0126019412077807,0.0,-47.49,-1.3613142441837287,0,12,7,0.0337470518512552,0.5,0.2202482311107531,0,0.1569060981273651,0.17626125999144815,0
Tamale,Northern,2022-02-27,0.155854326174037,0.0,37.957142857142856,24.728571428571428,51.57142857142857,49.34,38.96704996335535,-0.0106829147124913,0.0,-49.34,-1.3068576929850269,0,12,7,0.0335006289577735,0.5,0.2201003773746641,0,0.09039600193500519,0.14955865235711147,0
Tamale,Northern,2022-03-06,0.1789496417388079,3.1,38.142857142857146,27.62857142857143,63.142857142857146,43.51,39.283890166544666,0.0125210623953552,2.325,-40.41,-1.1744751005087215,0,12,7,0.022638232383029,0.5,0.2135829394298174,0,0.06556711345911026,0.1352821383368557,0
Tamale,Northern,2022-03-13,0.2020449573035788,0.5,38.885714285714286,26.642857142857142,61.142857142857146,47.23,36.480819709217855,0.0272690030298893,-0.4,-46.73,-1.1422045516502315,0,12,7,0.0317885591804146,0.4,0.1790731355082488,0,0.03394479304552078,0.10629334089037418,0
Tamale,Northern,2022-03-20,0.2251402728683497,14.000000000000002,36.31428571428571,26.4,74.85714285714286,37.85,33.67774925189104,0.0346429733471563,9.6,-23.85,-0.9254784792028724,0,12,7,0.0,0.0,0.0,0,0.02252216637134552,0.009008866548538209,0
Tamale,Northern,2022-03-27,0.2482355884331206,3.2,38.12857142857143,27.728571428571428,68.71428571428571,43.49,35.59586620839548,0.0346429733471563,-2.0,-40.29,-0.84251016466613,0,12,7,0.0,0.0,0.0,0,0.008467249572277069,0.0033868998289108276,0
Tamale,Northern,2022-04-03,0.2713309039978915,11.3,38.2,27.042857142857144,72.28571428571429,43.77,35.251894412292415,0.0346429733471563,4.050000000000001,-32.47,-0.7697180743432862,0,12,7,0.0,0.0,0.0,0,0.005215079057961702,0.002086031623184681,0
Tamale,Northern,2022-04-10,0.2944262195626624,15.7,36.971428571428575,26.557142857142857,78.14285714285714,44.33,34.373492954330885,0.0346429733471563,4.65,-28.629999999999995,-0.6037814452698009,0,12,7,0.0,0.0,0.0,0,0.0032276471611112356,0.0012910588644444944,0
Tamale,Northern,2022-04-17,0.3175215351274334,26.4,33.042857142857144,24.74285714285714,85.0,32.78,33.495091496369355,0.0346429733471563,12.250000000000002,-6.379999999999999,-0.4436205110204202,0,12,7,0.0,0.0,0.0,0,0.0023237792775034904,0.0009295117110013963,0
Tamale,Northern,2022-04-24,0.3406168506922043,34.3,34.72857142857143,25.61428571428572,81.14285714285714,35.58,33.70738981499255,0.0346429733471563,12.375,-1.2800000000000011,-0.08598582040403,0,12,7,0.0,0.0,0.0,0,0.0010782326571643353,0.0004312930628657341,0
Tamale,Northern,2022-05-01,0.3637121662569752,27.0,33.81428571428571,25.214285714285715,81.85714285714286,33.94,31.396907687910755,0.0346429733471563,1.1499999999999986,-6.939999999999998,0.1480673365156429,0,12,7,0.0,0.0,0.0,0,0.00027526915073394775,0.00011010766029357911,0
Tamale,Northern,2022-05-08,0.3664453122266365,9.5,34.05714285714286,25.47142857142857,86.28571428571429,32.65,31.92292458053545,0.019371346150824,-14.799999999999995,-23.15,0.198306713715792,0,12,7,0.0,0.2,0.08,0,0.00011070909386035055,0.04004428363754415,0
Tamale,Northern,2022-05-15,0.3691784581962977,16.5,35.114285714285714,25.571428571428573,88.28571428571429,37.23,32.44894147316015,0.0091902613532693,-5.324999999999996,-20.73,0.066749220500073,0,12,7,0.0,0.0,0.0,0,8.392894233111292e-05,3.357157693244517e-05,0
Tamale,Northern,2022-05-22,0.371911604165959,8.8,33.77142857142857,25.17142857142857,84.0,36.0,32.97495836578484,0.0040997189544919,-6.649999999999999,-27.2,-0.1708793665488076,0,12,7,0.0,0.0,0.0,0,0.00012107190559618175,4.84287622384727e-05,0
Tamale,Northern,2022-05-29,0.3746447501356203,10.7,31.842857142857145,23.914285714285715,92.42857142857144,31.24,33.50097525840954,0.0040997189544919,-0.6750000000000007,-20.54,-0.2955610325929733,0,12,7,0.0049242424242424,0.0,0.0029545454545454,0,0.0003354354703333229,0.002103871157830289,0
Tamale,Northern,2022-06-05,0.3773778961052815,17.5,33.857142857142854,24.61428571428572,88.85714285714286,38.19,34.51889989638363,0.0040997189544918,4.125,-20.69,-0.2730083194702787,0,12,7,0.0,0.0,0.0,0,0.0008773244335316122,0.0003509297734126449,0
Tamale,Northern,2022-06-12,0.3801110420749428,8.7,32.1,24.185714285714287,89.14285714285714,32.54,34.39652687126875,0.0040997189544919,-2.7250000000000014,-23.84,-0.3015200828083195,0,12,7,0.0,0.0,0.0,0,0.001126379705965519,0.0004505518823862076,0
Tamale,Northern,2022-06-19,0.3828441880446041,107.8,30.385714285714283,23.357142857142858,93.42857142857144,25.85,34.274153846153865,0.0040997189544919,71.625,81.95000000000002,0.6991419648917316,0,12,7,0.0,0.0,0.0,0,0.001316283829510212,0.0005265135318040848,0
Tamale,Northern,2022-06-26,0.3855773340142653,33.1,29.428571428571427,22.557142857142857,95.71428571428572,26.07,33.89766668566474,0.0040997189544919,-8.674999999999997,7.030000000000001,0.9518973717180294,0,12,7,0.0,0.0,0.0,0,0.0001368471421301365,5.47388568520546e-05,0
Tamale,Northern,2022-07-03,0.3883104799839266,21.4,29.7,23.142857142857142,94.14285714285714,27.45,33.52117952517562,0.0040997189544919,-21.35000000000001,-6.050000000000001,1.086113518106749,0,12,7,0.0,0.2,0.08,0,4.1480518120806664e-05,0.04001659220724833,0
Tamale,Northern,2022-07-10,0.3910436259535879,18.4,30.057142857142857,22.985714285714288,95.57142857142856,28.75,33.14469236468649,0.0040997189544919,-26.77500000000001,-10.35,1.209786729499087,0,12,7,0.0,0.2,0.08,0,2.6898769647232257e-05,0.0400107595078589,0
Tamale,Northern,2022-07-17,0.3937767719232492,36.4,29.8,23.17142857142857,93.28571428571428,27.72,32.76820520419737,0.0040997189544919,9.075,8.68,0.5380642536861437,0,12,7,0.0,0.0,0.0,0,2.37483654927928e-05,9.499346197117121e-06,0
Tamale,Northern,2022-07-24,0.3965099178929104,32.2,28.785714285714285,22.585714285714285,92.57142857142856,24.85,32.391718043708245,0.0040997189544919,5.100000000000005,7.350000000000001,0.5409979399460064,0,12,7,0.0,0.0,0.0,0,5.113252700539306e-05,2.0453010802157226e-05,0
Tamale,Northern,2022-07-31,0.3992430638625717,28.4,29.585714285714285,22.7,93.28571428571428,24.82,32.015230883219125,0.0040997189544919,-0.4500000000000028,3.5799999999999983,0.6292835608287503,0,12,7,0.0,0.0,0.0,0,5.28722011949867e-05,2.114888047799468e-05,0
Tamale,Northern,2022-08-07,0.401976209832233,4.4,29.87142857142857,22.32857142857143,92.0,29.25,31.63874372273,0.0040997189544919,-20.95,-24.85,0.4963509021787206,0,12,7,0.0,0.2,0.08,0,4.6595549065386876e-05,0.04001863821962616,0
Tamale,Northern,2022-08-14,0.4047093558018942,60.5,30.31428571428572,23.47142857142857,92.0,27.9,32.67479441427463,0.0040997189544919,29.125,32.599999999999994,0.7156439501034592,0,12,7,0.0,0.0,0.0,0,5.3118525102036074e-05,2.124741004081443e-05,0
Tamale,Northern,2022-08-21,0.4074425017715555,12.6,28.81428571428572,22.428571428571427,93.85714285714286,25.09,28.531586472367337,0.0040997189544919,-13.874999999999998,-12.49,0.5337554019919702,0,12,7,0.0,0.2,0.08,0,6.154692528070882e-05,0.04002461877011229,0
Tamale,Northern,2022-08-28,0.4101756477412168,146.5,28.17142857142857,22.37142857142857,96.71428571428572,21.6,28.790104749694176,0.0040997189544919,90.5,124.9,1.6459892052624256,0,12,7,0.0,0.0,0.0,0,6.432217924157158e-05,2.572887169662863e-05,0
Tamale,Northern,2022-09-04,0.4129087937108781,60.7,28.65714285714285,22.571428571428573,96.57142857142856,23.59,29.04862302702101,0.0040997189544919,-9.375,37.11,2.2140242073283454,0,12,7,0.0,0.0,0.0,0,3.2116135116666555e-05,1.2846454046666624e-05,0
Tamale,Northern,2022-09-11,0.4156419396805393,50.0,28.857142857142858,22.457142857142856,97.57142857142856,24.11,29.30714130434785,0.0040997189544919,-17.450000000000003,25.89,2.152508473566849,0,12,7,0.0,0.2,0.08,0,2.138429590559099e-05,0.04000855371836225,0
Tamale,Northern,2022-09-18,0.4183750856502006,68.6,28.057142857142857,22.457142857142856,97.85714285714286,21.16,30.275271057032228,0.0040997189544919,-12.849999999999994,47.44,2.7019329034217647,0,12,7,0.0,0.2,0.08,0,1.9927099856431596e-05,0.04000797083994258,0
Tamale,Northern,2022-09-25,0.4211082316198619,62.1,28.52857142857143,22.285714285714285,98.42857142857144,23.42,31.243400809716604,0.0040997189544918,1.75,38.68,1.9114878117800025,0,12,7,0.0,0.0,0.0,0,1.7719681636663154e-05,7.087872654665262e-06,0
Tamale,Northern,2022-10-02,0.4238413775895231,26.2,27.9,21.985714285714288,98.28571428571428,20.73,29.275465445645352,0.0040997189544919,-25.524999999999995,5.469999999999999,1.6214195828360751,0,12,7,0.0,0.2,0.08,0,1.983862603083253e-05,0.04000793545041234,0
Tamale,Northern,2022-10-09,0.4265745235591844,43.3,29.957142857142856,22.61428571428572,97.71428571428572,28.88,30.67611750022286,0.0040997189544919,-6.749999999999993,14.420000000000003,1.516265265959121,0,12,7,0.0,0.0,0.0,0,2.035926081589423e-05,8.143704326357692e-06,0
Tamale,Northern,2022-10-16,0.4293076695288457,25.0,29.87142857142857,22.642857142857142,97.0,27.26,31.65097320910008,0.0040997189544919,-14.150000000000006,-2.259999999999998,1.0606271187241916,0,12,7,0.0,0.2,0.08,0,2.0829182176385075e-05,0.04000833167287056,0
Tamale,Northern,2022-10-23,0.432040815498507,0.1,32.18571428571429,23.057142857142857,93.57142857142856,33.42,32.62582891797729,0.0040997189544919,-23.55,-33.32,0.4005477102550786,0,12,7,0.0,0.2,0.08,0,2.6122121198568493e-05,0.04001044884847944,0
Tamale,Northern,2022-10-30,0.3998758412485539,0.3999999999999999,33.25714285714286,22.32857142857143,85.0,35.66,33.6006846268545,-0.0220738712102188,-16.800000000000004,-35.26,0.0271444559919263,0,12,7,0.0,0.2,0.08,0,4.653067298932001e-05,0.04001861226919574,0
Tamale,Northern,2022-11-06,0.3608543676951303,0.0,33.98571428571428,22.37142857142857,73.57142857142857,37.86,35.4488094215169,-0.0446653057976288,-6.375,-37.86,-0.4521465367131462,0,12,7,0.0,0.0,0.0,0,0.00016428428352810442,6.571371341124177e-05,0
Tamale,Northern,2022-11-13,0.3218328941417067,21.0,33.642857142857146,21.885714285714283,77.42857142857143,35.77,36.23549495817423,-0.0568180855042677,15.625,-14.770000000000003,-0.5668353339346548,0,12,7,0.0279003496503496,0.3,0.1367402097902098,0,0.015603344887495041,0.07740147781513786,0
Tamale,Northern,2022-11-20,0.3135547045143563,0.0,33.48571428571429,20.514285714285712,64.85714285714286,38.620000000000005,35.647835679445905,-0.0354747473855804,-5.35,-38.620000000000005,-0.615424512613631,0,12,7,0.0,0.0,0.0,0,0.06362397223711014,0.025449588894844055,0
Tamale,Northern,2022-11-27,0.2689455185548751,0.0,33.32857142857143,19.8,62.142857142857146,36.24,35.80232050342454,-0.0473513526716419,-5.25,-36.24,-0.6244089267844607,0,12,7,0.0,0.0,0.0,0,0.0558772012591362,0.022350880503654483,0
Tamale,Northern,2022-12-04,0.2373753340826986,0.6,33.65714285714286,22.514285714285712,82.71428571428571,32.87,35.492275518714166,-0.0480517787407105,-4.800000000000001,-32.27,-0.5731610949324836,0,12,7,0.0146551724137931,0.0,0.0087931034482758,0,0.12488078325986862,0.05581438226946469,0
Tamale,Northern,2022-12-11,0.2180243796310707,0.0,34.24285714285714,20.885714285714283,55.285714285714285,38.31,36.16989335085543,-0.0414506045646794,-0.15,-38.31,-0.7889703904236353,0,12,7,0.0,0.0,0.0,0,0.13749848306179047,0.05499939322471619,0
Tamale,Northern,2022-12-18,0.2257577887968048,0.0,33.55714285714286,19.0,63.71428571428572,35.27,35.30366221031613,-0.0117679664695574,-0.15,-35.27,-0.7582583623906972,0,12,7,0.0,0.0,0.0,0,0.07519631832838058,0.030078527331352235,0
Tamale,Northern,2022-12-25,0.2334911979625389,0.0,32.971428571428575,20.428571428571427,31.714285714285715,45.73,34.437431069776835,0.0048290228442606,-0.15,-45.73,-0.8452604955347511,0,12,7,0.0,0.0,0.0,0,0.14590305089950562,0.05836122035980225,0
Tamale,Northern,2023-01-01,0.2032262574391969,0.0,33.41428571428572,21.02857142857143,26.714285714285715,48.05,34.593276681240354,-0.0168986485182058,0.0,-48.05,-0.989927899224232,0,12,7,0.005,0.0,0.003,0,0.5021911859512329,0.20287647438049317,0
Tamale,Northern,2023-01-08,0.1314873279959968,0.0,34.4,20.97142857142857,30.714285714285715,45.84,34.713708774545665,-0.0670033150526375,0.0,-45.84,-1.0589612040266263,1,12,7,0.9973957035745206,0.7,0.8784374221447122,1,0.21034471690654755,0.6230961681924273,0
Tamale,Northern,2023-01-15,0.1816860231540115,0.0,34.885714285714286,21.9,25.0,50.08,34.83414086785098,-0.0057866784839245,0.0,-50.08,-1.1947358712408982,0,12,7,0.0779198962208973,0.4,0.2067519377325384,0,0.1492650955915451,0.170873996724977,0
Tamale,Northern,2023-01-22,0.2023017934590247,0.0,35.72857142857143,21.185714285714287,31.714285714285715,45.94,36.59844448937309,0.0226264429469671,0.0,-45.94,-1.1966611028489331,0,12,7,0.0237234284081673,0.4,0.1742340570449004,0,0.1344812512397766,0.14328187185917757,0
Tamale,Northern,2023-01-29,0.179498018547048,0.0,36.54285714285714,22.414285714285715,61.42857142857143,40.98,39.3141173646037,0.0057547277580277,0.0,-40.98,-1.131844972045091,0,12,7,0.0141453361649807,0.5,0.2084872016989884,0,0.14684049785137177,0.164394333606541,0
Tamale,Northern,2023-02-05,0.1796942630815759,0.0,37.55714285714286,23.12857142857143,44.0,47.55,38.24275215446431,-0.0061007614788391,0.0,-47.55,-1.1475218579962323,0,12,7,0.0290064472760918,0.5,0.2174038683656551,0,0.11673418432474136,0.15829625264033328,0
Tamale,Northern,2023-02-12,0.1619781890051005,0.0,37.52857142857143,24.3,58.285714285714285,44.17,38.4644830549168,-0.0188898770180867,0.0,-44.17,-1.0933403398843928,0,12,7,0.024041169498314,0.5,0.2144247016989884,0,0.1026470959186554,0.15067530616678776,0
Tamale,Northern,2023-02-19,0.1359957028596722,0.0,36.371428571428574,23.585714285714285,19.0,58.55,35.61744724405469,-0.0282958405136769,0.0,-58.55,-1.2089459140621084,0,12,7,0.0,0.4,0.16,0,0.08150947093963623,0.11260378837585451,0
Tamale,Northern,2023-02-26,0.1100132167142439,0.0,38.3,24.17142857142857,40.0,48.120000000000005,39.92197856908189,-0.0369071262009042,0.0,-48.120000000000005,-1.2744037887352953,0,12,7,0.1280676224218257,0.5,0.2768405734530955,0,0.13134199380874634,0.20376384649222884,0
Tamale,Northern,2023-03-05,0.1925456624738854,0.0,37.57142857142857,26.457142857142856,68.0,42.42,39.08586090121054,0.0424124697106599,0.0,-42.42,-1.227373130881871,0,12,7,0.0270826768274735,0.5,0.2162496060964841,0,0.13036951422691345,0.1629808764217548,0
Tamale,Northern,2023-03-12,0.1719527320024846,2.5,38.5,26.985714285714288,67.85714285714286,43.53,38.24974323333919,0.019325903489913,1.875,-41.03,-1.1985863344569678,0,12,7,0.022638232383029,0.5,0.2135829394298174,0,0.05523946136236191,0.13115107749815635,0
Tamale,Northern,2023-03-19,0.1513598015310838,1.1,36.98571428571428,25.185714285714287,73.0,42.24,41.8222042508026,-0.0051080516493406,0.2,-41.14,-1.038975466381312,0,12,7,0.0334351088922534,0.5,0.220061065335352,0,0.017163746058940887,0.12023954198047772,0
Tamale,Northern,2023-03-26,0.1915796463582622,12.5,34.214285714285715,24.642857142857142,83.85714285714286,34.39,37.95594707978461,0.0147201857668332,8.475,-21.89,-0.7985048707681891,0,12,7,0.0,0.0,0.0,0,0.01744402013719082,0.006977608054876328,0
Tamale,Northern,2023-04-02,0.2317994911854406,0.4,36.5,25.8,72.71428571428571,41.49,37.06853654016709,0.0451265734161228,-3.725,-41.09,-0.7863117372506347,0,12,7,0.0044444444444444,0.0,0.0026666666666666,0,0.011036494746804237,0.006192375676499455,0
Tamale,Northern,2023-04-09,0.272019336012619,28.3,36.65714285714286,26.11428571428572,75.28571428571429,41.75,36.01454926836669,0.0603297672407676,17.725,-13.45,-0.5334646527287161,0,12,7,0.0,0.0,0.0,0,0.00657955976203084,0.0026318239048123363,0
Tamale,Northern,2023-04-16,0.3122391808397974,2.5,37.271428571428565,26.6,72.42857142857143,44.09,36.01381273713429,0.0603297672407675,-8.425,-41.59,-0.5375901490316481,0,12,7,0.0,0.0,0.0,0,0.002019855659455061,0.0008079422637820244,0
Tamale,Northern,2023-04-23,0.3167467046146892,6.1,36.385714285714286,26.714285714285715,78.0,42.04,33.76546076772155,0.0335455264515526,-3.225,-35.94,-0.6663973113787458,0,12,7,0.005,0.0,0.003,0,0.0013819877058267593,0.002552795082330704,0
Tamale,Northern,2023-04-30,0.321254228389581,40.3,33.614285714285714,25.02857142857143,87.71428571428571,30.69,33.70487347567507,0.0156893659254093,21.0,9.61,-0.2015913945817454,0,12,7,0.0,0.0,0.0,0,0.0017387020634487271,0.0006954808253794909,0
Tamale,Northern,2023-05-07,0.3257617521644729,30.1,34.971428571428575,25.32857142857143,85.71428571428571,38.77,33.644286183628594,0.0067612856623378,10.349999999999998,-8.669999999999998,-0.157769456075046,0,12,7,0.0,0.0,0.0,0,0.00074294168734923,0.00029717667493969204,0
Tamale,Northern,2023-05-14,0.3302692759393648,30.1,35.528571428571425,25.81428571428572,85.28571428571429,37.9,35.541921136858264,0.0067612856623377,3.450000000000003,-7.799999999999997,0.1520094774273334,0,12,7,0.0,0.0,0.0,0,0.00028370937798172235,0.00011348375119268894,0
Tamale,Northern,2023-05-21,0.3026705454713235,10.9,32.6,24.75714285714286,90.57142857142856,32.65,35.67847607975949,-0.017318405019862,-16.949999999999996,-21.75,0.2821001275131211,0,12,7,0.0,0.2,0.08,0,9.783204586710781e-05,0.040039132818346854,0
Tamale,Northern,2023-05-28,0.2774313550196664,6.7,34.07142857142857,25.11428571428572,90.85714285714286,36.03,35.05494372417729,-0.0316018771290405,-12.75,-29.33,-0.0748928192339241,0,12,7,0.0,0.2,0.08,0,7.106838165782392e-05,0.04002842735266314,0
Tamale,Northern,2023-06-04,0.2521921645680094,13.4,34.3,25.37142857142857,83.42857142857143,37.24,34.2212303164883,-0.0384486706815816,-1.8749999999999984,-23.840000000000003,-0.2139678834905414,0,12,7,0.0,0.0,0.0,0,0.00014234238187782466,5.693695275112987e-05,0
Tamale,Northern,2023-06-11,0.257897152125845,12.2,33.457142857142856,24.9,85.14285714285714,33.43,33.38751690879932,-0.014650652170366,1.3999999999999986,-21.23,-0.3370910287091551,0,12,7,0.0,0.0,0.0,0,0.0003073800471611321,0.00012295201886445284,0
Tamale,Northern,2023-06-18,0.2636021396836806,13.1,31.77142857142857,23.985714285714288,92.57142857142856,30.64,32.55380350111033,0.0008214368343802,1.75,-17.54,-0.2984947188528361,0,12,7,0.005,0.0,0.003,0,0.0006255210610106587,0.0022502084244042635,0
Tamale,Northern,2023-06-25,0.2693071272415162,20.8,30.77142857142857,23.785714285714285,92.85714285714286,26.99,31.72009009342134,0.0085574813367534,5.925000000000001,-6.189999999999998,-0.086352531186513,0,12,7,0.0,0.0,0.0,0,0.0005591361550614238,0.00022365446202456953,0
Tamale,Northern,2023-07-02,0.2750121147993518,37.6,29.942857142857143,23.3,94.28571428571428,25.39,30.886376685732355,0.0085574813367534,16.675,12.21,0.244145561526147,0,12,7,0.0,0.0,0.0,0,0.00031059273169375956,0.00012423709267750382,0
Tamale,Northern,2023-07-09,0.2807171023571874,34.800000000000004,31.014285714285712,23.342857142857145,95.42857142857144,28.53,30.05266327804337,0.0085574813367534,8.225000000000001,6.270000000000003,0.4962592244831,0,12,7,0.0,0.0,0.0,0,0.00013666588347405195,5.4666353389620784e-05,0
Tamale,Northern,2023-07-16,0.286422089915023,42.4,30.47142857142857,23.414285714285715,95.57142857142856,25.38,29.21894987035438,0.0085574813367533,8.499999999999993,17.02,0.8130973405482741,0,12,7,0.0,0.0,0.0,0,6.35054093436338e-05,2.5402163737453522e-05,0
Tamale,Northern,2023-07-23,0.2921270774728586,54.7,30.085714285714285,23.31428571428572,95.71428571428572,26.18,27.30226913607447,0.0085574813367533,12.325000000000005,28.520000000000003,1.1313106220477591,0,12,7,0.0,0.0,0.0,0,3.8208847399801016e-05,1.5283538959920407e-05,0
Tamale,Northern,2023-07-30,0.2978320650306942,73.3,29.77142857142857,23.357142857142858,96.0,24.47,27.75846214255264,0.0085574813367533,22.0,48.83,1.4670343434107995,0,12,7,0.0,0.0,0.0,0,2.902453525166493e-05,1.1609814100665973e-05,0
Tamale,Northern,2023-08-06,0.3035370525885298,37.8,29.11428571428571,23.3,95.57142857142856,24.44,28.21465514903081,0.0085574813367534,-14.25,13.359999999999996,1.5320338296058829,0,12,7,0.0,0.2,0.08,0,2.4640899937367067e-05,0.040009856359974956,0
Tamale,Northern,2023-08-13,0.3092420401463654,63.6,29.085714285714285,22.9,96.71428571428572,24.24,28.67084815550898,0.0085574813367533,6.25,39.36,1.7368418016225493,0,12,7,0.0,0.0,0.0,0,2.181243871746119e-05,8.724975486984476e-06,0
Tamale,Northern,2023-08-20,0.3149470277042011,32.9,29.542857142857144,22.985714285714288,97.0,26.36,29.127041161987147,0.0085574813367534,-19.0,6.539999999999999,1.5353342266482282,0,12,7,0.0,0.2,0.08,0,2.041426341747865e-05,0.040008165705367,0
Tamale,Northern,2023-08-27,0.3206520152620367,42.6,30.214285714285715,23.585714285714285,96.14285714285714,27.39,29.58323416846532,0.0085574813367533,-1.625,15.21,1.227113813971401,0,12,7,0.0,0.0,0.0,0,2.0613904780475423e-05,8.24556191219017e-06,0
Tamale,Northern,2023-09-03,0.3263570028198723,47.5,29.485714285714288,22.957142857142856,97.57142857142856,24.37,30.039427174943487,0.0085574813367534,0.8500000000000014,23.13,1.3166829225928347,0,12,7,0.0,0.0,0.0,0,2.2572743546334095e-05,9.029097418533638e-06,0
Tamale,Northern,2023-09-10,0.3320619903777079,38.8,29.457142857142856,22.685714285714287,97.42857142857144,26.11,30.495620181421657,0.0085574813367534,-1.6500000000000057,12.689999999999998,1.072178508372401,0,12,7,0.0,0.0,0.0,0,2.2591288143303245e-05,9.036515257321298e-06,0
Tamale,Northern,2023-09-17,0.3377669779355435,82.69999999999999,29.342857142857145,23.31428571428572,96.85714285714286,23.25,30.61661767560554,0.0085574813367534,29.79999999999999,59.44999999999999,1.557245195901578,0,12,7,0.0,0.0,0.0,0,2.558724554546643e-05,1.0234898218186574e-05,0
Tamale,Northern,2023-09-24,0.3434719654933791,40.2,29.6,22.585714285714285,97.85714285714286,25.96,30.91881060267633,0.0085574813367534,-12.1,14.239999999999997,1.548352459426369,0,12,7,0.0,0.2,0.08,0,2.3063710614223965e-05,0.040009225484245695,0
Tamale,Northern,2023-10-01,0.3491769530512147,7.3,31.285714285714285,23.75714285714286,96.42857142857144,31.96,28.193031228784832,0.0085574813367533,-34.95,-24.66,1.1102247520549953,0,12,7,0.0,0.2,0.08,0,2.210949060099665e-05,0.04000884379624041,0
Tamale,Northern,2023-10-08,0.3548819406090504,77.8,29.928571428571427,23.228571428571428,97.71428571428572,23.31,29.90990356650866,0.0085574813367534,25.8,54.49,1.4934375197495635,0,12,7,0.0,0.0,0.0,0,2.2751626602257602e-05,9.100650640903042e-06,0
Tamale,Northern,2023-10-15,0.360586928166886,27.2,30.52857142857143,23.571428571428573,96.28571428571428,27.53,30.770179234036533,0.0085574813367533,-10.925,-0.3300000000000018,0.9453882553289586,0,12,7,0.0,0.2,0.08,0,2.2200660168891773e-05,0.04000888026406756,0
Tamale,Northern,2023-10-22,0.3662919157247216,13.2,31.67142857142857,23.75714285714286,95.57142857142856,31.33,31.63045490156441,0.0085574813367533,-18.175,-18.130000000000003,0.6486275546047199,0,12,7,0.0,0.2,0.08,0,2.9393218937912025e-05,0.040011757287575174,0
Tamale,Northern,2023-10-29,0.3719969032825572,0.6,32.94285714285714,23.728571428571428,89.85714285714286,33.99,32.44815512143356,0.0085574813367534,-29.1,-33.39,0.56859292632784,0,12,7,0.0,0.2,0.08,0,3.050388659175951e-05,0.04001220155463671,0
Tamale,Northern,2023-11-05,0.398022768226897,0.0,34.3,24.65714285714285,85.28571428571429,33.96,32.26667618590312,0.0237981393766315,-10.25,-33.96,-0.242296291437341,0,12,7,0.0,0.2,0.08,0,3.386984462849796e-05,0.040013547937851404,0
Tamale,Northern,2023-11-12,0.3788464520148583,5.5,34.51428571428571,24.9,84.71428571428571,34.26,34.11299805403229,5.694220259983007e-05,0.6750000000000007,-28.76,-0.5029359800870198,0,12,7,0.0,0.0,0.0,0,0.0004362539038993418,0.00017450156155973673,0
Tamale,Northern,2023-11-19,0.3596701358028196,0.0,34.65714285714286,22.957142857142856,77.28571428571429,36.29,34.56396876342592,-0.0174639290289633,-1.525,-36.29,-0.6694226753342294,0,12,7,0.0,0.0,0.0,0,0.0054239253513514996,0.0021695701405406,0
Tamale,Northern,2023-11-26,0.340493819590781,7.1000000000000005,34.55714285714286,23.82857142857143,73.57142857142857,34.17,34.869293386236905,-0.028764474318058,3.95,-27.07,-0.6114823717019406,0,12,7,0.0049473684210526,0.0,0.0029684210526315,0,0.027856212109327316,0.013121432212151967,0
Tamale,Northern,2023-12-03,0.3138648350765486,7.0,33.67142857142857,22.928571428571427,86.71428571428571,30.6,35.75066188177618,-0.0343539755447033,2.1,-23.6,-0.5165042790388849,0,12,7,0.0,0.0,0.0,0,0.04904189333319664,0.019616757333278657,0
Tamale,Northern,2023-12-10,0.2951084153972773,0.0,33.41428571428571,19.557142857142857,67.57142857142857,34.65,34.596105284439915,-0.0321758860695793,-3.5250000000000004,-34.65,-0.5705024417594832,0,12,7,0.0,0.0,0.0,0,0.03240764141082764,0.012963056564331055,0
Tamale,Northern,2023-12-17,0.2994142784703652,0.0,32.68571428571429,19.5,49.285714285714285,40.18,33.44154868710365,-0.0128060586633778,-3.5250000000000004,-40.18,-0.6061650653559395,0,12,7,0.0,0.0,0.0,0,0.049104977399110794,0.01964199095964432,0
Tamale,Northern,2023-12-24,0.2872044359680683,0.0,33.714285714285715,20.77142857142857,41.285714285714285,45.75,35.13173620763729,-0.0116935552599965,-1.75,-45.75,-0.7774190007754259,0,12,7,0.005,0.0,0.003,0,0.24675703048706055,0.10070281219482423,0
Tamale,Northern,2023-12-31,0.2741995629502286,0.0,33.84285714285714,20.414285714285715,44.142857142857146,42.55,35.49289367939559,-0.0147821102462561,0.0,-42.55,-0.9511482339766716,0,12,7,0.0,0.0,0.0,0,0.8768892288208008,0.3507556915283203,0
Techiman,Bono East,2022-01-02,0.107823196623956,0.0,33.75,21.8,93.0,9.95,30.785819978767847,0.0,0.0,-9.95,-0.0748086732516459,0,13,3,0.0044594594594594,0.0,0.0026756756756756,0,0.0,0.00178378378378376,0
Techiman,Bono East,2022-01-09,0.3570184736294027,0.0,33.55714285714286,21.928571428571427,55.285714285714285,41.02,31.091952631313006,0.1245976385027233,0.0,-41.02,-0.5227808065027157,0,13,3,0.0,0.0,0.0,0,0.0,0.0,0
Techiman,Bono East,2022-01-16,0.3512982607617155,0.0,34.5,21.414285714285715,52.71428571428572,44.0,31.250103761185187,0.0792516170900241,0.0,-44.0,-1.0032969903897726,0,13,3,0.0,0.4,0.16,0,0.0,0.08000000000000002,0
Techiman,Bono East,2022-01-23,0.3103843546274437,0.0,33.371428571428574,21.02857142857143,23.857142857142858,50.3,31.408254891057368,0.0287532832168141,0.0,-50.3,-1.5526143551515676,0,13,3,0.0192673659781409,0.4,0.1715604195868845,0,0.0,0.08770694639125637,0
Techiman,Bono East,2022-01-30,0.33946659037483,0.0,34.271428571428565,21.17142857142857,48.285714285714285,48.05,31.279651938729387,-7.532947351795993e-05,0.0,-48.05,-1.9686976871083144,0,13,3,0.0190773223168279,0.4,0.1714463933900968,0,0.986200213432312,0.482111014299656,0
Techiman,Bono East,2022-02-06,0.2893273733167187,0.0,34.91428571428572,20.8,51.142857142857146,46.4,30.746990293716465,-0.0332917714534582,0.0,-46.4,-2.027451711410868,0,13,3,0.0188713836195099,0.4,0.171322830171706,0,0.9878553748130798,0.48269070337303593,0
Techiman,Bono East,2022-02-13,0.3198623413852454,5.9,35.5,22.32857142857143,94.28571428571428,40.36,31.96126485010888,0.0051021764591859,4.425,-34.46,-1.9232670660862656,0,13,3,0.0192274425134916,0.4,0.171536465508095,0,0.9586930274963379,0.4711681880039318,0
Techiman,Bono East,2022-02-20,0.3311406006546845,8.299999999999999,35.4,23.32857142857143,90.28571428571428,36.13,31.265169859966875,0.0111913742218148,4.749999999999999,-27.830000000000005,-1.6778761876330344,0,13,3,0.0240641648253913,0.4,0.1744384988952348,0,0.5710773468017578,0.31805660465085966,0
Techiman,Bono East,2022-02-27,0.3424188599241237,7.1000000000000005,34.857142857142854,23.585714285714285,91.85714285714286,34.21,27.36101958393658,0.0217315661039306,1.7750000000000012,-27.11,-1.4491941673922395,0,13,3,0.0289332747730353,0.4,0.1773599648638212,0,0.11196596175432205,0.13635969461094297,0
Techiman,Bono East,2022-03-06,0.3536971191935629,40.4,33.271428571428565,23.442857142857143,88.71428571428571,29.78,29.86030711288646,0.0169173889041588,24.975,10.619999999999996,-0.8264888763640579,0,13,3,0.0,0.0,0.0,0,0.06844634562730789,0.027378538250923158,0
Techiman,Bono East,2022-03-13,0.3649753784630021,27.7,33.214285714285715,23.3,94.57142857142856,31.78,30.488924725747182,0.0169173889041587,6.824999999999999,-4.080000000000002,-0.4947142930347675,0,13,3,0.0,0.0,0.0,0,0.015249380841851234,0.006099752336740494,0
Techiman,Bono East,2022-03-20,0.3817976311840677,63.1,32.42857142857143,23.17142857142857,94.0,28.71,31.117542338607905,0.0210753839928786,28.525,34.39,0.1847792742709753,0,13,3,0.0,0.0,0.0,0,0.002174283377826214,0.0008697133511304856,0
Techiman,Bono East,2022-03-27,0.3986198839051333,20.7,32.75714285714286,22.942857142857143,94.14285714285714,30.11,30.870272155917945,0.0238473807186918,-17.275000000000002,-9.41,0.378077830061905,0,13,3,0.0,0.2,0.08,0,0.00020253843104001135,0.04008101537241601,0
Techiman,Bono East,2022-04-03,0.415442136626199,16.0,32.18571428571429,23.357142857142858,95.57142857142856,29.65,30.623001973227986,0.0252333790815985,-15.875,-13.650000000000002,0.1130294713587488,0,13,3,0.0,0.2,0.08,0,7.197527156677097e-05,0.04002879010862671,0
Techiman,Bono East,2022-04-10,0.4322643893472646,19.6,32.77142857142857,23.228571428571428,95.0,31.49,29.41936627031532,0.0252333790815985,-10.25,-11.890000000000004,0.0277378487187962,0,13,3,0.0,0.2,0.08,0,7.767879287712276e-05,0.04003107151715086,0
Techiman,Bono East,2022-04-17,0.4490866420683302,73.1,30.7,22.714285714285715,94.71428571428572,24.96,29.489342012169345,0.0252333790815984,40.75,48.13999999999999,0.1778991561835014,0,13,3,0.0,0.0,0.0,0,0.00012165887892479077,4.866355156991631e-05,0
Techiman,Bono East,2022-04-24,0.4659088947893958,71.8,31.1,22.75714285714286,96.71428571428572,29.04,24.38912738823757,0.0252333790815983,26.675,42.76,0.747638458760496,0,13,3,0.0,0.0,0.0,0,0.0002084054285660386,8.336217142641545e-05,0
Techiman,Bono East,2022-05-01,0.4827311475104615,24.5,30.857142857142858,22.342857142857145,95.0,28.87,26.629364368545964,0.0252333790815984,-22.75,-4.370000000000001,0.8489836902712208,0,13,3,0.0,0.2,0.08,0,5.5833254009485245e-05,0.040022333301603805,0
Techiman,Bono East,2022-05-08,0.4853586168218163,17.2,30.442857142857143,22.65714285714285,97.0,26.03,27.661546172840456,0.0145872915243153,-29.45,-8.830000000000002,0.8824014066960935,0,13,3,0.0,0.2,0.08,0,3.242622551624663e-05,0.04001297049020651,0
Techiman,Bono East,2022-05-15,0.487986086133171,44.0,31.31428571428572,22.9,97.14285714285714,26.61,28.693727977134948,0.0074898998194599,4.625,17.39,0.5465861190932071,0,13,3,0.0,0.0,0.0,0,2.8939793992321938e-05,1.1575917596928775e-05,0
Techiman,Bono East,2022-05-22,0.4906135554445259,72.5,30.414285714285715,22.47142857142857,96.28571428571428,24.83,29.72590978142944,0.0039412039670322,32.95,47.67,0.6002073568860582,0,13,3,0.0,0.0,0.0,0,5.18321139679756e-05,2.073284558719024e-05,0
Techiman,Bono East,2022-05-29,0.4932410247558807,60.6,30.042857142857144,21.81428571428572,97.14285714285714,27.81,23.082410864197698,0.0039412039670322,12.025,32.79,1.0060251158233997,0,13,3,0.0,0.0,0.0,0,6.72157111694105e-05,2.68862844677642e-05,0
Techiman,Bono East,2022-06-05,0.4958684940672355,24.5,30.414285714285715,21.985714285714288,97.0,27.38,30.848966937971056,0.0039412039670321,-25.90000000000001,-2.879999999999999,1.0710040088717634,0,13,3,0.0,0.2,0.08,0,3.57651588274166e-05,0.04001430606353097,0
Techiman,Bono East,2022-06-12,0.4984959633785903,42.8,29.5,21.81428571428572,96.28571428571428,25.34,28.34925623502278,0.0039412039670321,-7.300000000000004,17.459999999999997,1.0717684664370382,0,13,3,0.0,0.0,0.0,0,2.799468165903818e-05,1.1197872663615272e-05,0
Techiman,Bono East,2022-06-19,0.5011234326899451,76.6,27.77142857142857,21.5,95.85714285714286,20.75,25.82019847188306,0.0039412039670321,25.474999999999994,55.85,1.1611007933505864,0,13,3,0.0,0.0,0.0,0,2.897356534958817e-05,1.1589426139835269e-05,0
Techiman,Bono East,2022-06-26,0.5037509020012999,55.5,28.67142857142857,21.32857142857143,97.71428571428572,23.34,23.29114070874334,0.0039412039670322,5.650000000000006,32.16,1.1542206752631126,0,13,3,0.0,0.0,0.0,0,3.46921369782649e-05,1.387685479130596e-05,0
Techiman,Bono East,2022-07-03,0.5063783713126547,34.4,28.214285714285715,21.414285714285715,97.28571428571428,21.38,24.315082655994782,0.0039412039670322,-17.924999999999997,13.02,1.3278617508041173,0,13,3,0.0,0.2,0.08,0,3.099972673226148e-05,0.04001239989069291,0
Techiman,Bono East,2022-07-10,0.5090058406240096,42.4,28.185714285714287,21.4,97.28571428571428,22.44,25.33902460324623,0.0039412039670322,-9.824999999999996,19.96,1.3551638067067908,0,13,3,0.0,0.0,0.0,0,2.4916282200138085e-05,9.966512880055235e-06,0
Techiman,Bono East,2022-07-17,0.5116333099353643,16.3,28.12857142857143,21.428571428571427,95.42857142857144,21.81,27.009279105628423,0.0039412039670321,-20.85,-5.509999999999998,0.685062146631568,0,13,3,0.0,0.2,0.08,0,2.4795677745714784e-05,0.040009918271098295,0
Techiman,Bono East,2022-07-24,0.5142607792467191,7.399999999999999,27.6,20.042857142857144,93.71428571428572,24.46,25.94284474445527,0.0039412039670322,-17.724999999999998,-17.060000000000002,0.1475392700197284,0,13,3,0.0044594594594594,0.2,0.0826756756756756,0,3.754360295715742e-05,0.04179880122496663,0
Techiman,Bono East,2022-07-31,0.5168882485580739,13.3,28.77142857142857,20.8,94.28571428571428,25.57,25.62949455205808,0.0039412039670322,-6.549999999999997,-12.27,-0.1286483274917186,0,13,3,0.0,0.0,0.0,0,8.440191595582291e-05,3.376076638232917e-05,0
Techiman,Bono East,2022-08-07,0.5195157178694287,7.1000000000000005,28.214285714285715,19.942857142857143,95.14285714285714,25.98,26.769730784820013,0.0039412039670322,-3.924999999999996,-18.88,-0.5528130679956569,0,13,3,0.0,0.0,0.0,0,0.0004815666179638356,0.00019262664718553424,0
Techiman,Bono East,2022-08-14,0.5221431871807836,13.9,28.542857142857144,21.214285714285715,94.42857142857144,24.74,31.179843044991628,0.0039412039670322,3.475000000000003,-10.840000000000002,-0.6110210511801573,0,13,3,0.0,0.0,0.0,0,0.015304665081202984,0.006121866032481194,0
Techiman,Bono East,2022-08-21,0.5247706564921384,19.9,28.47142857142857,20.557142857142857,94.28571428571428,25.42,27.543263196413875,0.0039412039670322,6.350000000000001,-5.520000000000003,-0.4849947611334155,0,13,3,0.0,0.0,0.0,0,0.03300289437174797,0.01320115774869919,0
Techiman,Bono East,2022-08-28,0.5273981258034931,100.0,27.542857142857144,21.357142857142858,94.57142857142856,22.48,25.89670659820692,0.0039412039670321,64.775,77.52,0.4955858786670126,0,13,3,0.0,0.0,0.0,0,0.023061299696564674,0.00922451987862587,0
Techiman,Bono East,2022-09-04,0.5300255951148479,33.0,27.87142857142857,21.31428571428572,96.0,22.07,24.25014999999996,0.0039412039670322,-8.700000000000003,10.93,0.8211355932504935,0,13,3,0.0,0.0,0.0,0,0.0004385906213428825,0.00017543624853715302,0
Techiman,Bono East,2022-09-11,0.5326530644262027,13.5,28.12857142857143,21.342857142857145,96.0,22.03,28.730724928117127,0.0039412039670322,-28.099999999999994,-8.530000000000001,0.846362692904564,0,13,3,0.0,0.2,0.08,0,6.396562821464613e-05,0.04002558625128587,0
Techiman,Bono East,2022-09-18,0.5352805337375576,45.6,27.97142857142857,21.414285714285715,96.85714285714286,22.37,29.033875422773463,0.0039412039670322,-2.424999999999997,23.23,1.1603363357853116,0,13,3,0.0,0.0,0.0,0,3.63738727173768e-05,1.454954908695072e-05,0
Techiman,Bono East,2022-09-25,0.5379080030489124,28.6,28.185714285714287,21.25714285714286,97.71428571428572,21.25,28.59198423115011,0.0039412039670322,-1.5749999999999955,7.350000000000001,0.3940222307090666,0,13,3,0.0,0.0,0.0,0,3.135923543595709e-05,1.2543694174382837e-05,0
Techiman,Bono East,2022-10-02,0.5405354723602671,78.0,26.97142857142857,21.11428571428572,97.71428571428572,18.69,28.15009303952676,0.0039412039670321,36.575,59.31,0.922371616537608,0,13,3,0.0,0.0,0.0,0,8.672752301208675e-05,3.46910092048347e-05,0
Techiman,Bono East,2022-10-09,0.5431629416716219,41.9,28.785714285714285,21.15714285714285,98.28571428571428,24.6,27.70820184790341,0.0039412039670321,-6.625,17.299999999999997,1.2044564581240322,0,13,3,0.0,0.0,0.0,0,5.050846448284574e-05,2.0203385793138297e-05,0
Techiman,Bono East,2022-10-16,0.5457904109829768,46.3,28.885714285714283,20.81428571428572,98.0,23.74,28.170936698629305,0.0039412039670321,-2.3999999999999986,22.56,1.1971395071421158,0,13,3,0.0,0.0,0.0,0,3.242409002268687e-05,1.2969636009074749e-05,0
Techiman,Bono East,2022-10-23,0.5158455597989954,36.7,30.442857142857143,21.285714285714285,98.0,28.7,28.6336715493552,-0.0204880364044699,-14.025,8.000000000000004,1.204238041676811,0,13,3,0.0,0.2,0.08,0,2.9999982871231623e-05,0.0400119999931485,0
Techiman,Bono East,2022-10-30,0.4914197251980358,8.2,31.357142857142858,21.342857142857145,97.28571428571428,31.58,29.096406400081094,-0.0326349342148716,-25.075,-23.38,0.3011952406399761,0,13,3,0.0,0.2,0.08,0,2.815937841660343e-05,0.04001126375136665,0
Techiman,Bono East,2022-11-06,0.4669938905970762,8.2,31.25714285714286,21.65714285714285,97.57142857142856,29.15,31.25183155553344,-0.0380185060471948,-16.649999999999995,-20.95,-0.1165262146709312,0,13,3,0.0,0.2,0.08,0,6.21480867266655e-05,0.04002485923469067,0
Techiman,Bono East,2022-11-13,0.4963640902549678,14.6,30.74285714285714,21.557142857142857,97.14285714285714,27.83,29.63107021889715,0.003708273792699,-2.324999999999997,-13.230000000000002,-0.5073824469736077,0,13,3,0.0,0.0,0.0,0,0.0002639875456225127,0.00010559501824900508,0
Techiman,Bono East,2022-11-20,0.5145206643230846,1.2999999999999998,31.8,20.514285714285712,97.57142857142856,31.91,29.47391183458888,0.0221960717297935,-6.774999999999996,-30.61,-0.9290353983345,0,13,3,0.0,0.0,0.0,0,0.007600091397762299,0.0030400365591049198,0
Techiman,Bono East,2022-11-27,0.4927000009008294,0.3,32.457142857142856,21.014285714285712,96.85714285714286,32.76,28.899806632627417,5.533938183988063e-05,-5.799999999999996,-32.46,-1.0281964653730111,0,13,3,0.0237563183706034,0.4,0.1742537910223621,0,0.09240328520536423,0.12646384143038708,0
Techiman,Bono East,2022-12-04,0.4708793374785743,19.7,31.057142857142857,21.5,95.42857142857144,25.64,30.01000328598161,-0.0227366857607898,10.725000000000003,-5.940000000000001,-0.8642749217333582,0,13,3,0.0,0.0,0.0,0,0.9225900173187256,0.3690360069274903,0
Techiman,Bono East,2022-12-11,0.4490586740563191,0.2,32.55714285714286,21.557142857142857,92.42857142857144,32.4,29.622763257671693,-0.0327309951333827,-5.174999999999995,-32.2,-1.071442921922846,0,13,3,0.0237563183706034,0.4,0.1742537910223621,0,0.9341093301773071,0.46314625941916426,0
Techiman,Bono East,2022-12-18,0.4272380106340639,0.1,32.82857142857143,20.65714285714285,92.85714285714286,30.71,29.81778196248945,-0.0327309951333827,-4.974999999999997,-30.61,-1.071442921922846,0,13,3,0.0287563183706034,0.4,0.1772537910223621,0,0.17226368188858032,0.1604080001036735,0
Techiman,Bono East,2022-12-25,0.4054173472118088,0.0,31.77142857142857,20.042857142857144,52.71428571428572,39.97,30.012800667307204,-0.0327309951333827,-4.9999999999999964,-39.97,-1.153458297854478,0,13,3,0.005,0.4,0.163,0,0.8479014039039612,0.4211605615615845,0
Techiman,Bono East,2023-01-01,0.3927294373227272,0.0,32.75714285714286,20.514285714285712,46.0,42.95,29.97010527779201,-0.0258814299835025,-0.0749999999999964,-42.95,-1.557637933437659,0,13,3,0.0192673659781409,0.4,0.1715604195868845,0,0.998681366443634,0.48717949296871,0
Techiman,Bono East,2023-01-08,0.3864973789813636,0.0,33.385714285714286,20.914285714285715,43.85714285714285,43.06,30.20341874778842,-0.0164731645561272,-0.0249999999999964,-43.06,-1.676238064278874,0,13,3,0.0192673659781409,0.4,0.1715604195868845,0,0.9973697662353516,0.486654852885397,0
Techiman,Bono East,2023-01-15,0.38026532064,0.0,33.614285714285714,20.385714285714283,61.71428571428572,42.67,30.436732217784822,-0.0109620503989749,0.0,-42.67,-1.807943181953372,0,13,3,0.0143603411847524,0.4,0.1686162047108515,0,0.9887041449546814,0.48122579445577357,0
Techiman,Bono East,2023-01-22,0.335883756697914,0.0,34.371428571428574,20.842857142857145,75.85714285714286,40.17,30.42442166725669,-0.0379602167125872,0.0,-40.17,-1.8101273464255856,0,13,3,0.0143603411847524,0.4,0.1686162047108515,0,0.9499478936195374,0.46572329392171596,0
Techiman,Bono East,2023-01-29,0.2915021927558281,1.8,33.97142857142857,22.428571428571427,95.57142857142856,31.58,33.19929098630024,-0.0570349695129483,1.3500000000000036,-29.78,-1.6663001159303008,1,13,3,0.9973816572151816,0.7,0.8784289943291088,1,0.9291151165962219,0.9105987095245615,1
Techiman,Bono East,2023-02-05,0.3292617173757489,0.0,35.7,21.97142857142857,85.0,40.49,30.882963955310856,-0.0049665294916238,-0.4499999999999964,-40.49,-1.6382336024623525,0,13,3,0.0144062548670297,0.4,0.1686437529202179,0,0.5790543556213379,0.31738424419534705,0
Techiman,Bono East,2023-02-12,0.3342226625179701,3.7,34.471428571428575,22.857142857142858,94.14285714285714,33.43,29.19593776856589,0.0115050801811048,2.325000000000004,-29.73,-1.496918161110113,0,13,3,0.0488011325138212,0.4,0.1892806795082927,0,0.5039232969284058,0.3010897717768908,0
Techiman,Bono East,2023-02-19,0.2675622459645826,0.0,34.72857142857143,22.12857142857143,62.71428571428572,45.01,29.75683332490803,-0.0380749586889497,-1.3749999999999964,-45.01,-1.5497749413376891,0,13,3,0.033922538391934,0.4,0.1803535230351604,0,0.5589544773101807,0.3171508062808459,0
Techiman,Bono East,2023-02-26,0.2009018294111951,0.7,36.2,23.4,80.42857142857143,40.24,29.15495651779377,-0.082085284406179,-0.3999999999999963,-39.54,-1.6563621675817273,1,13,3,0.7988288739146487,0.7,0.7592973243487893,1,0.9469925761222839,0.8383285800147732,1
Techiman,Bono East,2023-03-05,0.3460669111644974,37.5,34.628571428571426,23.2,89.42857142857143,31.7,29.8886886375432,0.058878498899936,27.02500000000001,5.800000000000001,-1.1508373004878212,0,13,3,0.0,0.4,0.16,0,0.8494360446929932,0.4197744178771973,0
Techiman,Bono East,2023-03-12,0.3635678380759308,50.5,34.1,23.4,93.14285714285714,31.51,30.622420757292616,0.0690431319218793,28.325000000000003,18.99,-0.6187748350565164,0,13,3,0.0,0.0,0.0,0,0.04341244697570801,0.017364978790283203,0
Techiman,Bono East,2023-03-19,0.3810687649873641,0.6,33.07142857142857,22.714285714285715,93.0,33.8,30.459489156261213,0.0581674290776172,-21.724999999999994,-33.2,-0.489799922972286,0,13,3,0.0,0.2,0.08,0,0.0015542552573606372,0.04062170210294426,0
Techiman,Bono East,2023-03-26,0.3985696918987975,65.39999999999999,31.514285714285712,22.228571428571428,95.85714285714286,27.68,29.56291440059812,0.02625139036715,26.9,37.71999999999999,0.3539428126439415,0,13,3,0.0,0.0,0.0,0,0.0006884014001116157,0.0002753605600446463,0
Techiman,Bono East,2023-04-02,0.4160706188102309,29.1,31.7,22.571428571428573,94.71428571428572,27.72,28.16628431323,0.02625139036715,-7.299999999999994,1.379999999999999,0.3056727778080144,0,13,3,0.0,0.0,0.0,0,0.00018394357175566256,7.357742870226503e-05,0
Techiman,Bono East,2023-04-09,0.4335715457216643,21.2,31.75714285714286,22.77142857142857,94.71428571428572,29.81,31.573538496537424,0.02625139036715,-7.874999999999993,-8.610000000000003,0.0042580806424969,0,13,3,0.0,0.0,0.0,0,0.00012705902918241918,5.082361167296767e-05,0
Techiman,Bono East,2023-04-16,0.4510724726330977,27.1,32.528571428571425,22.885714285714283,93.14285714285714,31.32,30.179399383788564,0.02625139036715,-8.599999999999994,-4.219999999999999,0.3207435126662902,0,13,3,0.0,0.0,0.0,0,0.00010519738862058148,4.2078955448232595e-05,0
Techiman,Bono East,2023-04-23,0.4453001937022346,36.8,31.785714285714285,23.15714285714285,94.57142857142856,29.75,29.438468284534395,0.0087964859854277,8.25,7.049999999999997,-0.0141981091477104,0,13,3,0.0,0.0,0.0,0,7.5943062256556e-05,3.0377224902622402e-05,0
Techiman,Bono East,2023-04-30,0.4395279147713715,16.8,30.514285714285712,22.61428571428572,96.0,25.75,30.01717879113804,-0.0028401169357205,-8.674999999999997,-8.95,-0.1270102041375581,0,13,3,0.0,0.0,0.0,0,0.00022959074703976512,9.183629881590605e-05,0
Techiman,Bono East,2023-05-07,0.4337556358405084,19.200000000000003,31.9,22.585714285714285,95.85714285714286,31.61,30.59588929774168,-0.0086584183962945,-5.774999999999995,-12.409999999999997,-0.168509329109622,0,13,3,0.0,0.0,0.0,0,0.00023516318469773978,9.406527387909592e-05,0
Techiman,Bono East,2023-05-14,0.4279833569096454,44.8,32.17142857142857,23.342857142857145,95.28571428571428,29.36,29.5501986049465,-0.0086584183962946,15.400000000000002,15.439999999999998,0.0461940385090038,0,13,3,0.0,0.0,0.0,0,0.00029006486875005066,0.00011602594750002027,0
Techiman,Bono East,2023-05-21,0.4307396532366175,31.6,30.228571428571428,22.81428571428572,96.85714285714286,26.69,28.968563440642413,-0.0022619869529182,3.500000000000004,4.91,0.0228234786563151,0,13,3,0.0,0.0,0.0,0,0.00031223188852891326,0.00012489275541156531,0
Techiman,Bono East,2023-05-28,0.4334959495635896,12.6,31.071428571428573,22.828571428571426,97.42857142857144,27.27,25.94510311714822,0.0020023006759994,-14.449999999999998,-14.67,-0.0396436252490022,0,13,3,0.0,0.2,0.08,0,0.0002121206489391625,0.04008484825957567,0
Techiman,Bono East,2023-06-04,0.4362522458905618,49.2,30.685714285714287,22.6,96.85714285714286,26.25,24.15239164237124,0.0041344444904581,14.650000000000006,22.950000000000003,0.3465166534384143,0,13,3,0.0,0.0,0.0,0,0.0001420753833372146,5.683015333488584e-05,0
Techiman,Bono East,2023-06-11,0.4390085422175339,77.5,29.514285714285712,22.014285714285712,97.85714285714286,22.61,26.51390973531897,0.0041344444904581,34.775000000000006,54.89,0.7773430955826053,0,13,3,0.0,0.0,0.0,0,0.00010393425327492878,4.157370130997151e-05,0
Techiman,Bono East,2023-06-18,0.441764838544506,28.7,28.914285714285715,21.457142857142856,95.0,25.78,26.73821384814357,0.0041344444904581,-13.3,2.919999999999998,0.755610659084077,0,13,3,0.0,0.2,0.08,0,6.737698276992887e-05,0.04002695079310798,0
Techiman,Bono East,2023-06-25,0.4445211348714781,60.5,27.7,21.75714285714286,97.28571428571428,19.36,26.96251796096817,0.0041344444904582,6.524999999999999,41.14,1.3651017550553644,0,13,3,0.0,0.0,0.0,0,3.971873229602352e-05,1.5887492918409406e-05,0
Techiman,Bono East,2023-07-02,0.4472774311984502,24.5,27.942857142857143,21.32857142857143,96.85714285714286,22.29,27.18682207379277,0.0041344444904581,-23.3,2.210000000000001,1.1386038992867833,0,13,3,0.0,0.2,0.08,0,2.641284663695842e-05,0.040010565138654794,0
Techiman,Bono East,2023-07-09,0.4500337275254223,68.3,28.74285714285714,21.8,97.14285714285714,21.89,27.411126186617366,0.0041344444904581,22.8,46.41,1.0459953256649142,0,13,3,0.0,0.0,0.0,0,2.716506423894316e-05,1.0866025695577265e-05,0
Techiman,Bono East,2023-07-16,0.4527900238523945,37.7,28.02857142857143,21.642857142857142,97.57142857142856,21.43,26.55000000000001,0.0041344444904581,-10.049999999999995,16.270000000000003,1.1917883041851918,0,13,3,0.0,0.2,0.08,0,3.0992363463155925e-05,0.04001239694538527,0
Techiman,Bono East,2023-07-23,0.4555463201793666,41.3,28.185714285714287,21.81428571428572,96.85714285714286,20.75,27.063597560975623,0.0041344444904581,-1.6500000000000057,20.55,0.9669285717707712,0,13,3,0.0,0.0,0.0,0,2.6853862436837517e-05,1.0741544974735008e-05,0
Techiman,Bono East,2023-07-30,0.4583026165063387,30.0,28.885714285714283,22.085714285714285,96.57142857142856,22.66,27.577195121951235,0.0041344444904581,-14.325000000000005,7.34,1.0229523904830575,0,13,3,0.0,0.2,0.08,0,2.947001121356152e-05,0.04001178800448543,0
Techiman,Bono East,2023-08-06,0.4610589128333109,43.9,28.342857142857145,21.97142857142857,95.85714285714286,20.3,28.09079268292685,0.0041344444904581,5.675000000000004,23.6,0.7738484324270628,0,13,3,0.0,0.0,0.0,0,2.7852083803736605e-05,1.1140833521494642e-05,0
Techiman,Bono East,2023-08-13,0.463815209160283,27.4,28.02857142857143,21.7,95.28571428571428,22.53,28.604390243902458,0.0041344444904581,-8.249999999999993,4.869999999999997,0.6493510575108707,0,13,3,0.0,0.0,0.0,0,3.642180672613904e-05,1.4568722690455616e-05,0
Techiman,Bono East,2023-08-20,0.4665715054872551,75.5,27.87142857142857,21.557142857142857,96.57142857142856,20.97,29.11798780487807,0.0041344444904581,31.300000000000004,54.53,1.0204406013400116,0,13,3,0.0,0.0,0.0,0,4.021117274533026e-05,1.6084469098132104e-05,0
Techiman,Bono East,2023-08-27,0.4693278018142272,18.2,29.285714285714285,22.442857142857143,96.28571428571428,23.67,29.63158536585368,0.0041344444904581,-23.05,-5.469999999999999,0.8805448668947116,0,13,3,0.0,0.2,0.08,0,3.6460940464166924e-05,0.04001458437618567,0
Techiman,Bono East,2023-09-03,0.4720840981411994,59.6,28.714285714285715,21.885714285714283,97.28571428571428,21.26,30.145182926829293,0.0041344444904582,14.425000000000004,38.34,1.0415177884968758,0,13,3,0.0,0.0,0.0,0,3.2721483876230195e-05,1.3088593550492079e-05,0
Techiman,Bono East,2023-09-10,0.4748403944681715,35.9,28.785714285714285,21.414285714285715,98.14285714285714,24.62,30.658780487804904,0.0041344444904581,-11.4,11.279999999999998,1.1115202598313312,0,13,3,0.0,0.2,0.08,0,3.0419323593378067e-05,0.04001216772943736,0
Techiman,Bono East,2023-09-17,0.4775966907951436,49.2,28.87142857142857,21.82857142857143,97.71428571428572,21.99,30.141099397024817,0.0041344444904581,8.475000000000009,27.21,0.8131633929269131,0,13,3,0.0,0.0,0.0,0,2.845513154170476e-05,1.1382052616681905e-05,0
Techiman,Bono East,2023-09-24,0.4803529871221157,44.1,29.185714285714287,21.714285714285715,97.85714285714286,23.57,29.62341830624473,0.0041344444904581,-3.1000000000000014,20.53,1.0971047743147193,0,13,3,0.0,0.0,0.0,0,3.555896182660945e-05,1.422358473064378e-05,0
Techiman,Bono East,2023-10-01,0.4831092834490879,32.1,30.142857142857142,21.8,97.85714285714286,25.62,29.97957085382211,0.0041344444904582,-8.225000000000001,6.480000000000004,0.7491673738910458,0,13,3,0.0,0.0,0.0,0,2.9589467885671183e-05,1.1835787154268475e-05,0
Techiman,Bono East,2023-10-08,0.48586557977606,65.8,28.67142857142857,22.31428571428572,98.14285714285714,20.58,27.54243419106785,0.0041344444904581,18.0,45.22,1.1198200848257438,0,13,3,0.0,0.0,0.0,0,3.606215977924876e-05,1.4424863911699505e-05,0
Techiman,Bono East,2023-10-15,0.4886218761030321,59.4,29.414285714285715,21.81428571428572,97.42857142857144,23.73,28.83275190166117,0.0041344444904581,9.050000000000004,35.67,1.2122102420003915,0,13,3,0.0,0.0,0.0,0,3.26767039950937e-05,1.3070681598037482e-05,0
Techiman,Bono East,2023-10-22,0.4913781724300042,38.9,30.557142857142857,21.928571428571427,97.14285714285714,28.27,30.123069612254483,0.0041344444904581,-10.15,10.63,1.1040941006258038,0,13,3,0.0,0.2,0.08,0,3.0504759706673212e-05,0.040012201903882674,0
Techiman,Bono East,2023-10-29,0.4941344687569763,18.8,30.857142857142858,22.1,96.85714285714286,29.65,29.892932612102754,0.0041344444904581,-26.925,-10.85,0.9148362491084696,0,13,3,0.0,0.2,0.08,0,2.7704476451617666e-05,0.04001108179058065,0
Techiman,Bono East,2023-11-05,0.5015470784686868,27.7,31.642857142857142,22.185714285714287,95.85714285714286,30.61,29.103315555331108,0.0076266795290119,-8.499999999999996,-2.91,0.3892170688701958,0,13,3,0.0,0.0,0.0,0,2.759646849881392e-05,1.1038587399525569e-05,0
Techiman,Bono East,2023-11-12,0.5089596881803974,33.7,31.22857142857143,22.15714285714285,97.28571428571428,26.66,29.50186289874142,0.0099548362213811,3.925000000000008,7.040000000000003,0.0765539246727768,0,13,3,0.0,0.0,0.0,0,5.2963998314226046e-05,2.118559932569042e-05,0
Techiman,Bono East,2023-11-19,0.5173640942478338,3.6,32.57142857142857,22.4,96.85714285714286,29.6,29.209111393477485,0.0118627618343601,-17.349999999999994,-26.0,-0.323475798413198,0,13,3,0.0,0.2,0.08,0,0.00017002294771373272,0.0400680091790855,0
Techiman,Bono East,2023-11-26,0.4522204364839812,27.4,31.11428571428572,22.214285714285715,96.57142857142856,26.45,28.95548834740424,-0.0428023878612436,4.300000000000001,0.9499999999999992,-0.1946100945525782,0,13,3,0.0,0.0,0.0,0,0.0006147180101834238,0.0002458872040733695,0
Techiman,Bono East,2023-12-03,0.4985348891379529,16.5,31.985714285714284,21.82857142857143,95.85714285714286,28.67,28.100129164349823,0.0042651121254115,-3.799999999999997,-12.170000000000002,-0.2957369096160816,0,13,3,0.0,0.0,0.0,0,0.0014401280786842108,0.0005760512314736844,0
Techiman,Bono East,2023-12-10,0.4753677515935222,3.7,32.9,21.17142857142857,92.28571428571428,31.08,28.71593283959379,-0.0105040412723003,-9.099999999999998,-27.38,-0.6716316152840929,0,13,3,0.0,0.0,0.0,0,0.004327119793742895,0.001730847917497158,0
Techiman,Bono East,2023-12-17,0.4522006140490914,0.0,32.48571428571429,21.185714285714287,56.285714285714285,38.63,29.33173651483776,-0.0173803087670455,-11.899999999999997,-38.63,-0.8095616017044003,0,13,3,0.0,0.2,0.08,0,0.017562760040163994,0.047025104016065605,0
Techiman,Bono East,2023-12-24,0.4396908761577551,0.0,33.07142857142857,21.37142857142857,46.42857142857143,42.53,28.65221070724442,-0.0267576565768252,-5.049999999999996,-42.53,-1.2843989579637012,0,13,3,0.0047487844408427,0.4,0.1628492706645057,0,0.15053027868270874,0.14211162524942061,0
Techiman,Bono East,2023-12-31,0.4396908761577551,0.0,33.75714285714285,20.6,63.85714285714285,37.74,29.13250164299097,-0.0120466533317758,-0.9249999999999964,-37.74,-1.5636443857362476,0,13,3,0.0289978230149257,0.4,0.1773986938089554,0,0.9983611702919006,0.4909435973227306,0
Wa,Upper West,2022-01-02,0.201560181269775,0.0,34.1,21.15,21.5,15.09,37.48967222229237,0.0,0.0,-15.09,0.5114497646353515,0,14,11,0.0044594594594594,0.0,0.0026756756756756,0,0.0,0.00178378378378376,0
Wa,Upper West,2022-01-09,0.201560181269775,0.0,33.31428571428571,21.057142857142857,25.285714285714285,48.07,39.71648352898069,0.0,0.0,-48.07,0.0582875106553635,0,14,11,0.0,0.1,0.04,0,0.0,0.020000000000000004,0
Wa,Upper West,2022-01-16,0.2048793288548531,0.0,34.91428571428572,21.514285714285712,20.285714285714285,52.83,38.68869154272866,0.0022127650567187,0.0,-52.83,-0.4397478935003007,0,14,11,0.0,0.1,0.04,0,0.0,0.020000000000000004,0
Wa,Upper West,2022-01-23,0.2081984764399312,0.0,32.7,19.285714285714285,17.714285714285715,54.7,37.66089955647664,0.0041489344813476,0.0,-54.7,-0.9554120352249802,0,14,11,0.0,0.0,0.0,0,0.0,0.0,0
Wa,Upper West,2022-01-30,0.1849483579270179,0.0,34.31428571428571,20.65714285714285,17.571428571428573,56.96,37.028649212145694,-0.0149482281958763,0.0,-56.96,-1.3501260683879115,0,14,11,0.0,0.4,0.16,0,0.11382132768630981,0.12552853107452394,0
Wa,Upper West,2022-02-06,0.1982127154800317,0.0,34.4,20.4,14.857142857142858,56.83,35.98589254349935,-0.0008470041954267,0.0,-56.83,-1.4327077481229789,0,14,11,0.0,0.4,0.16,0,0.22689750790596008,0.17075900316238407,0
Wa,Upper West,2022-02-13,0.1614042839653718,0.0,36.471428571428575,22.342857142857145,17.857142857142858,56.2,39.79069725419839,-0.0267866744877163,0.0,-56.2,-1.4644771842767663,0,14,11,0.0,0.5,0.2,0,0.23818665742874146,0.1952746629714966,0
Wa,Upper West,2022-02-20,0.2015272434592303,0.0,37.94285714285714,23.342857142857145,22.714285714285715,56.52,39.82096425277047,0.0150040932513173,0.0,-56.52,-1.4816345652262894,0,14,11,0.0,0.5,0.2,0,0.16873836517333984,0.16749534606933594,0
Wa,Upper West,2022-02-27,0.1626993721454301,0.0,37.55714285714286,24.1,23.571428571428573,56.17,36.80511846245213,-0.0182615316170858,0.0,-56.17,-1.4741871306383096,0,14,11,0.0047058823529411,0.4,0.1628235294117647,0,0.13615883886814117,0.13634588848843293,0
Wa,Upper West,2022-03-06,0.183098360523879,2.1,37.21428571428572,25.5,59.0,44.31,39.71145642477165,0.0059160455004012,1.5750000000000002,-42.21,-1.3363624550987336,0,14,11,0.0144558823529411,0.5,0.2086735294117647,0,0.11036673188209534,0.14992904569401458,0
Wa,Upper West,2022-03-13,0.1980184836154638,0.0,38.785714285714285,25.15714285714285,36.71428571428572,50.21,38.659933155587055,0.0116826186794629,-0.525,-50.21,-1.2798939320835447,0,14,11,0.0234823352764529,0.5,0.2140894011658717,0,0.056614361703395844,0.1320386787919395,0
Wa,Upper West,2022-03-20,0.2129386067070485,18.3,36.31428571428571,25.085714285714285,75.85714285714286,40.16,37.608409886402455,0.0237499009590932,13.2,-21.860000000000003,-0.9531495234514168,0,14,11,0.0,0.0,0.0,0,0.04170134663581848,0.016680538654327393,0
Wa,Upper West,2022-03-27,0.2278587297986333,19.5,37.04285714285714,25.542857142857144,77.85714285714286,39.39,34.77276323936371,0.0223801846373771,9.525,-19.89,-0.6111331603477353,0,14,11,0.0099473684210526,0.0,0.0059684210526315,0,0.015496611595153809,0.010177592006482564,0
Wa,Upper West,2022-04-03,0.2427788528902181,4.0,37.4,25.5,69.0,43.51,35.42592842972499,0.0223801846373771,-6.449999999999999,-39.51,-0.5856799028951462,0,14,11,0.0,0.0,0.0,0,0.0035425943788141012,0.0014170377515256407,0
Wa,Upper West,2022-04-10,0.2576989759818029,10.3,34.885714285714286,24.571428571428573,82.85714285714286,37.75,31.975544334197025,0.0223801846373771,-2.725,-27.45,-0.371118369702208,0,14,11,0.0,0.0,0.0,0,0.0014851917512714863,0.0005940767005085945,0
Wa,Upper West,2022-04-17,0.3226713737913445,17.2,33.01428571428571,23.685714285714287,87.0,33.11,38.87975095122795,0.0599193906758447,4.449999999999999,-15.91,-0.315026931982613,0,14,11,0.0,0.1,0.04,0,0.0013315248070284724,0.020532609922811394,0
Wa,Upper West,2022-04-24,0.3378578912163421,11.9,33.82857142857143,24.442857142857143,85.85714285714286,32.83,38.99428638218848,0.0476061177464152,1.0500000000000007,-20.93,-0.3248311496680549,0,14,11,0.0,0.1,0.04,0,0.0014564859448000789,0.020582594377920035,0
Wa,Upper West,2022-05-01,0.3530444086413398,23.0,33.8,23.785714285714285,86.14285714285714,33.97,34.594727242987005,0.0352262462336324,7.4,-10.97,-0.0557807912617961,0,14,11,0.0,0.0,0.0,0,0.0009414002415724099,0.00037656009662896396,0
Wa,Upper West,2022-05-08,0.3682309260663374,15.2,33.885714285714286,24.642857142857142,86.28571428571429,36.36,34.73476591269613,0.0227797761374964,-1.625,-21.16,0.0035158714703471,0,14,11,0.0049473684210526,0.0,0.0029684210526315,0,0.0004663627769332379,0.002165492479194335,0
Wa,Upper West,2022-05-15,0.383417443491335,34.2,34.371428571428574,24.342857142857145,90.14285714285714,37.15,34.87480458240526,0.0227797761374964,13.125,-2.949999999999996,0.1256915072427758,0,14,11,0.0,0.0,0.0,0,0.0003383734147064388,0.0001353493658825755,0
Wa,Upper West,2022-05-22,0.3986039609163327,18.6,33.357142857142854,23.928571428571427,85.71428571428571,35.26,34.72809499740964,0.0227797761374964,-4.149999999999999,-16.659999999999997,0.1659453625474263,0,14,11,0.0,0.0,0.0,0,0.00022549867571797222,9.019947028718889e-05,0
Wa,Upper West,2022-05-29,0.4449059761727,31.6,31.214285714285715,22.685714285714287,93.42857142857144,30.380000000000003,32.806766448906615,0.0461163995110237,6.700000000000003,1.2199999999999989,0.280862106379672,0,14,11,0.0,0.0,0.0,0,0.00015928129141684622,6.371251656673848e-05,0
Wa,Upper West,2022-06-05,0.4377230637846081,5.1,33.25714285714286,23.62857142857143,87.28571428571429,37.36,27.962058111380145,0.0215604526933641,-17.275000000000006,-32.26,0.1762209368523605,0,14,11,0.0,0.2,0.08,0,0.00012851440988015383,0.040051405763952067,0
Wa,Upper West,2022-06-12,0.4305401513965162,21.3,31.3,23.042857142857144,87.71428571428571,32.55,31.6830670351402,0.0025968633289769,2.1499999999999986,-11.249999999999996,0.097975738016623,0,14,11,0.0,0.0,0.0,0,0.00015429862833116204,6.171945133246482e-05,0
Wa,Upper West,2022-06-19,0.4233572390084243,76.6,28.571428571428573,22.12857142857143,95.71428571428572,23.23,32.2309418870596,-0.0107743685821378,42.95,53.36999999999999,0.7581578192776708,0,14,11,0.0,0.0,0.0,0,0.00031196468626149,0.000124785874504596,0
Wa,Upper West,2022-06-26,0.4350222012711484,32.4,29.15714285714285,21.67142857142857,95.42857142857144,28.09,28.341392117947294,0.0033615374059741,-1.4500000000000028,4.309999999999999,0.7872876583623007,0,14,11,0.0,0.0,0.0,0,0.00012881142902188003,5.1524571608752014e-05,0
Wa,Upper West,2022-07-03,0.4466871635338726,82.5,28.414285714285715,22.071428571428573,96.28571428571428,25.68,28.81006094791863,0.0127854747313822,29.3,56.82,1.6270566116499507,0,14,11,0.0,0.0,0.0,0,5.491932461154647e-05,2.196772984461859e-05,0
Wa,Upper West,2022-07-10,0.4583521257965967,20.9,29.142857142857142,22.31428571428572,95.42857142857144,27.22,29.278729777889964,0.0174974433940862,-32.2,-6.32,1.6735323743319008,0,14,11,0.0,0.2,0.08,0,2.675965879461728e-05,0.040010703863517856,0
Wa,Upper West,2022-07-17,0.4700170880593208,16.9,29.214285714285715,22.5,93.85714285714286,28.44,32.188557232636924,0.0174974433940862,-21.275,-11.540000000000004,1.0616172109068742,0,14,11,0.0,0.2,0.08,0,2.243331982754171e-05,0.040008973327931026,0
Wa,Upper West,2022-07-24,0.481682050322045,47.900000000000006,27.37142857142857,21.6,93.28571428571428,22.24,30.76532872976432,0.0174974433940862,5.8500000000000085,25.660000000000004,1.2628864874301269,0,14,11,0.0,0.0,0.0,0,2.6487459763302468e-05,1.0594983905320987e-05,0
Wa,Upper West,2022-07-31,0.4933470125847691,37.9,28.985714285714288,21.685714285714287,93.85714285714286,27.34,29.34210022689172,0.0174974433940862,7.0,10.56,0.8267873430757634,0,14,11,0.0,0.0,0.0,0,2.6457772037247196e-05,1.058310881489888e-05,0
Wa,Upper West,2022-08-07,0.5050119748474933,21.3,28.62857142857143,21.52857142857143,93.85714285714286,28.66,31.99884873450526,0.0174974433940862,-9.7,-7.359999999999999,0.8169831253903217,0,14,11,0.0,0.0,0.0,0,4.344132685218938e-05,1.7376530740875752e-05,0
Wa,Upper West,2022-08-14,0.5099052356829714,51.7,28.542857142857144,22.15714285714285,97.0,24.95,31.42311187506681,0.0124186673236517,11.999999999999991,26.75,1.1779480245975973,0,14,11,0.0,0.0,0.0,0,3.9210593968164176e-05,1.568423758726567e-05,0
Wa,Upper West,2022-08-21,0.5147984965184496,19.8,28.085714285714285,21.31428571428572,95.85714285714286,24.99,29.434567616512084,0.0090328166100286,-12.874999999999996,-5.189999999999998,0.88712099037079,0,14,11,0.0,0.2,0.08,0,3.42698949680198e-05,0.04001370795798721,0
Wa,Upper West,2022-08-28,0.5196917573539277,66.5,27.65714285714285,21.65714285714285,96.57142857142856,21.87,29.24384355471476,0.0073398912532172,26.675000000000004,44.63,1.2083033908929075,0,14,11,0.0,0.0,0.0,0,4.463584264158271e-05,1.7854337056633084e-05,0
Wa,Upper West,2022-09-04,0.5245850181894058,46.3,27.857142857142858,21.52857142857143,96.28571428571428,22.3,29.05311949291744,0.0073398912532172,0.2249999999999943,24.0,1.5039382626385376,0,14,11,0.0,0.0,0.0,0,3.648118217824958e-05,1.4592472871299834e-05,0
Wa,Upper West,2022-09-11,0.529478279024884,42.0,28.47142857142857,21.87142857142857,97.14285714285714,24.380000000000003,28.86239543112012,0.0073398912532172,-1.6500000000000057,17.619999999999997,1.417868543919226,0,14,11,0.0,0.0,0.0,0,2.824711009452585e-05,1.1298844037810341e-05,0
Wa,Upper West,2022-09-18,0.534371539860362,55.2,28.285714285714285,21.428571428571427,97.14285714285714,23.26,28.67167136932279,0.0073398912532171,2.700000000000003,31.940000000000005,1.7678979695542785,0,14,11,0.0,0.0,0.0,0,2.726508682826534e-05,1.0906034731306136e-05,0
Wa,Upper West,2022-09-25,0.5392648006958402,68.7,28.2,21.62857142857143,98.14285714285714,23.89,28.48094730752547,0.0073398912532171,15.650000000000006,44.81,1.7695948533844512,0,14,11,0.0,0.0,0.0,0,2.2939208065508865e-05,9.175683226203546e-06,0
Wa,Upper West,2022-10-02,0.5441580615313183,44.2,28.1,20.914285714285715,98.0,24.41,29.41397843035025,0.0073398912532172,-8.324999999999996,19.790000000000003,1.7299066260231917,0,14,11,0.0,0.0,0.0,0,2.3957642042660154e-05,9.583056817064062e-06,0
Wa,Upper West,2022-10-09,0.5490513223667964,36.5,29.442857142857143,21.414285714285715,97.71428571428572,26.73,30.57002353065593,0.0073398912532172,-14.650000000000006,9.77,1.6559036367628854,0,14,11,0.0,0.2,0.08,0,2.2999181965133175e-05,0.04000919967278606,0
Wa,Upper West,2022-10-16,0.5539445832022746,4.8,29.842857142857145,21.842857142857145,96.14285714285714,28.91,31.895141941752968,0.0073398912532172,-33.75000000000001,-24.11,1.1275128663119112,0,14,11,0.0,0.2,0.08,0,2.2470852854894474e-05,0.040008988341141964,0
Wa,Upper West,2022-10-23,0.4991058483620817,0.0,31.61428571428572,21.6,89.28571428571429,34.410000000000004,33.220260352850005,-0.037459105503536,-21.375,-34.410000000000004,0.3806954383881612,0,14,11,0.0,0.2,0.08,0,2.738046350714285e-05,0.04001095218540286,0
Wa,Upper West,2022-10-30,0.4508180601843283,0.0,32.94285714285714,21.77142857142857,77.0,38.66,34.54537876394704,-0.0624118933445419,-10.325,-38.66,-0.1703204497984481,0,14,11,0.0762877933258564,0.5,0.2457726759955138,0,8.743709622649476e-05,0.13055009216883318,0
Wa,Upper West,2022-11-06,0.4025302720065749,0.0,33.371428571428574,22.414285714285715,67.57142857142857,40.68,37.1458083877734,-0.07406941893224,-1.2,-40.68,-0.6459192788662741,0,14,11,0.032881007099228,0.3,0.1397286042595368,0,0.003170825308188796,0.07442073296296671,0
Wa,Upper West,2022-11-13,0.2917874543290649,3.5,33.371428571428574,20.785714285714285,71.14285714285714,37.03,36.96176967108511,-0.1192729543914475,2.625,-33.53,-0.7347228659786413,0,14,11,0.043423503624111,0.3,0.1460541021744666,0,0.16590508818626404,0.14373143672415,0
Wa,Upper West,2022-11-20,0.3173490251614714,0.0,33.18571428571429,19.885714285714283,57.57142857142857,41.64,35.25910170712291,-0.0482721777588884,-0.875,-41.64,-0.8028810331572415,0,14,11,0.005,0.0,0.003,0,0.19162137806415558,0.07864855122566224,0
Wa,Upper West,2022-11-27,0.2863719970056527,0.0,33.68571428571429,19.557142857142857,53.42857142857143,42.16,36.592784973275,-0.0381376901200382,-0.875,-42.16,-0.8358759965217092,0,14,11,0.0,0.0,0.0,0,0.20676173269748688,0.08270469307899475,0
Wa,Upper West,2022-12-04,0.2553949688498339,19.3,33.15714285714286,21.885714285714283,78.0,31.75,34.937387255335466,-0.0323308924866718,13.6,-12.45,-0.5697480491563031,0,14,11,0.005,0.0,0.003,0,0.3703915476799011,0.15015661907196046,0
Wa,Upper West,2022-12-11,0.2629314445493232,0.0,33.885714285714286,21.02857142857143,52.0,42.63,37.84772602635877,-0.0175804143422471,-4.825,-42.63,-0.6555349539039188,0,14,11,0.0,0.0,0.0,0,0.055386319756507874,0.022154527902603152,0
Wa,Upper West,2022-12-18,0.258220296855386,0.0,33.3,18.31428571428572,48.71428571428572,42.93,35.913668861117884,-0.0075093799596629,-4.825,-42.93,-0.6676959546868227,0,14,11,0.0048214285714285,0.0,0.0028928571428571,0,0.022245114669203758,0.010826617296252904,0
Wa,Upper West,2022-12-25,0.2448244262349758,0.0,31.82857142857143,19.87142857142857,28.857142857142858,47.41,33.979611695877,-0.0105183578874039,-4.825,-47.41,-0.7171883997335241,0,14,11,0.0,0.0,0.0,0,0.07924187183380127,0.03169674873352051,0
Wa,Upper West,2023-01-01,0.2253532593654227,0.0,32.357142857142854,19.714285714285715,26.571428571428573,49.39,34.328211754002524,-0.0224790973858542,0.0,-49.39,-1.0654266702145052,0,14,11,0.0195401281724811,0.4,0.1717240769034887,0,0.42400062084198,0.25741629960578444,0
Wa,Upper West,2023-01-08,0.2261326109069587,0.0,33.214285714285715,19.914285714285715,29.0,48.48,35.83211678186491,-0.0125000374337271,0.0,-48.48,-1.1205753946951156,0,14,11,0.0189796614796614,0.4,0.1713877968877969,0,0.19951333105564117,0.16739719701412104,0
Wa,Upper West,2023-01-15,0.2269119624484947,0.0,33.77142857142857,20.557142857142857,23.857142857142858,51.63,37.3360218097273,-0.0038936022904682,0.0,-51.63,-1.2025914464867922,0,14,11,0.0092094594594594,0.4,0.1655256756756757,0,0.15599042177200317,0.14607995249258504,0
Wa,Upper West,2023-01-22,0.2152904272848469,0.0,34.614285714285714,20.0,27.285714285714285,48.47,36.09006090549542,-0.0081316377165838,0.0,-48.47,-1.2125842068200308,0,14,11,0.018787551702646,0.4,0.1712725310215876,0,0.17522184550762177,0.15760375888410713,0
Wa,Upper West,2023-01-29,0.2045919028104439,0.0,36.01428571428571,21.585714285714285,34.42857142857143,44.87,38.09773120711657,-0.0136398230522421,0.0,-44.87,-1.1699735684179184,0,14,11,0.0096111111111111,0.5,0.2057666666666666,0,0.17542369663715363,0.1740139230993059,0
Wa,Upper West,2023-02-05,0.2131761876167884,0.0,36.65714285714286,22.014285714285712,23.714285714285715,52.17,36.70831056748256,-0.001816432423355,0.0,-52.17,-1.204759686936457,0,14,11,0.0092094594594594,0.4,0.1655256756756757,0,0.14291547238826752,0.14084997273909078,0
Wa,Upper West,2023-02-12,0.1870750747765655,0.0,37.12857142857143,23.81428571428572,39.57142857142857,50.34,39.18951123971755,-0.0179583233455956,0.0,-50.34,-1.1925986861535531,0,14,11,0.0190705705705705,0.5,0.2114423423423423,0,0.1319013237953186,0.16038875774635564,0
Wa,Upper West,2023-02-19,0.1609739619363426,0.0,35.457142857142856,22.25714285714286,17.285714285714285,59.77,36.410061916375184,-0.0304803198486924,0.0,-59.77,-1.2991252821588344,0,14,11,0.0,0.4,0.16,0,0.10307437926530838,0.12122975170612338,0
Wa,Upper West,2023-02-26,0.1981111628922574,0.0,37.72857142857144,23.228571428571428,28.142857142857142,53.8,41.64754280443276,0.0082770660867689,0.0,-53.8,-1.3833095744001764,0,14,11,0.0,0.5,0.2,0,0.1395767629146576,0.15583070516586306,0
Wa,Upper West,2023-03-05,0.1824218427806146,0.0,37.8,25.214285714285715,51.85714285714285,46.36,42.49412691593284,0.0002763321841695,0.0,-46.36,-1.3285379352151598,0,14,11,0.0428843421607113,0.5,0.2257306052964268,0,0.15355227887630463,0.17857464841480636,0
Wa,Upper West,2023-03-12,0.1841765724533781,1.8,38.81428571428571,25.4,48.71428571428572,48.16,43.34071102743292,0.0027556874377299,1.35,-46.36,-1.2910179483035653,0,14,11,0.0475318753675424,0.5,0.2285191252205254,0,0.09310786426067352,0.15625589585128638,0
Wa,Upper West,2023-03-19,0.1859313021261417,0.5,37.31428571428571,25.585714285714285,53.142857142857146,45.56,42.19257951199791,-0.0017289179369562,-0.0749999999999999,-45.06,-1.152344830848903,0,14,11,0.0322001223912988,0.5,0.2193200734347793,0,0.04090594872832298,0.12924242844784872,0
Wa,Upper West,2023-03-26,0.1828491590111492,16.5,35.24285714285714,24.02857142857143,77.0,37.22,41.51070812115415,-0.0009955600816717,11.8,-20.72,-0.8404952913927344,0,14,11,0.005,0.1,0.043,0,0.033420827239751816,0.03536833089590073,0
Wa,Upper West,2023-04-02,0.2185526491488411,6.4,36.27142857142857,24.214285714285715,75.42857142857143,41.42,38.2187926306878,0.0256752284639636,0.0999999999999996,-35.02,-0.7335916100918596,0,14,11,0.0,0.1,0.04,0,0.013882245868444443,0.02555289834737778,0
Wa,Upper West,2023-04-09,0.2542561392865331,24.6,34.48571428571429,24.65714285714285,77.14285714285714,36.15,33.92205625544938,0.0438588268933668,12.6,-11.549999999999995,-0.4054331316012545,0,14,11,0.0,0.0,0.0,0,0.005504385568201542,0.002201754227280617,0
Wa,Upper West,2023-04-16,0.289959629424225,0.1,37.57142857142857,24.885714285714283,69.57142857142857,46.31,39.72344545672832,0.0535552352065379,-11.8,-46.21,-0.4162743338495794,0,14,11,0.005,0.3,0.123,0,0.0015763133997097611,0.0626305253598839,0
Wa,Upper West,2023-04-23,0.3256631195619169,0.8,37.457142857142856,26.24285714285714,72.57142857142857,46.51,37.77088578324225,0.0535552352065379,-7.175000000000001,-45.71,-0.6518583722718783,0,14,11,0.005,0.0,0.003,0,0.0013717747060582042,0.0025487098824232817,0
Wa,Upper West,2023-04-30,0.3613666096996089,9.5,34.84285714285714,24.642857142857142,82.0,38.19,35.53682710168195,0.0535552352065379,0.75,-28.69,-0.592184624244141,0,14,11,0.0,0.0,0.0,0,0.0033001627307385206,0.0013200650922954083,0
Wa,Upper West,2023-05-07,0.3970700998373009,28.0,33.528571428571425,23.957142857142856,87.42857142857143,35.42,33.30276842012165,0.0535552352065379,18.4,-7.420000000000002,-0.5532505674740694,0,14,11,0.0,0.0,0.0,0,0.007306225132197142,0.002922490052878857,0
Wa,Upper West,2023-05-14,0.4327735899749928,46.3,35.385714285714286,24.571428571428573,87.42857142857143,37.49,36.3341481444042,0.0535552352065379,25.15,8.809999999999995,-0.0345697433846384,0,14,11,0.0,0.0,0.0,0,0.0038392087444663048,0.001535683497786522,0
Wa,Upper West,2023-05-21,0.4684770801126848,14.8,32.18571428571429,24.057142857142857,89.42857142857143,32.54,33.03527982410702,0.0535552352065378,-9.849999999999998,-17.74,0.229107149559407,0,14,11,0.0,0.0,0.0,0,0.0005107508623041213,0.0002043003449216485,0
Wa,Upper West,2023-05-28,0.4335978811327216,6.9,32.614285714285714,23.81428571428572,92.28571428571428,34.33,31.541305258319085,0.0006182183682965,-17.1,-27.43,0.2409853363706154,0,14,11,0.0,0.2,0.08,0,0.00015513111429754645,0.040062052445719025,0
Wa,Upper West,2023-06-04,0.4409156032248247,5.7,32.51428571428572,24.31428571428572,88.71428571428571,33.84,33.43230496751568,-0.0030254353864812,-12.725,-28.14,0.0456551532529671,0,14,11,0.0,0.2,0.08,0,0.00012871848593931645,0.04005148739437574,0
Wa,Upper West,2023-06-11,0.448233325316928,9.6,32.15714285714286,23.6,89.14285714285714,32.57,28.090000000000032,0.0004273528701382,0.3499999999999996,-22.97,-0.2539391140963987,0,14,11,0.0,0.0,0.0,0,0.0003202842199243605,0.0001281136879697442,0
Wa,Upper West,2023-06-18,0.4555510474090312,23.1,30.7,23.0,92.57142857142856,29.39,27.97001242330504,0.0109765831381548,11.775000000000002,-6.289999999999999,-0.1459984482326404,0,14,11,0.0,0.0,0.0,0,0.0020650445949286222,0.0008260178379714489,0
Wa,Upper West,2023-06-25,0.4628687695011343,34.5,29.842857142857145,22.957142857142856,93.57142857142856,27.0,28.88018624995857,0.0109765831381548,16.275,7.5,0.1832912861447463,0,14,11,0.0,0.0,0.0,0,0.0017399778589606285,0.0006959911435842514,0
Wa,Upper West,2023-07-02,0.4701864915932376,37.8,28.97142857142857,22.385714285714283,95.85714285714286,24.36,29.790360076612103,0.0109765831381548,11.549999999999995,13.439999999999998,0.5752714509146216,0,14,11,0.0,0.0,0.0,0,0.0004552295140456408,0.00018209180561825635,0
Wa,Upper West,2023-07-09,0.4775042136853408,37.6,29.728571428571428,22.7,93.85714285714286,27.21,30.401594222849496,0.0109765831381548,4.349999999999994,10.389999999999992,0.8897605874399472,0,14,11,0.0,0.0,0.0,0,0.00011799816275015473,4.71992651000619e-05,0
Wa,Upper West,2023-07-16,0.469542234666935,39.4,29.228571428571428,22.75714285714286,95.14285714285714,23.92,31.01282836908689,-0.0004831926947269,2.075000000000003,15.479999999999997,1.0949892595669355,0,14,11,0.0,0.0,0.0,0,5.1967770559713244e-05,2.07871082238853e-05,0
Wa,Upper West,2023-07-23,0.4615802556485292,21.8,28.87142857142857,22.842857142857145,95.28571428571428,25.39,28.006178042763,-0.0081230432499814,-12.349999999999998,-3.59,0.9904423613635226,0,14,11,0.0,0.2,0.08,0,3.656986518763006e-05,0.04001462794607506,0
Wa,Upper West,2023-07-30,0.4536182766301234,38.1,29.542857142857144,22.75714285714286,95.85714285714286,25.9,28.42425184004048,-0.0119429685276086,3.875000000000007,12.2,0.9787527172001113,0,14,11,0.0,0.0,0.0,0,3.443628520471975e-05,1.3774514081887901e-05,0
Wa,Upper West,2023-08-06,0.4456562976117176,32.8,28.7,22.52857142857143,96.28571428571428,22.82,28.84232563731795,-0.0119429685276086,-0.2250000000000014,9.979999999999997,0.9748875929202736,0,14,11,0.0,0.0,0.0,0,3.4961685742018744e-05,1.3984674296807498e-05,0
Wa,Upper West,2023-08-13,0.4376943185933118,54.7,28.32857142857143,22.25714285714286,97.0,22.72,29.26039943459542,-0.0119429685276086,17.85000000000001,31.980000000000004,1.130435277352764,0,14,11,0.0,0.0,0.0,0,3.6523546441458166e-05,1.4609418576583268e-05,0
Wa,Upper West,2023-08-20,0.4297323395749061,47.2,28.47142857142857,21.914285714285715,96.71428571428572,24.03,29.678473231872896,-0.0119429685276086,4.0,23.169999999999995,1.3827053401050935,0,14,11,0.0,0.0,0.0,0,3.428934724070132e-05,1.3715738896280527e-05,0
Wa,Upper West,2023-08-27,0.4217703605565003,41.0,29.514285714285712,22.62857142857143,97.28571428571428,24.93,30.09654702915037,-0.0119429685276086,-2.924999999999997,16.07,1.4191883424538048,0,14,11,0.0,0.0,0.0,0,2.76590435532853e-05,1.106361742131412e-05,0
Wa,Upper West,2023-09-03,0.4138083815380945,52.4,29.014285714285712,22.12857142857143,97.0,25.89,26.05669386275042,-0.0119429685276086,3.575000000000003,26.51,1.5750188408579906,0,14,11,0.0,0.0,0.0,0,2.5318640837213024e-05,1.012745633488521e-05,0
Wa,Upper West,2023-09-10,0.4058464025196887,82.0,28.842857142857145,21.857142857142858,97.0,25.630000000000003,28.201642336426858,-0.0119429685276086,26.35,56.37,1.8049465998463805,0,14,11,0.0,0.0,0.0,0,2.3392882212647237e-05,9.357152885058895e-06,0
Wa,Upper West,2023-09-17,0.3978844235012829,55.7,29.057142857142857,22.457142857142856,96.85714285714286,26.14,29.97749454895813,-0.0119429685276086,-2.075000000000003,29.56,1.865185975817509,0,14,11,0.0,0.0,0.0,0,2.2878843083162792e-05,9.151537233265116e-06,0
Wa,Upper West,2023-09-24,0.3899224444828771,30.1,29.62857142857143,21.985714285714288,97.14285714285714,29.52,29.245604695535743,-0.0119429685276086,-24.950000000000006,0.5799999999999983,1.7191596950987649,0,14,11,0.0,0.2,0.08,0,2.151129228877835e-05,0.04000860451691552,0
Wa,Upper West,2023-10-01,0.3819604654644714,22.1,30.957142857142856,22.785714285714285,96.85714285714286,32.49,32.15425277044193,-0.0119429685276086,-25.375,-10.39,1.3712985099133777,0,14,11,0.0,0.2,0.08,0,2.0622204829123802e-05,0.040008248881931656,0
Wa,Upper West,2023-10-08,0.3739984864460656,29.7,29.342857142857145,22.52857142857143,97.14285714285714,25.48,25.56665005069289,-0.0119429685276086,-4.699999999999999,4.219999999999999,0.87967355578281,0,14,11,0.0,0.0,0.0,0,2.155398397007957e-05,8.621593588031829e-06,0
Wa,Upper West,2023-10-15,0.375602329107469,24.2,30.75714285714286,22.5,96.85714285714286,29.78,27.832597128860527,-0.0047686022677517,-2.325,-5.580000000000002,0.5484041236035552,0,14,11,0.0,0.0,0.0,0,2.992683403135743e-05,1.1970733612542973e-05,0
Wa,Upper West,2023-10-22,0.3772061717688725,4.6,31.842857142857145,22.557142857142857,93.42857142857144,31.34,30.09854420702817,1.4308572152899046e-05,-15.550000000000002,-26.74,0.2908548667129107,0,14,11,0.0,0.2,0.08,0,4.8064997827168554e-05,0.040019225999130874,0
Wa,Upper West,2023-10-29,0.378810014430276,11.6,32.871428571428574,22.685714285714287,86.14285714285714,34.14,33.844932713327296,0.0024057639921052,-5.924999999999997,-22.54,0.1763152081762589,0,14,11,0.0,0.0,0.0,0,7.550272857770324e-05,3.0201091431081298e-05,0
Wa,Upper West,2023-11-05,0.3804138570916795,0.3,33.48571428571429,23.414285714285715,82.28571428571429,34.8,33.308180669455055,0.0024057639921052,-9.875,-34.5,-0.1887033579586514,0,14,11,0.0,0.0,0.0,0,0.0001852557761594653,7.410231046378613e-05,0
Wa,Upper West,2023-11-12,0.382017699753083,0.6000000000000001,33.542857142857144,23.67142857142857,87.0,32.86,32.88050404983642,0.0024057639921051,-3.675,-32.26,-0.4402192501197932,0,14,11,0.005,0.0,0.003,0,0.0015549384988844395,0.002621975399553776,0
Wa,Upper West,2023-11-19,0.3836215424144865,0.0,33.91428571428571,22.014285714285712,70.85714285714286,38.53,34.92761482960356,0.0024057639921052,-3.1250000000000004,-38.53,-0.5513651409960997,0,14,11,0.0049473684210526,0.0,0.0029684210526315,0,0.00785588938742876,0.005121303123392544,0
Wa,Upper West,2023-11-26,0.3598571963709968,1.9,33.614285714285714,21.842857142857145,70.57142857142857,35.7,34.02408584894954,-0.0166203775365646,1.2,-33.800000000000004,-0.6575146517057872,0,14,11,0.0,0.0,0.0,0,0.03045949712395668,0.012183798849582672,0
Wa,Upper West,2023-12-03,0.3028314889973985,4.8,33.58571428571428,21.77142857142857,81.14285714285714,32.7,35.59178672967812,-0.0542504928865927,2.975,-27.899999999999995,-0.5952955779327909,0,14,11,0.037953246124031,0.3,0.1427719476744186,0,0.10328812897205353,0.11649655003843382,0
Wa,Upper West,2023-12-10,0.348797890223021,0.0,34.1,20.071428571428573,55.285714285714285,40.78,35.00113231150246,2.0860721545334915e-05,-1.6749999999999998,-40.78,-0.675614745894295,0,14,11,0.0099473684210526,0.0,0.0059684210526315,0,0.0956207737326622,0.04222725686148592,0
Wa,Upper West,2023-12-17,0.269845659754688,0.0,32.9,19.342857142857145,41.285714285714285,44.41,34.4104778933268,-0.050487399081838,-1.6749999999999998,-44.41,-0.7310462843466006,0,14,11,0.0542526661113444,0.3,0.1525515996668066,0,0.10611726343631744,0.12414797181906473,0
Wa,Upper West,2023-12-24,0.2803690411810353,0.0,33.27142857142857,19.87142857142857,32.285714285714285,48.16,34.46587232590758,-0.0200919788580004,-1.2,-48.16,-0.8664199054648161,0,14,11,0.0,0.0,0.0,0,0.403312623500824,0.1613250494003296,0
Wa,Upper West,2023-12-31,0.2525617002231646,0.0,33.72857142857143,19.6,36.42857142857143,46.26,35.74922035911504,-0.0353318726223125,0.0,-46.26,-1.0395020561424233,0,14,11,0.0143285378759851,0.4,0.1685971227255911,0,0.7999312877655029,0.40570393025659524,0
